,APO,,DATA,,,Global,Critical Data,Data documentation,Data governance,Data privacy,Data quality,Datalake Integration,Reference data,,,,,,,,,,,,,,,
,,Last Released Assessment,DATA,null,Score,0,0,0,0,0,0,0,0,,,,,,,,,,,,,,,
,,Last Released Assessment,DATA,null,Level,0,0,0,0,0,0,0,0,,,,,,,,,,,,,,,
,,Last Released Assessment -1,DATA,null,Score,0,0,0,0,0,0,0,0,,,,,,,,,,,,,,,
,,Last Released Assessment -1,DATA,null,Level,0,0,0,0,0,0,0,0,,,,,,,,,,,,,,,
,,Last Pending Assessment snapshot,DATA,null,Percentage,0,0,0,0,0,0,0,0,,,,,,,,,,,,,,,
,,Last Pending Assessment snapshot -1,DATA,null,Percentage,0,0,0,0,0,0,0,0,,,,,,,,,,,,,,,
,APO,Unknown - ???,DELIVERY,,,Global,Accelerate,Application Configuration Management,Chaos Engineering,Continous Integration,Continuous Deployment,Database Control,Documentation,Service Availability,Workflows,,,,,,,,,,,,,
,,Last Released Assessment,DELIVERY,2022-12-31,Score,0,0,0,0,0,0,0,0,0,0,,,,,,,,,,,,,
,,Last Released Assessment,DELIVERY,2022-12-31,Level,0,0,0,0,0,0,0,0,0,0,,,,,,,,,,,,,
,,Last Released Assessment -1,DELIVERY,null,Score,0,0,0,0,0,0,0,0,0,0,,,,,,,,,,,,,
,,Last Released Assessment -1,DELIVERY,null,Level,0,0,0,0,0,0,0,0,0,0,,,,,,,,,,,,,
,,Last Pending Assessment snapshot,DELIVERY,null,Percentage,0,0,0,0,0,0,0,0,0,0,,,,,,,,,,,,,
,,Last Pending Assessment snapshot -1,DELIVERY,null,Percentage,0,0,0,0,0,0,0,0,0,0,,,,,,,,,,,,,
,APO,,DESIGN,,,Global,Design,Design for all,Documentation,Libraries & plugins,Prototype,Tools,Workflow,,,,,,,,,,,,,,,
,,Last Released Assessment,DESIGN,null,Score,0,0,0,0,0,0,0,0,,,,,,,,,,,,,,,
,,Last Released Assessment,DESIGN,null,Level,0,0,0,0,0,0,0,0,,,,,,,,,,,,,,,
,,Last Released Assessment -1,DESIGN,null,Score,0,0,0,0,0,0,0,0,,,,,,,,,,,,,,,
,,Last Released Assessment -1,DESIGN,null,Level,0,0,0,0,0,0,0,0,,,,,,,,,,,,,,,
,,Last Pending Assessment snapshot,DESIGN,null,Percentage,0,0,0,0,0,0,0,0,,,,,,,,,,,,,,,
,,Last Pending Assessment snapshot -1,DESIGN,null,Percentage,0,0,0,0,0,0,0,0,,,,,,,,,,,,,,,
,APO,Unknown - ???,DEV,,,Global,API,Analytics,Architecture Decision Record,Authentication,BFF,Business & strategy,Code Management,Data Factory,Data Management,Delivery,Design System,Documentation,Model Management,Observability,Performance,Reliability,Software Design,Source Control,System Design Documents,Team,Tech Radar,Versionning
,,Last Released Assessment,DEV,2022-12-31,Score,0,0,0,0,0,0,0,0,0,0,0,0,0,0,0,0,0,0,0,0,0,0,0
,,Last Released Assessment,DEV,2022-12-31,Level,0,0,0,0,0,0,0,0,0,0,0,0,0,0,0,0,0,0,0,0,0,0,0
,,Last Released Assessment -1,DEV,null,Score,0,0,0,0,0,0,0,0,0,0,0,0,0,0,0,0,0,0,0,0,0,0,0
,,Last Released Assessment -1,DEV,null,Level,0,0,0,0,0,0,0,0,0,0,0,0,0,0,0,0,0,0,0,0,0,0,0
,,Last Pending Assessment snapshot,DEV,null,Percentage,0,0,0,0,0,0,0,0,0,0,0,0,0,0,0,0,0,0,0,0,0,0,0
,,Last Pending Assessment snapshot -1,DEV,null,Percentage,0,0,0,0,0,0,0,0,0,0,0,0,0,0,0,0,0,0,0,0,0,0,0
,APO,Unknown - ???,INFRA,,,Global,Cloud Native Design,Configuration / Infra Management,Database Management,Hosting Solution,Reproducibility,Secrets Management,Security,Storage Management (for unstructured data),,,,,,,,,,,,,,
,,Last Released Assessment,INFRA,2022-12-31,Score,0,0,0,0,0,0,0,0,0,,,,,,,,,,,,,,
,,Last Released Assessment,INFRA,2022-12-31,Level,0,0,0,0,0,0,0,0,0,,,,,,,,,,,,,,
,,Last Released Assessment -1,INFRA,null,Score,0,0,0,0,0,0,0,0,0,,,,,,,,,,,,,,
,,Last Released Assessment -1,INFRA,null,Level,0,0,0,0,0,0,0,0,0,,,,,,,,,,,,,,
,,Last Pending Assessment snapshot,INFRA,null,Percentage,0,0,0,0,0,0,0,0,0,,,,,,,,,,,,,,
,,Last Pending Assessment snapshot -1,INFRA,null,Percentage,0,0,0,0,0,0,0,0,0,,,,,,,,,,,,,,
,APO,Unknown - ???,OPERATION,,,Global,Availability / Risk Management,Change Management,Event Management,Incident Management,Knowledge / Continuous Improvement Management,Problem Management,Service Catalog Management,Service Level Management,Service Request Management,,,,,,,,,,,,,
,,Last Released Assessment,OPERATION,2022-12-31,Score,0,0,0,0,0,0,0,0,0,0,,,,,,,,,,,,,
,,Last Released Assessment,OPERATION,2022-12-31,Level,0,0,0,0,0,0,0,0,0,0,,,,,,,,,,,,,
,,Last Released Assessment -1,OPERATION,null,Score,0,0,0,0,0,0,0,0,0,0,,,,,,,,,,,,,
,,Last Released Assessment -1,OPERATION,null,Level,0,0,0,0,0,0,0,0,0,0,,,,,,,,,,,,,
,,Last Pending Assessment snapshot,OPERATION,null,Percentage,0,0,0,0,0,0,0,0,0,0,,,,,,,,,,,,,
,,Last Pending Assessment snapshot -1,OPERATION,null,Percentage,0,0,0,0,0,0,0,0,0,0,,,,,,,,,,,,,
,APO,,PROCESS_PRACTICES,,,Global,Culture,Lean Management,Product & Process,User needs,,,,,,,,,,,,,,,,,,
,,Last Released Assessment,PROCESS_PRACTICES,null,Score,0,0,0,0,0,,,,,,,,,,,,,,,,,,
,,Last Released Assessment,PROCESS_PRACTICES,null,Level,0,0,0,0,0,,,,,,,,,,,,,,,,,,
,,Last Released Assessment -1,PROCESS_PRACTICES,null,Score,0,0,0,0,0,,,,,,,,,,,,,,,,,,
,,Last Released Assessment -1,PROCESS_PRACTICES,null,Level,0,0,0,0,0,,,,,,,,,,,,,,,,,,
,,Last Pending Assessment snapshot,PROCESS_PRACTICES,null,Percentage,0,0,0,0,0,,,,,,,,,,,,,,,,,,
,,Last Pending Assessment snapshot -1,PROCESS_PRACTICES,null,Percentage,0,0,0,0,0,,,,,,,,,,,,,,,,,,
,APO,Unknown - ???,QUALITY,,,Global,Integration Tests,Organization,Performance Tests,Practices,Qualimetry,Static Code Analysis,Unit Tests,,,,,,,,,,,,,,,
,,Last Released Assessment,QUALITY,2022-12-31,Score,0,0,0,0,0,0,0,0,,,,,,,,,,,,,,,
,,Last Released Assessment,QUALITY,2022-12-31,Level,0,0,0,0,0,0,0,0,,,,,,,,,,,,,,,
,,Last Released Assessment -1,QUALITY,null,Score,0,0,0,0,0,0,0,0,,,,,,,,,,,,,,,
,,Last Released Assessment -1,QUALITY,null,Level,0,0,0,0,0,0,0,0,,,,,,,,,,,,,,,
,,Last Pending Assessment snapshot,QUALITY,null,Percentage,0,0,0,0,0,0,0,0,,,,,,,,,,,,,,,
,,Last Pending Assessment snapshot -1,QUALITY,null,Percentage,0,0,0,0,0,0,0,0,,,,,,,,,,,,,,,
,APO,,SECURITY,,,Global,Code/Build,Design,Operate/Monitor,Organisation,Requirement,Test,,,,,,,,,,,,,,,,
,,Last Released Assessment,SECURITY,null,Score,0,0,0,0,0,0,0,,,,,,,,,,,,,,,,
,,Last Released Assessment,SECURITY,null,Level,0,0,0,0,0,0,0,,,,,,,,,,,,,,,,
,,Last Released Assessment -1,SECURITY,null,Score,0,0,0,0,0,0,0,,,,,,,,,,,,,,,,
,,Last Released Assessment -1,SECURITY,null,Level,0,0,0,0,0,0,0,,,,,,,,,,,,,,,,
,,Last Pending Assessment snapshot,SECURITY,null,Percentage,0,0,0,0,0,0,0,,,,,,,,,,,,,,,,
,,Last Pending Assessment snapshot -1,SECURITY,null,Percentage,0,0,0,0,0,0,0,,,,,,,,,,,,,,,,
,APO,,STREAMING,,,Global,Event Streams,Infrastructure,Observability,Security,,,,,,,,,,,,,,,,,,
,,Last Released Assessment,STREAMING,null,Score,0,0,0,0,0,,,,,,,,,,,,,,,,,,
,,Last Released Assessment,STREAMING,null,Level,0,0,0,0,0,,,,,,,,,,,,,,,,,,
,,Last Released Assessment -1,STREAMING,null,Score,0,0,0,0,0,,,,,,,,,,,,,,,,,,
,,Last Released Assessment -1,STREAMING,null,Level,0,0,0,0,0,,,,,,,,,,,,,,,,,,
,,Last Pending Assessment snapshot,STREAMING,null,Percentage,0,0,0,0,0,,,,,,,,,,,,,,,,,,
,,Last Pending Assessment snapshot -1,STREAMING,null,Percentage,0,0,0,0,0,,,,,,,,,,,,,,,,,,
,APO,,ACCESSIBILITY,,,Global,Accessibility,,,,,,,,,,,,,,,,,,,,,
,,Last Released Assessment,ACCESSIBILITY,null,Score,0,0,,,,,,,,,,,,,,,,,,,,,
,,Last Released Assessment,ACCESSIBILITY,null,Level,0,0,,,,,,,,,,,,,,,,,,,,,
,,Last Released Assessment -1,ACCESSIBILITY,null,Score,0,0,,,,,,,,,,,,,,,,,,,,,
,,Last Released Assessment -1,ACCESSIBILITY,null,Level,0,0,,,,,,,,,,,,,,,,,,,,,
,,Last Pending Assessment snapshot,ACCESSIBILITY,null,Percentage,0,0,,,,,,,,,,,,,,,,,,,,,
,,Last Pending Assessment snapshot -1,ACCESSIBILITY,null,Percentage,0,0,,,,,,,,,,,,,,,,,,,,,
,AVAILABLE_SHIPMENT,Sebastien Guisse,DATA,,,Global,Critical Data,Data documentation,Data governance,Data privacy,Data quality,Datalake Integration,Reference data,,,,,,,,,,,,,,,
,,Last Released Assessment,DATA,2025-12-10,Score,"2,167",0,"2,5","1,5",0,"1,25",0,"3,75",,,,,,,,,,,,,,,
,,Last Released Assessment,DATA,2025-12-10,Level,0,0,1,0,0,0,0,3,,,,,,,,,,,,,,,
,,Last Released Assessment -1,DATA,2025-04-11,Score,"2,167",0,"2,5","1,5",0,"1,25",0,"3,75",,,,,,,,,,,,,,,
,,Last Released Assessment -1,DATA,2025-04-11,Level,0,0,1,0,0,0,0,3,,,,,,,,,,,,,,,
,,Last Pending Assessment snapshot,DATA,null,Percentage,0,0,0,0,0,0,0,0,,,,,,,,,,,,,,,
,,Last Pending Assessment snapshot -1,DATA,null,Percentage,0,0,0,0,0,0,0,0,,,,,,,,,,,,,,,
,AVAILABLE_SHIPMENT,Sebastien Guisse,DELIVERY,,,Global,Accelerate,Application Configuration Management,Chaos Engineering,Continous Integration,Continuous Deployment,Database Control,Documentation,Service Availability,Workflows,,,,,,,,,,,,,
,,Last Released Assessment,DELIVERY,2025-12-10,Score,"3,746",5,5,"3,333",5,"3,667","3,333",0,3,0,,,,,,,,,,,,,
,,Last Released Assessment,DELIVERY,2025-12-10,Level,1,5,4,4,2,2,2,0,3,0,,,,,,,,,,,,,
,,Last Released Assessment -1,DELIVERY,2025-04-11,Score,"3,746",5,5,"3,333",5,"3,667","3,333",0,3,0,,,,,,,,,,,,,
,,Last Released Assessment -1,DELIVERY,2025-04-11,Level,1,5,4,4,2,2,2,0,3,0,,,,,,,,,,,,,
,,Last Pending Assessment snapshot,DELIVERY,null,Percentage,0,0,0,0,0,0,0,0,0,0,,,,,,,,,,,,,
,,Last Pending Assessment snapshot -1,DELIVERY,null,Percentage,0,0,0,0,0,0,0,0,0,0,,,,,,,,,,,,,
,AVAILABLE_SHIPMENT,,DESIGN,,,Global,Design,Design for all,Documentation,Libraries & plugins,Prototype,Tools,Workflow,,,,,,,,,,,,,,,
,,Last Released Assessment,DESIGN,null,Score,0,0,0,0,0,0,0,0,,,,,,,,,,,,,,,
,,Last Released Assessment,DESIGN,null,Level,0,0,0,0,0,0,0,0,,,,,,,,,,,,,,,
,,Last Released Assessment -1,DESIGN,null,Score,0,0,0,0,0,0,0,0,,,,,,,,,,,,,,,
,,Last Released Assessment -1,DESIGN,null,Level,0,0,0,0,0,0,0,0,,,,,,,,,,,,,,,
,,Last Pending Assessment snapshot,DESIGN,null,Percentage,0,0,0,0,0,0,0,0,,,,,,,,,,,,,,,
,,Last Pending Assessment snapshot -1,DESIGN,null,Percentage,0,0,0,0,0,0,0,0,,,,,,,,,,,,,,,
,AVAILABLE_SHIPMENT,Sebastien Guisse,DEV,,,Global,API,Analytics,Architecture Decision Record,Authentication,BFF,Business & strategy,Code Management,Data Factory,Data Management,Delivery,Design System,Documentation,Model Management,Observability,Performance,Reliability,Software Design,Source Control,System Design Documents,Team,Tech Radar,Versionning
,,Last Released Assessment,DEV,2025-12-10,Score,"3,679","3,75",0,0,0,0,0,0,0,0,0,0,0,0,5,0,"3,5",0,"3,75",0,5,5,0
,,Last Released Assessment,DEV,2025-12-10,Level,3,3,0,0,0,0,0,0,0,0,0,0,0,0,5,0,3,0,3,0,3,4,0
,,Last Released Assessment -1,DEV,2025-04-11,Score,"3,679","3,75",0,0,0,0,0,0,0,0,0,0,0,0,5,0,"3,5",0,"3,75",0,5,5,0
,,Last Released Assessment -1,DEV,2025-04-11,Level,3,3,0,0,0,0,0,0,0,0,0,0,0,0,5,0,3,0,3,0,3,4,0
,,Last Pending Assessment snapshot,DEV,null,Percentage,0,0,0,0,0,0,0,0,0,0,0,0,0,0,0,0,0,0,0,0,0,0,0
,,Last Pending Assessment snapshot -1,DEV,null,Percentage,0,0,0,0,0,0,0,0,0,0,0,0,0,0,0,0,0,0,0,0,0,0,0
,AVAILABLE_SHIPMENT,Sebastien Guisse,INFRA,,,Global,Cloud Native Design,Configuration / Infra Management,Database Management,Hosting Solution,Reproducibility,Secrets Management,Security,Storage Management (for unstructured data),,,,,,,,,,,,,,
,,Last Released Assessment,INFRA,2025-12-10,Score,4,5,5,4,5,0,4,0,5,,,,,,,,,,,,,,
,,Last Released Assessment,INFRA,2025-12-10,Level,4,4,3,4,4,0,4,0,3,,,,,,,,,,,,,,
,,Last Released Assessment -1,INFRA,2025-04-11,Score,4,5,5,4,5,0,4,0,5,,,,,,,,,,,,,,
,,Last Released Assessment -1,INFRA,2025-04-11,Level,4,4,3,4,4,0,4,0,3,,,,,,,,,,,,,,
,,Last Pending Assessment snapshot,INFRA,null,Percentage,0,0,0,0,0,0,0,0,0,,,,,,,,,,,,,,
,,Last Pending Assessment snapshot -1,INFRA,null,Percentage,0,0,0,0,0,0,0,0,0,,,,,,,,,,,,,,
,AVAILABLE_SHIPMENT,Sebastien Guisse,OPERATION,,,Global,Availability / Risk Management,Change Management,Event Management,Incident Management,Knowledge / Continuous Improvement Management,Problem Management,Service Catalog Management,Service Level Management,Service Request Management,,,,,,,,,,,,,
,,Last Released Assessment,OPERATION,2025-12-10,Score,"4,611","3,542","4,083",5,"4,688",5,5,5,"4,688",5,,,,,,,,,,,,,
,,Last Released Assessment,OPERATION,2025-12-10,Level,2,2,2,5,3,5,5,4,4,5,,,,,,,,,,,,,
,,Last Released Assessment -1,OPERATION,2025-04-11,Score,"4,611","3,542","4,083",5,"4,688",5,5,5,"4,688",5,,,,,,,,,,,,,
,,Last Released Assessment -1,OPERATION,2025-04-11,Level,2,2,2,5,3,5,5,4,4,5,,,,,,,,,,,,,
,,Last Pending Assessment snapshot,OPERATION,null,Percentage,0,0,0,0,0,0,0,0,0,0,,,,,,,,,,,,,
,,Last Pending Assessment snapshot -1,OPERATION,null,Percentage,0,0,0,0,0,0,0,0,0,0,,,,,,,,,,,,,
,AVAILABLE_SHIPMENT,Sebastien Guisse,PROCESS_PRACTICES,,,Global,Culture,Lean Management,Product & Process,User needs,,,,,,,,,,,,,,,,,,
,,Last Released Assessment,PROCESS_PRACTICES,2025-12-10,Score,"4,064","4,444","4,111","4,306","3,611",,,,,,,,,,,,,,,,,,
,,Last Released Assessment,PROCESS_PRACTICES,2025-12-10,Level,0,2,0,0,1,,,,,,,,,,,,,,,,,,
,,Last Released Assessment -1,PROCESS_PRACTICES,2025-04-11,Score,"4,064","4,444","4,111","4,306","3,611",,,,,,,,,,,,,,,,,,
,,Last Released Assessment -1,PROCESS_PRACTICES,2025-04-11,Level,0,2,0,0,1,,,,,,,,,,,,,,,,,,
,,Last Pending Assessment snapshot,PROCESS_PRACTICES,null,Percentage,0,0,0,0,0,,,,,,,,,,,,,,,,,,
,,Last Pending Assessment snapshot -1,PROCESS_PRACTICES,null,Percentage,0,0,0,0,0,,,,,,,,,,,,,,,,,,
,AVAILABLE_SHIPMENT,Sebastien Guisse,QUALITY,,,Global,Integration Tests,Organization,Performance Tests,Practices,Qualimetry,Static Code Analysis,Unit Tests,,,,,,,,,,,,,,,
,,Last Released Assessment,QUALITY,2025-12-10,Score,"3,381","3,333",5,"2,5",4,"3,333",5,5,,,,,,,,,,,,,,,
,,Last Released Assessment,QUALITY,2025-12-10,Level,2,2,3,2,4,2,4,4,,,,,,,,,,,,,,,
,,Last Released Assessment -1,QUALITY,2025-04-11,Score,"3,381","3,333",5,"2,5",4,"3,333",5,5,,,,,,,,,,,,,,,
,,Last Released Assessment -1,QUALITY,2025-04-11,Level,2,2,3,2,4,2,4,4,,,,,,,,,,,,,,,
,,Last Pending Assessment snapshot,QUALITY,null,Percentage,0,0,0,0,0,0,0,0,,,,,,,,,,,,,,,
,,Last Pending Assessment snapshot -1,QUALITY,null,Percentage,0,0,0,0,0,0,0,0,,,,,,,,,,,,,,,
,AVAILABLE_SHIPMENT,Sebastien Guisse,SECURITY,,,Global,Code/Build,Design,Operate/Monitor,Organisation,Requirement,Test,,,,,,,,,,,,,,,,
,,Last Released Assessment,SECURITY,2025-12-10,Score,"2,819","3,3","1,667","3,333","4,167",0,5,,,,,,,,,,,,,,,,
,,Last Released Assessment,SECURITY,2025-12-10,Level,0,2,1,3,0,0,3,,,,,,,,,,,,,,,,
,,Last Released Assessment -1,SECURITY,2025-04-11,Score,"2,819","3,3","1,667","3,333","4,167",0,5,,,,,,,,,,,,,,,,
,,Last Released Assessment -1,SECURITY,2025-04-11,Level,0,2,1,3,0,0,3,,,,,,,,,,,,,,,,
,,Last Pending Assessment snapshot,SECURITY,null,Percentage,0,0,0,0,0,0,0,,,,,,,,,,,,,,,,
,,Last Pending Assessment snapshot -1,SECURITY,null,Percentage,0,0,0,0,0,0,0,,,,,,,,,,,,,,,,
,AVAILABLE_SHIPMENT,,STREAMING,,,Global,Event Streams,Infrastructure,Observability,Security,,,,,,,,,,,,,,,,,,
,,Last Released Assessment,STREAMING,null,Score,0,0,0,0,0,,,,,,,,,,,,,,,,,,
,,Last Released Assessment,STREAMING,null,Level,0,0,0,0,0,,,,,,,,,,,,,,,,,,
,,Last Released Assessment -1,STREAMING,null,Score,0,0,0,0,0,,,,,,,,,,,,,,,,,,
,,Last Released Assessment -1,STREAMING,null,Level,0,0,0,0,0,,,,,,,,,,,,,,,,,,
,,Last Pending Assessment snapshot,STREAMING,null,Percentage,0,0,0,0,0,,,,,,,,,,,,,,,,,,
,,Last Pending Assessment snapshot -1,STREAMING,null,Percentage,0,0,0,0,0,,,,,,,,,,,,,,,,,,
,AVAILABLE_SHIPMENT,,ACCESSIBILITY,,,Global,Accessibility,,,,,,,,,,,,,,,,,,,,,
,,Last Released Assessment,ACCESSIBILITY,null,Score,0,0,,,,,,,,,,,,,,,,,,,,,
,,Last Released Assessment,ACCESSIBILITY,null,Level,0,0,,,,,,,,,,,,,,,,,,,,,
,,Last Released Assessment -1,ACCESSIBILITY,null,Score,0,0,,,,,,,,,,,,,,,,,,,,,
,,Last Released Assessment -1,ACCESSIBILITY,null,Level,0,0,,,,,,,,,,,,,,,,,,,,,
,,Last Pending Assessment snapshot,ACCESSIBILITY,null,Percentage,0,0,,,,,,,,,,,,,,,,,,,,,
,,Last Pending Assessment snapshot -1,ACCESSIBILITY,null,Percentage,0,0,,,,,,,,,,,,,,,,,,,,,
,BOM_MANAGER,Théo Plouvin,DATA,,,Global,Critical Data,Data documentation,Data governance,Data privacy,Data quality,Datalake Integration,Reference data,,,,,,,,,,,,,,,
,,Last Released Assessment,DATA,2026-08-27,Score,"1,667",0,0,"3,125",0,0,0,0,,,,,,,,,,,,,,,
,,Last Released Assessment,DATA,2026-08-27,Level,0,0,0,1,0,0,0,0,,,,,,,,,,,,,,,
,,Last Released Assessment -1,DATA,2026-06-11,Score,"1,042",0,0,"1,875",0,0,0,0,,,,,,,,,,,,,,,
,,Last Released Assessment -1,DATA,2026-06-11,Level,0,0,0,1,0,0,0,0,,,,,,,,,,,,,,,
,,Last Pending Assessment snapshot,DATA,null,Percentage,0,0,0,0,0,0,0,0,,,,,,,,,,,,,,,
,,Last Pending Assessment snapshot -1,DATA,null,Percentage,0,0,0,0,0,0,0,0,,,,,,,,,,,,,,,
,BOM_MANAGER,Théo Plouvin,DELIVERY,,,Global,Accelerate,Application Configuration Management,Chaos Engineering,Continous Integration,Continuous Deployment,Database Control,Documentation,Service Availability,Workflows,,,,,,,,,,,,,
,,Last Released Assessment,DELIVERY,2026-08-27,Score,"4,167","2,5",5,0,5,"4,5",5,0,5,0,,,,,,,,,,,,,
,,Last Released Assessment,DELIVERY,2026-08-27,Level,2,2,3,0,5,4,3,0,3,0,,,,,,,,,,,,,
,,Last Released Assessment -1,DELIVERY,2025-07-28,Score,"3,556","3,5",5,2,5,4,5,0,5,5,,,,,,,,,,,,,
,,Last Released Assessment -1,DELIVERY,2025-07-28,Level,2,3,4,2,2,4,3,0,3,2,,,,,,,,,,,,,
,,Last Pending Assessment snapshot,DELIVERY,null,Percentage,0,0,0,0,0,0,0,0,0,0,,,,,,,,,,,,,
,,Last Pending Assessment snapshot -1,DELIVERY,null,Percentage,0,0,0,0,0,0,0,0,0,0,,,,,,,,,,,,,
,BOM_MANAGER,,DESIGN,,,Global,Design,Design for all,Documentation,Libraries & plugins,Prototype,Tools,Workflow,,,,,,,,,,,,,,,
,,Last Released Assessment,DESIGN,null,Score,0,0,0,0,0,0,0,0,,,,,,,,,,,,,,,
,,Last Released Assessment,DESIGN,null,Level,0,0,0,0,0,0,0,0,,,,,,,,,,,,,,,
,,Last Released Assessment -1,DESIGN,null,Score,0,0,0,0,0,0,0,0,,,,,,,,,,,,,,,
,,Last Released Assessment -1,DESIGN,null,Level,0,0,0,0,0,0,0,0,,,,,,,,,,,,,,,
,,Last Pending Assessment snapshot,DESIGN,null,Percentage,0,0,0,0,0,0,0,0,,,,,,,,,,,,,,,
,,Last Pending Assessment snapshot -1,DESIGN,null,Percentage,0,0,0,0,0,0,0,0,,,,,,,,,,,,,,,
,BOM_MANAGER,Théo Plouvin,DEV,,,Global,API,Analytics,Architecture Decision Record,Authentication,BFF,Business & strategy,Code Management,Data Factory,Data Management,Delivery,Design System,Documentation,Model Management,Observability,Performance,Reliability,Software Design,Source Control,System Design Documents,Team,Tech Radar,Versionning
,,Last Released Assessment,DEV,2026-08-27,Score,"3,618","2,5",0,"1,25",0,0,0,0,0,0,0,0,0,0,3,0,"3,333",0,5,"4,375",5,5,0
,,Last Released Assessment,DEV,2026-08-27,Level,1,1,0,1,0,0,0,0,0,0,0,0,0,0,1,0,1,0,4,3,2,3,0
,,Last Released Assessment -1,DEV,2024-10-24,Score,"3,255","3,75",0,0,0,0,0,0,0,0,0,0,0,0,"1,667",0,0,0,"3,542",0,"2,188",5,0
,,Last Released Assessment -1,DEV,2024-10-24,Level,1,3,0,0,0,0,0,0,0,0,0,0,0,0,2,0,0,0,1,0,1,5,0
,,Last Pending Assessment snapshot,DEV,null,Percentage,0,0,0,0,0,0,0,0,0,0,0,0,0,0,0,0,0,0,0,0,0,0,0
,,Last Pending Assessment snapshot -1,DEV,null,Percentage,0,0,0,0,0,0,0,0,0,0,0,0,0,0,0,0,0,0,0,0,0,0,0
,BOM_MANAGER,Théo Plouvin,INFRA,,,Global,Cloud Native Design,Configuration / Infra Management,Database Management,Hosting Solution,Reproducibility,Secrets Management,Security,Storage Management (for unstructured data),,,,,,,,,,,,,,
,,Last Released Assessment,INFRA,2026-08-27,Score,"3,791",4,"4,167","2,333",5,0,4,0,5,,,,,,,,,,,,,,
,,Last Released Assessment,INFRA,2026-08-27,Level,0,4,2,0,4,0,3,0,5,,,,,,,,,,,,,,
,,Last Released Assessment -1,INFRA,2024-10-23,Score,"4,667",5,5,5,5,0,4,0,5,,,,,,,,,,,,,,
,,Last Released Assessment -1,INFRA,2024-10-23,Level,4,4,3,5,4,0,4,0,5,,,,,,,,,,,,,,
,,Last Pending Assessment snapshot,INFRA,null,Percentage,0,0,0,0,0,0,0,0,0,,,,,,,,,,,,,,
,,Last Pending Assessment snapshot -1,INFRA,null,Percentage,0,0,0,0,0,0,0,0,0,,,,,,,,,,,,,,
,BOM_MANAGER,Hugo Moulart,OPERATION,,,Global,Availability / Risk Management,Change Management,Event Management,Incident Management,Knowledge / Continuous Improvement Management,Problem Management,Service Catalog Management,Service Level Management,Service Request Management,,,,,,,,,,,,,
,,Last Released Assessment,OPERATION,2024-10-24,Score,"2,429","1,667","1,917",2,"3,867",1,4,"1,667",2,"3,333",,,,,,,,,,,,,
,,Last Released Assessment,OPERATION,2024-10-24,Level,1,1,1,2,2,1,4,1,2,3,,,,,,,,,,,,,
,,Last Released Assessment -1,OPERATION,2024-04-19,Score,"2,332",1,"1,917",2,"3,867",1,4,"1,667",2,"3,333",,,,,,,,,,,,,
,,Last Released Assessment -1,OPERATION,2024-04-19,Level,1,1,1,2,2,1,4,1,2,3,,,,,,,,,,,,,
,,Last Pending Assessment snapshot,OPERATION,null,Percentage,0,0,0,0,0,0,0,0,0,0,,,,,,,,,,,,,
,,Last Pending Assessment snapshot -1,OPERATION,null,Percentage,0,0,0,0,0,0,0,0,0,0,,,,,,,,,,,,,
,BOM_MANAGER,Théo Plouvin,PROCESS_PRACTICES,,,Global,Culture,Lean Management,Product & Process,User needs,,,,,,,,,,,,,,,,,,
,,Last Released Assessment,PROCESS_PRACTICES,2026-08-27,Score,"3,651","4,444","3,333","3,472","2,778",,,,,,,,,,,,,,,,,,
,,Last Released Assessment,PROCESS_PRACTICES,2026-08-27,Level,1,2,2,1,1,,,,,,,,,,,,,,,,,,
,,Last Released Assessment -1,PROCESS_PRACTICES,2026-06-11,Score,"3,323","4,444","3,333","3,194","1,389",,,,,,,,,,,,,,,,,,
,,Last Released Assessment -1,PROCESS_PRACTICES,2026-06-11,Level,0,2,2,0,0,,,,,,,,,,,,,,,,,,
,,Last Pending Assessment snapshot,PROCESS_PRACTICES,null,Percentage,0,0,0,0,0,,,,,,,,,,,,,,,,,,
,,Last Pending Assessment snapshot -1,PROCESS_PRACTICES,null,Percentage,0,0,0,0,0,,,,,,,,,,,,,,,,,,
,BOM_MANAGER,Théo Plouvin,QUALITY,,,Global,Integration Tests,Organization,Performance Tests,Practices,Qualimetry,Static Code Analysis,Unit Tests,,,,,,,,,,,,,,,
,,Last Released Assessment,QUALITY,2026-08-27,Score,"2,882","3,125","3,333",0,4,5,"3,75","3,75",,,,,,,,,,,,,,,
,,Last Released Assessment,QUALITY,2026-08-27,Level,0,1,1,0,4,4,3,3,,,,,,,,,,,,,,,
,,Last Released Assessment -1,QUALITY,2024-10-23,Score,"1,994","1,389","1,667",0,"2,667",0,5,5,,,,,,,,,,,,,,,
,,Last Released Assessment -1,QUALITY,2024-10-23,Level,0,0,1,0,1,0,4,4,,,,,,,,,,,,,,,
,,Last Pending Assessment snapshot,QUALITY,null,Percentage,0,0,0,0,0,0,0,0,,,,,,,,,,,,,,,
,,Last Pending Assessment snapshot -1,QUALITY,null,Percentage,0,0,0,0,0,0,0,0,,,,,,,,,,,,,,,
,BOM_MANAGER,Hugo Moulart,SECURITY,,,Global,Code/Build,Design,Operate/Monitor,Organisation,Requirement,Test,,,,,,,,,,,,,,,,
,,Last Released Assessment,SECURITY,2024-10-23,Score,"2,563","2,813","1,667","1,667",5,0,"1,25",,,,,,,,,,,,,,,,
,,Last Released Assessment,SECURITY,2024-10-23,Level,0,1,1,1,3,0,0,,,,,,,,,,,,,,,,
,,Last Released Assessment -1,SECURITY,2024-04-19,Score,"2,185","2,292","1,667","0,833",5,0,"1,25",,,,,,,,,,,,,,,,
,,Last Released Assessment -1,SECURITY,2024-04-19,Level,0,1,1,0,3,0,0,,,,,,,,,,,,,,,,
,,Last Pending Assessment snapshot,SECURITY,null,Percentage,0,0,0,0,0,0,0,,,,,,,,,,,,,,,,
,,Last Pending Assessment snapshot -1,SECURITY,null,Percentage,0,0,0,0,0,0,0,,,,,,,,,,,,,,,,
,BOM_MANAGER,Théo Plouvin,STREAMING,,,Global,Event Streams,Infrastructure,Observability,Security,,,,,,,,,,,,,,,,,,
,,Last Released Assessment,STREAMING,2026-08-27,Score,"2,9","3,875","2,5",2,5,,,,,,,,,,,,,,,,,,
,,Last Released Assessment,STREAMING,2026-08-27,Level,1,1,2,2,4,,,,,,,,,,,,,,,,,,
,,Last Released Assessment -1,STREAMING,null,Score,0,0,0,0,0,,,,,,,,,,,,,,,,,,
,,Last Released Assessment -1,STREAMING,null,Level,0,0,0,0,0,,,,,,,,,,,,,,,,,,
,,Last Pending Assessment snapshot,STREAMING,null,Percentage,0,0,0,0,0,,,,,,,,,,,,,,,,,,
,,Last Pending Assessment snapshot -1,STREAMING,null,Percentage,0,0,0,0,0,,,,,,,,,,,,,,,,,,
,BOM_MANAGER,,ACCESSIBILITY,,,Global,Accessibility,,,,,,,,,,,,,,,,,,,,,
,,Last Released Assessment,ACCESSIBILITY,null,Score,0,0,,,,,,,,,,,,,,,,,,,,,
,,Last Released Assessment,ACCESSIBILITY,null,Level,0,0,,,,,,,,,,,,,,,,,,,,,
,,Last Released Assessment -1,ACCESSIBILITY,null,Score,0,0,,,,,,,,,,,,,,,,,,,,,
,,Last Released Assessment -1,ACCESSIBILITY,null,Level,0,0,,,,,,,,,,,,,,,,,,,,,
,,Last Pending Assessment snapshot,ACCESSIBILITY,null,Percentage,0,0,,,,,,,,,,,,,,,,,,,,,
,,Last Pending Assessment snapshot -1,ACCESSIBILITY,null,Percentage,0,0,,,,,,,,,,,,,,,,,,,,,
,DPCP_FORCAST,Jimmy Cheng,DATA,,,Global,Critical Data,Data documentation,Data governance,Data privacy,Data quality,Datalake Integration,Reference data,,,,,,,,,,,,,,,
,,Last Released Assessment,DATA,2026-06-03,Score,"4,667",0,5,"3,75",5,0,0,0,,,,,,,,,,,,,,,
,,Last Released Assessment,DATA,2026-06-03,Level,3,0,3,3,5,0,0,0,,,,,,,,,,,,,,,
,,Last Released Assessment -1,DATA,2025-12-10,Score,"3,905",0,5,4,5,"2,5",0,5,,,,,,,,,,,,,,,
,,Last Released Assessment -1,DATA,2025-12-10,Level,2,0,4,4,5,2,0,4,,,,,,,,,,,,,,,
,,Last Pending Assessment snapshot,DATA,null,Percentage,0,0,0,0,0,0,0,0,,,,,,,,,,,,,,,
,,Last Pending Assessment snapshot -1,DATA,null,Percentage,0,0,0,0,0,0,0,0,,,,,,,,,,,,,,,
,DPCP_FORCAST,Jimmy Cheng,DELIVERY,,,Global,Accelerate,Application Configuration Management,Chaos Engineering,Continous Integration,Continuous Deployment,Database Control,Documentation,Service Availability,Workflows,,,,,,,,,,,,,
,,Last Released Assessment,DELIVERY,2026-06-03,Score,"3,833","3,75",5,0,"3,75",4,"3,333",0,5,0,,,,,,,,,,,,,
,,Last Released Assessment,DELIVERY,2026-06-03,Level,2,3,3,0,4,4,2,0,5,0,,,,,,,,,,,,,
,,Last Released Assessment -1,DELIVERY,2025-12-10,Score,"3,802",4,5,3,5,4,"3,333",0,"4,5",5,,,,,,,,,,,,,
,,Last Released Assessment -1,DELIVERY,2025-12-10,Level,2,4,4,3,2,4,2,0,2,2,,,,,,,,,,,,,
,,Last Pending Assessment snapshot,DELIVERY,null,Percentage,0,0,0,0,0,0,0,0,0,0,,,,,,,,,,,,,
,,Last Pending Assessment snapshot -1,DELIVERY,null,Percentage,0,0,0,0,0,0,0,0,0,0,,,,,,,,,,,,,
,DPCP_FORCAST,Jimmy Cheng,DESIGN,,,Global,Design,Design for all,Documentation,Libraries & plugins,Prototype,Tools,Workflow,,,,,,,,,,,,,,,
,,Last Released Assessment,DESIGN,2026-06-03,Score,"1,648",2,0,"0,833","2,5",5,5,"3,333",,,,,,,,,,,,,,,
,,Last Released Assessment,DESIGN,2026-06-03,Level,0,1,0,0,1,2,1,2,,,,,,,,,,,,,,,
,,Last Released Assessment -1,DESIGN,2025-12-10,Score,"1,354","2,083",0,"1,25","2,5",5,"2,5","1,667",,,,,,,,,,,,,,,
,,Last Released Assessment -1,DESIGN,2025-12-10,Level,0,1,0,0,1,2,0,1,,,,,,,,,,,,,,,
,,Last Pending Assessment snapshot,DESIGN,null,Percentage,0,0,0,0,0,0,0,0,,,,,,,,,,,,,,,
,,Last Pending Assessment snapshot -1,DESIGN,null,Percentage,0,0,0,0,0,0,0,0,,,,,,,,,,,,,,,
,DPCP_FORCAST,Jimmy Cheng,DEV,,,Global,API,Analytics,Architecture Decision Record,Authentication,BFF,Business & strategy,Code Management,Data Factory,Data Management,Delivery,Design System,Documentation,Model Management,Observability,Performance,Reliability,Software Design,Source Control,System Design Documents,Team,Tech Radar,Versionning
,,Last Released Assessment,DEV,2026-06-03,Score,"1,97","2,5","0,625","3,75","2,5",0,0,0,0,0,0,5,0,0,"2,25","2,5","2,5",0,"1,875","3,75",5,"3,333",0
,,Last Released Assessment,DEV,2026-06-03,Level,0,1,0,3,2,0,0,0,0,0,0,3,0,0,0,2,1,0,1,3,2,2,0
,,Last Released Assessment -1,DEV,2025-12-10,Score,"2,067","3,75","0,5",0,"3,333",0,0,0,0,0,0,"1,25",0,0,"1,833","2,5",1,0,"2,188",0,5,"3,75",0
,,Last Released Assessment -1,DEV,2025-12-10,Level,0,3,0,0,2,0,0,0,0,0,0,1,0,0,0,2,1,0,1,0,3,3,0
,,Last Pending Assessment snapshot,DEV,null,Percentage,0,0,0,0,0,0,0,0,0,0,0,0,0,0,0,0,0,0,0,0,0,0,0
,,Last Pending Assessment snapshot -1,DEV,null,Percentage,0,0,0,0,0,0,0,0,0,0,0,0,0,0,0,0,0,0,0,0,0,0,0
,DPCP_FORCAST,Jimmy Cheng,INFRA,,,Global,Cloud Native Design,Configuration / Infra Management,Database Management,Hosting Solution,Reproducibility,Secrets Management,Security,Storage Management (for unstructured data),,,,,,,,,,,,,,
,,Last Released Assessment,INFRA,2026-06-03,Score,"3,561",4,"4,167","2,333",5,0,"4,333",0,4,,,,,,,,,,,,,,
,,Last Released Assessment,INFRA,2026-06-03,Level,2,4,2,2,4,0,4,0,4,,,,,,,,,,,,,,
,,Last Released Assessment -1,INFRA,2025-12-10,Score,"3,8",5,5,3,5,0,4,0,4,,,,,,,,,,,,,,
,,Last Released Assessment -1,INFRA,2025-12-10,Level,3,4,3,3,4,0,4,0,4,,,,,,,,,,,,,,
,,Last Pending Assessment snapshot,INFRA,null,Percentage,0,0,0,0,0,0,0,0,0,,,,,,,,,,,,,,
,,Last Pending Assessment snapshot -1,INFRA,null,Percentage,0,0,0,0,0,0,0,0,0,,,,,,,,,,,,,,
,DPCP_FORCAST,Jimmy Cheng,OPERATION,,,Global,Availability / Risk Management,Change Management,Event Management,Incident Management,Knowledge / Continuous Improvement Management,Problem Management,Service Catalog Management,Service Level Management,Service Request Management,,,,,,,,,,,,,
,,Last Released Assessment,OPERATION,2026-06-03,Score,"3,412",3,3,2,"3,75",2,4,5,"4,167","2,5",,,,,,,,,,,,,
,,Last Released Assessment,OPERATION,2026-06-03,Level,2,3,3,2,3,2,4,4,3,2,,,,,,,,,,,,,
,,Last Released Assessment -1,OPERATION,2025-12-10,Score,"3,396","2,333",4,"2,5",4,3,"4,5",5,"3,8","3,167",,,,,,,,,,,,,
,,Last Released Assessment -1,OPERATION,2025-12-10,Level,1,1,4,2,2,2,4,4,2,1,,,,,,,,,,,,,
,,Last Pending Assessment snapshot,OPERATION,null,Percentage,0,0,0,0,0,0,0,0,0,0,,,,,,,,,,,,,
,,Last Pending Assessment snapshot -1,OPERATION,null,Percentage,0,0,0,0,0,0,0,0,0,0,,,,,,,,,,,,,
,DPCP_FORCAST,Jimmy Cheng,PROCESS_PRACTICES,,,Global,Culture,Lean Management,Product & Process,User needs,,,,,,,,,,,,,,,,,,
,,Last Released Assessment,PROCESS_PRACTICES,2026-06-03,Score,"4,815",5,5,5,"4,167",,,,,,,,,,,,,,,,,,
,,Last Released Assessment,PROCESS_PRACTICES,2026-06-03,Level,2,3,3,3,2,,,,,,,,,,,,,,,,,,
,,Last Released Assessment -1,PROCESS_PRACTICES,2025-12-10,Score,"4,815",5,5,5,"4,167",,,,,,,,,,,,,,,,,,
,,Last Released Assessment -1,PROCESS_PRACTICES,2025-12-10,Level,2,3,3,3,2,,,,,,,,,,,,,,,,,,
,,Last Pending Assessment snapshot,PROCESS_PRACTICES,null,Percentage,0,0,0,0,0,,,,,,,,,,,,,,,,,,
,,Last Pending Assessment snapshot -1,PROCESS_PRACTICES,null,Percentage,0,0,0,0,0,,,,,,,,,,,,,,,,,,
,DPCP_FORCAST,Jimmy Cheng,QUALITY,,,Global,Integration Tests,Organization,Performance Tests,Practices,Qualimetry,Static Code Analysis,Unit Tests,,,,,,,,,,,,,,,
,,Last Released Assessment,QUALITY,2026-06-03,Score,"2,236","0,833","3,333",0,"3,333",5,"3,75","2,5",,,,,,,,,,,,,,,
,,Last Released Assessment,QUALITY,2026-06-03,Level,0,0,1,0,3,4,3,1,,,,,,,,,,,,,,,
,,Last Released Assessment -1,QUALITY,2025-12-10,Score,"2,091","1,111","3,333",0,3,"4,583",5,"4,375",,,,,,,,,,,,,,,
,,Last Released Assessment -1,QUALITY,2025-12-10,Level,0,0,1,0,3,2,4,2,,,,,,,,,,,,,,,
,,Last Pending Assessment snapshot,QUALITY,null,Percentage,0,0,0,0,0,0,0,0,,,,,,,,,,,,,,,
,,Last Pending Assessment snapshot -1,QUALITY,null,Percentage,0,0,0,0,0,0,0,0,,,,,,,,,,,,,,,
,DPCP_FORCAST,Jimmy Cheng,SECURITY,,,Global,Code/Build,Design,Operate/Monitor,Organisation,Requirement,Test,,,,,,,,,,,,,,,,
,,Last Released Assessment,SECURITY,2026-06-03,Score,"4,792",5,5,5,"4,167",5,5,,,,,,,,,,,,,,,,
,,Last Released Assessment,SECURITY,2026-06-03,Level,1,4,2,4,1,2,3,,,,,,,,,,,,,,,,
,,Last Released Assessment -1,SECURITY,2025-12-10,Score,3,2,5,5,"4,167",5,5,,,,,,,,,,,,,,,,
,,Last Released Assessment -1,SECURITY,2025-12-10,Level,1,1,3,4,1,2,3,,,,,,,,,,,,,,,,
,,Last Pending Assessment snapshot,SECURITY,null,Percentage,0,0,0,0,0,0,0,,,,,,,,,,,,,,,,
,,Last Pending Assessment snapshot -1,SECURITY,null,Percentage,0,0,0,0,0,0,0,,,,,,,,,,,,,,,,
,DPCP_FORCAST,Jimmy Cheng,STREAMING,,,Global,Event Streams,Infrastructure,Observability,Security,,,,,,,,,,,,,,,,,,
,,Last Released Assessment,STREAMING,2026-06-03,Score,"2,45","2,125","2,5","3,5","3,75",,,,,,,,,,,,,,,,,,
,,Last Released Assessment,STREAMING,2026-06-03,Level,0,0,2,3,3,,,,,,,,,,,,,,,,,,
,,Last Released Assessment -1,STREAMING,null,Score,0,0,0,0,0,,,,,,,,,,,,,,,,,,
,,Last Released Assessment -1,STREAMING,null,Level,0,0,0,0,0,,,,,,,,,,,,,,,,,,
,,Last Pending Assessment snapshot,STREAMING,null,Percentage,0,0,0,0,0,,,,,,,,,,,,,,,,,,
,,Last Pending Assessment snapshot -1,STREAMING,null,Percentage,0,0,0,0,0,,,,,,,,,,,,,,,,,,
,DPCP_FORCAST,Jimmy Cheng,ACCESSIBILITY,,,Global,Accessibility,,,,,,,,,,,,,,,,,,,,,
,,Last Released Assessment,ACCESSIBILITY,2026-06-03,Score,0,0,,,,,,,,,,,,,,,,,,,,,
,,Last Released Assessment,ACCESSIBILITY,2026-06-03,Level,0,0,,,,,,,,,,,,,,,,,,,,,
,,Last Released Assessment -1,ACCESSIBILITY,null,Score,0,0,,,,,,,,,,,,,,,,,,,,,
,,Last Released Assessment -1,ACCESSIBILITY,null,Level,0,0,,,,,,,,,,,,,,,,,,,,,
,,Last Pending Assessment snapshot,ACCESSIBILITY,null,Percentage,0,0,,,,,,,,,,,,,,,,,,,,,
,,Last Pending Assessment snapshot -1,ACCESSIBILITY,null,Percentage,0,0,,,,,,,,,,,,,,,,,,,,,
,MOLD,byang25,DATA,,,Global,Critical Data,Data documentation,Data governance,Data privacy,Data quality,Datalake Integration,Reference data,,,,,,,,,,,,,,,
,,Last Released Assessment,DATA,2026-07-08,Score,"1,167",0,"1,667","1,875",1,0,0,0,,,,,,,,,,,,,,,
,,Last Released Assessment,DATA,2026-07-08,Level,0,0,0,1,1,0,0,0,,,,,,,,,,,,,,,
,,Last Released Assessment -1,DATA,2025-12-11,Score,"1,354",0,"1,25",1,"0,5",1,0,5,,,,,,,,,,,,,,,
,,Last Released Assessment -1,DATA,2025-12-11,Level,0,0,0,0,0,1,0,4,,,,,,,,,,,,,,,
,,Last Pending Assessment snapshot,DATA,null,Percentage,0,0,0,0,0,0,0,0,,,,,,,,,,,,,,,
,,Last Pending Assessment snapshot -1,DATA,null,Percentage,0,0,0,0,0,0,0,0,,,,,,,,,,,,,,,
,MOLD,byang25,DELIVERY,,,Global,Accelerate,Application Configuration Management,Chaos Engineering,Continous Integration,Continuous Deployment,Database Control,Documentation,Service Availability,Workflows,,,,,,,,,,,,,
,,Last Released Assessment,DELIVERY,2026-07-09,Score,"4,5",5,5,0,5,5,5,0,3,0,,,,,,,,,,,,,
,,Last Released Assessment,DELIVERY,2026-07-09,Level,3,4,3,0,5,5,3,0,3,0,,,,,,,,,,,,,
,,Last Released Assessment -1,DELIVERY,2025-12-11,Score,"3,492",4,5,3,5,"3,667","3,333",0,3,5,,,,,,,,,,,,,
,,Last Released Assessment -1,DELIVERY,2025-12-11,Level,2,4,4,3,2,2,2,0,3,2,,,,,,,,,,,,,
,,Last Pending Assessment snapshot,DELIVERY,null,Percentage,0,0,0,0,0,0,0,0,0,0,,,,,,,,,,,,,
,,Last Pending Assessment snapshot -1,DELIVERY,null,Percentage,0,0,0,0,0,0,0,0,0,0,,,,,,,,,,,,,
,MOLD,byang25,DESIGN,,,Global,Design,Design for all,Documentation,Libraries & plugins,Prototype,Tools,Workflow,,,,,,,,,,,,,,,
,,Last Released Assessment,DESIGN,2026-07-09,Score,"3,379","3,417",0,"0,833","3,75","2,5",5,5,,,,,,,,,,,,,,,
,,Last Released Assessment,DESIGN,2026-07-09,Level,0,0,0,0,1,1,1,3,,,,,,,,,,,,,,,
,,Last Released Assessment -1,DESIGN,2025-12-11,Score,"1,111",0,0,0,"2,5","2,5",5,5,,,,,,,,,,,,,,,
,,Last Released Assessment -1,DESIGN,2025-12-11,Level,0,0,0,0,0,1,1,3,,,,,,,,,,,,,,,
,,Last Pending Assessment snapshot,DESIGN,null,Percentage,0,0,0,0,0,0,0,0,,,,,,,,,,,,,,,
,,Last Pending Assessment snapshot -1,DESIGN,null,Percentage,0,0,0,0,0,0,0,0,,,,,,,,,,,,,,,
,MOLD,byang25,DEV,,,Global,API,Analytics,Architecture Decision Record,Authentication,BFF,Business & strategy,Code Management,Data Factory,Data Management,Delivery,Design System,Documentation,Model Management,Observability,Performance,Reliability,Software Design,Source Control,System Design Documents,Team,Tech Radar,Versionning
,,Last Released Assessment,DEV,2026-07-09,Score,"3,975",5,"3,75","1,25",5,0,0,0,0,0,0,5,0,0,5,"1,25","4,167",0,5,"4,375",5,"2,5",0
,,Last Released Assessment,DEV,2026-07-09,Level,0,2,3,0,4,0,0,0,0,0,0,3,0,0,5,1,1,0,4,3,2,0,0
,,Last Released Assessment -1,DEV,2025-12-11,Score,"1,861","1,25",1,0,"3,333",0,0,0,0,0,0,"2,5",0,0,"1,833",0,4,0,"2,188",0,5,"3,125",0
,,Last Released Assessment -1,DEV,2025-12-11,Level,0,0,0,0,2,0,0,0,0,0,0,2,0,0,0,0,3,0,1,0,3,1,0
,,Last Pending Assessment snapshot,DEV,null,Percentage,0,0,0,0,0,0,0,0,0,0,0,0,0,0,0,0,0,0,0,0,0,0,0
,,Last Pending Assessment snapshot -1,DEV,null,Percentage,0,0,0,0,0,0,0,0,0,0,0,0,0,0,0,0,0,0,0,0,0,0,0
,MOLD,byang25,INFRA,,,Global,Cloud Native Design,Configuration / Infra Management,Database Management,Hosting Solution,Reproducibility,Secrets Management,Security,Storage Management (for unstructured data),,,,,,,,,,,,,,
,,Last Released Assessment,INFRA,2026-07-09,Score,"4,076",5,5,"2,667",5,0,"4,333",0,5,,,,,,,,,,,,,,
,,Last Released Assessment,INFRA,2026-07-09,Level,2,5,3,2,4,0,4,0,5,,,,,,,,,,,,,,
,,Last Released Assessment -1,INFRA,2025-12-11,Score,"3,8",5,5,3,5,0,4,0,4,,,,,,,,,,,,,,
,,Last Released Assessment -1,INFRA,2025-12-11,Level,3,4,3,3,4,0,4,0,4,,,,,,,,,,,,,,
,,Last Pending Assessment snapshot,INFRA,null,Percentage,0,0,0,0,0,0,0,0,0,,,,,,,,,,,,,,
,,Last Pending Assessment snapshot -1,INFRA,null,Percentage,0,0,0,0,0,0,0,0,0,,,,,,,,,,,,,,
,MOLD,byang25,OPERATION,,,Global,Availability / Risk Management,Change Management,Event Management,Incident Management,Knowledge / Continuous Improvement Management,Problem Management,Service Catalog Management,Service Level Management,Service Request Management,,,,,,,,,,,,,
,,Last Released Assessment,OPERATION,2026-07-09,Score,"3,5","1,85","4,5",2,"3,5",2,"2,667",5,5,5,,,,,,,,,,,,,
,,Last Released Assessment,OPERATION,2026-07-09,Level,0,0,4,2,3,2,0,4,5,5,,,,,,,,,,,,,
,,Last Released Assessment -1,OPERATION,2025-12-11,Score,"3,174","2,333","4,25","2,5",4,3,3,5,"2,9","3,167",,,,,,,,,,,,,
,,Last Released Assessment -1,OPERATION,2025-12-11,Level,1,1,4,2,2,2,1,4,2,1,,,,,,,,,,,,,
,,Last Pending Assessment snapshot,OPERATION,null,Percentage,0,0,0,0,0,0,0,0,0,0,,,,,,,,,,,,,
,,Last Pending Assessment snapshot -1,OPERATION,null,Percentage,0,0,0,0,0,0,0,0,0,0,,,,,,,,,,,,,
,MOLD,byang25,PROCESS_PRACTICES,,,Global,Culture,Lean Management,Product & Process,User needs,,,,,,,,,,,,,,,,,,
,,Last Released Assessment,PROCESS_PRACTICES,2026-07-09,Score,5,5,5,5,5,,,,,,,,,,,,,,,,,,
,,Last Released Assessment,PROCESS_PRACTICES,2026-07-09,Level,3,3,3,3,3,,,,,,,,,,,,,,,,,,
,,Last Released Assessment -1,PROCESS_PRACTICES,2025-12-11,Score,"4,592",5,"4,667",5,"3,611",,,,,,,,,,,,,,,,,,
,,Last Released Assessment -1,PROCESS_PRACTICES,2025-12-11,Level,0,3,0,3,1,,,,,,,,,,,,,,,,,,
,,Last Pending Assessment snapshot,PROCESS_PRACTICES,null,Percentage,0,0,0,0,0,,,,,,,,,,,,,,,,,,
,,Last Pending Assessment snapshot -1,PROCESS_PRACTICES,null,Percentage,0,0,0,0,0,,,,,,,,,,,,,,,,,,
,MOLD,byang25,QUALITY,,,Global,Integration Tests,Organization,Performance Tests,Practices,Qualimetry,Static Code Analysis,Unit Tests,,,,,,,,,,,,,,,
,,Last Released Assessment,QUALITY,2026-07-09,Score,"4,194","1,875",5,"4,375",5,"4,375",5,"2,5",,,,,,,,,,,,,,,
,,Last Released Assessment,QUALITY,2026-07-09,Level,1,1,3,2,5,2,4,2,,,,,,,,,,,,,,,
,,Last Released Assessment -1,QUALITY,2025-12-11,Score,"2,485","1,111","3,333","1,25",5,"1,667","3,75","3,75",,,,,,,,,,,,,,,
,,Last Released Assessment -1,QUALITY,2025-12-11,Level,0,0,1,1,5,1,2,3,,,,,,,,,,,,,,,
,,Last Pending Assessment snapshot,QUALITY,null,Percentage,0,0,0,0,0,0,0,0,,,,,,,,,,,,,,,
,,Last Pending Assessment snapshot -1,QUALITY,null,Percentage,0,0,0,0,0,0,0,0,,,,,,,,,,,,,,,
,MOLD,byang25,SECURITY,,,Global,Code/Build,Design,Operate/Monitor,Organisation,Requirement,Test,,,,,,,,,,,,,,,,
,,Last Released Assessment,SECURITY,2026-07-09,Score,"4,7","4,333",5,"3,75",5,5,5,,,,,,,,,,,,,,,,
,,Last Released Assessment,SECURITY,2026-07-09,Level,1,1,2,1,3,2,3,,,,,,,,,,,,,,,,
,,Last Released Assessment -1,SECURITY,2025-12-11,Score,"2,944","1,7",5,"3,75","4,167",5,"3,333",,,,,,,,,,,,,,,,
,,Last Released Assessment -1,SECURITY,2025-12-11,Level,1,1,3,1,1,2,2,,,,,,,,,,,,,,,,
,,Last Pending Assessment snapshot,SECURITY,null,Percentage,0,0,0,0,0,0,0,,,,,,,,,,,,,,,,
,,Last Pending Assessment snapshot -1,SECURITY,null,Percentage,0,0,0,0,0,0,0,,,,,,,,,,,,,,,,
,MOLD,byang25,STREAMING,,,Global,Event Streams,Infrastructure,Observability,Security,,,,,,,,,,,,,,,,,,
,,Last Released Assessment,STREAMING,2026-07-09,Score,"3,725",2,5,5,5,,,,,,,,,,,,,,,,,,
,,Last Released Assessment,STREAMING,2026-07-09,Level,1,1,4,5,4,,,,,,,,,,,,,,,,,,
,,Last Released Assessment -1,STREAMING,null,Score,0,0,0,0,0,,,,,,,,,,,,,,,,,,
,,Last Released Assessment -1,STREAMING,null,Level,0,0,0,0,0,,,,,,,,,,,,,,,,,,
,,Last Pending Assessment snapshot,STREAMING,null,Percentage,0,0,0,0,0,,,,,,,,,,,,,,,,,,
,,Last Pending Assessment snapshot -1,STREAMING,null,Percentage,0,0,0,0,0,,,,,,,,,,,,,,,,,,
,MOLD,byang25,ACCESSIBILITY,,,Global,Accessibility,,,,,,,,,,,,,,,,,,,,,
,,Last Released Assessment,ACCESSIBILITY,2026-07-09,Score,"1,25","1,25",,,,,,,,,,,,,,,,,,,,,
,,Last Released Assessment,ACCESSIBILITY,2026-07-09,Level,1,1,,,,,,,,,,,,,,,,,,,,,
,,Last Released Assessment -1,ACCESSIBILITY,null,Score,0,0,,,,,,,,,,,,,,,,,,,,,
,,Last Released Assessment -1,ACCESSIBILITY,null,Level,0,0,,,,,,,,,,,,,,,,,,,,,
,,Last Pending Assessment snapshot,ACCESSIBILITY,null,Percentage,0,0,,,,,,,,,,,,,,,,,,,,,
,,Last Pending Assessment snapshot -1,ACCESSIBILITY,null,Percentage,0,0,,,,,,,,,,,,,,,,,,,,,
,MPS_APO,,DATA,,,Global,Critical Data,Data documentation,Data governance,Data privacy,Data quality,Datalake Integration,Reference data,,,,,,,,,,,,,,,
,,Last Released Assessment,DATA,null,Score,0,0,0,0,0,0,0,0,,,,,,,,,,,,,,,
,,Last Released Assessment,DATA,null,Level,0,0,0,0,0,0,0,0,,,,,,,,,,,,,,,
,,Last Released Assessment -1,DATA,null,Score,0,0,0,0,0,0,0,0,,,,,,,,,,,,,,,
,,Last Released Assessment -1,DATA,null,Level,0,0,0,0,0,0,0,0,,,,,,,,,,,,,,,
,,Last Pending Assessment snapshot,DATA,null,Percentage,0,0,0,0,0,0,0,0,,,,,,,,,,,,,,,
,,Last Pending Assessment snapshot -1,DATA,null,Percentage,0,0,0,0,0,0,0,0,,,,,,,,,,,,,,,
,MPS_APO,,DELIVERY,,,Global,Accelerate,Application Configuration Management,Chaos Engineering,Continous Integration,Continuous Deployment,Database Control,Documentation,Service Availability,Workflows,,,,,,,,,,,,,
,,Last Released Assessment,DELIVERY,null,Score,0,0,0,0,0,0,0,0,0,0,,,,,,,,,,,,,
,,Last Released Assessment,DELIVERY,null,Level,0,0,0,0,0,0,0,0,0,0,,,,,,,,,,,,,
,,Last Released Assessment -1,DELIVERY,null,Score,0,0,0,0,0,0,0,0,0,0,,,,,,,,,,,,,
,,Last Released Assessment -1,DELIVERY,null,Level,0,0,0,0,0,0,0,0,0,0,,,,,,,,,,,,,
,,Last Pending Assessment snapshot,DELIVERY,null,Percentage,0,0,0,0,0,0,0,0,0,0,,,,,,,,,,,,,
,,Last Pending Assessment snapshot -1,DELIVERY,null,Percentage,0,0,0,0,0,0,0,0,0,0,,,,,,,,,,,,,
,MPS_APO,,DESIGN,,,Global,Design,Design for all,Documentation,Libraries & plugins,Prototype,Tools,Workflow,,,,,,,,,,,,,,,
,,Last Released Assessment,DESIGN,null,Score,0,0,0,0,0,0,0,0,,,,,,,,,,,,,,,
,,Last Released Assessment,DESIGN,null,Level,0,0,0,0,0,0,0,0,,,,,,,,,,,,,,,
,,Last Released Assessment -1,DESIGN,null,Score,0,0,0,0,0,0,0,0,,,,,,,,,,,,,,,
,,Last Released Assessment -1,DESIGN,null,Level,0,0,0,0,0,0,0,0,,,,,,,,,,,,,,,
,,Last Pending Assessment snapshot,DESIGN,null,Percentage,0,0,0,0,0,0,0,0,,,,,,,,,,,,,,,
,,Last Pending Assessment snapshot -1,DESIGN,null,Percentage,0,0,0,0,0,0,0,0,,,,,,,,,,,,,,,
,MPS_APO,,DEV,,,Global,API,Analytics,Architecture Decision Record,Authentication,BFF,Business & strategy,Code Management,Data Factory,Data Management,Delivery,Design System,Documentation,Model Management,Observability,Performance,Reliability,Software Design,Source Control,System Design Documents,Team,Tech Radar,Versionning
,,Last Released Assessment,DEV,null,Score,0,0,0,0,0,0,0,0,0,0,0,0,0,0,0,0,0,0,0,0,0,0,0
,,Last Released Assessment,DEV,null,Level,0,0,0,0,0,0,0,0,0,0,0,0,0,0,0,0,0,0,0,0,0,0,0
,,Last Released Assessment -1,DEV,null,Score,0,0,0,0,0,0,0,0,0,0,0,0,0,0,0,0,0,0,0,0,0,0,0
,,Last Released Assessment -1,DEV,null,Level,0,0,0,0,0,0,0,0,0,0,0,0,0,0,0,0,0,0,0,0,0,0,0
,,Last Pending Assessment snapshot,DEV,null,Percentage,0,0,0,0,0,0,0,0,0,0,0,0,0,0,0,0,0,0,0,0,0,0,0
,,Last Pending Assessment snapshot -1,DEV,null,Percentage,0,0,0,0,0,0,0,0,0,0,0,0,0,0,0,0,0,0,0,0,0,0,0
,MPS_APO,,INFRA,,,Global,Cloud Native Design,Configuration / Infra Management,Database Management,Hosting Solution,Reproducibility,Secrets Management,Security,Storage Management (for unstructured data),,,,,,,,,,,,,,
,,Last Released Assessment,INFRA,null,Score,0,0,0,0,0,0,0,0,0,,,,,,,,,,,,,,
,,Last Released Assessment,INFRA,null,Level,0,0,0,0,0,0,0,0,0,,,,,,,,,,,,,,
,,Last Released Assessment -1,INFRA,null,Score,0,0,0,0,0,0,0,0,0,,,,,,,,,,,,,,
,,Last Released Assessment -1,INFRA,null,Level,0,0,0,0,0,0,0,0,0,,,,,,,,,,,,,,
,,Last Pending Assessment snapshot,INFRA,null,Percentage,0,0,0,0,0,0,0,0,0,,,,,,,,,,,,,,
,,Last Pending Assessment snapshot -1,INFRA,null,Percentage,0,0,0,0,0,0,0,0,0,,,,,,,,,,,,,,
,MPS_APO,Axel San Koy,OPERATION,,,Global,Availability / Risk Management,Change Management,Event Management,Incident Management,Knowledge / Continuous Improvement Management,Problem Management,Service Catalog Management,Service Level Management,Service Request Management,,,,,,,,,,,,,
,,Last Released Assessment,OPERATION,2025-12-01,Score,"3,553","4,333","3,5","3,125","3,875","3,833","3,5","4,375","2,65","4,5",,,,,,,,,,,,,
,,Last Released Assessment,OPERATION,2025-12-01,Level,1,3,3,1,2,3,3,3,2,4,,,,,,,,,,,,,
,,Last Released Assessment -1,OPERATION,2024-12-19,Score,"3,348","4,3","3,25","3,75","1,2",3,"3,667","3,25","3,167","4,167",,,,,,,,,,,,,
,,Last Released Assessment -1,OPERATION,2024-12-19,Level,1,3,2,2,1,2,3,3,2,3,,,,,,,,,,,,,
,,Last Pending Assessment snapshot,OPERATION,null,Percentage,0,0,0,0,0,0,0,0,0,0,,,,,,,,,,,,,
,,Last Pending Assessment snapshot -1,OPERATION,null,Percentage,0,0,0,0,0,0,0,0,0,0,,,,,,,,,,,,,
,MPS_APO,,PROCESS_PRACTICES,,,Global,Culture,Lean Management,Product & Process,User needs,,,,,,,,,,,,,,,,,,
,,Last Released Assessment,PROCESS_PRACTICES,null,Score,0,0,0,0,0,,,,,,,,,,,,,,,,,,
,,Last Released Assessment,PROCESS_PRACTICES,null,Level,0,0,0,0,0,,,,,,,,,,,,,,,,,,
,,Last Released Assessment -1,PROCESS_PRACTICES,null,Score,0,0,0,0,0,,,,,,,,,,,,,,,,,,
,,Last Released Assessment -1,PROCESS_PRACTICES,null,Level,0,0,0,0,0,,,,,,,,,,,,,,,,,,
,,Last Pending Assessment snapshot,PROCESS_PRACTICES,null,Percentage,0,0,0,0,0,,,,,,,,,,,,,,,,,,
,,Last Pending Assessment snapshot -1,PROCESS_PRACTICES,null,Percentage,0,0,0,0,0,,,,,,,,,,,,,,,,,,
,MPS_APO,,QUALITY,,,Global,Integration Tests,Organization,Performance Tests,Practices,Qualimetry,Static Code Analysis,Unit Tests,,,,,,,,,,,,,,,
,,Last Released Assessment,QUALITY,null,Score,0,0,0,0,0,0,0,0,,,,,,,,,,,,,,,
,,Last Released Assessment,QUALITY,null,Level,0,0,0,0,0,0,0,0,,,,,,,,,,,,,,,
,,Last Released Assessment -1,QUALITY,null,Score,0,0,0,0,0,0,0,0,,,,,,,,,,,,,,,
,,Last Released Assessment -1,QUALITY,null,Level,0,0,0,0,0,0,0,0,,,,,,,,,,,,,,,
,,Last Pending Assessment snapshot,QUALITY,null,Percentage,0,0,0,0,0,0,0,0,,,,,,,,,,,,,,,
,,Last Pending Assessment snapshot -1,QUALITY,null,Percentage,0,0,0,0,0,0,0,0,,,,,,,,,,,,,,,
,MPS_APO,,SECURITY,,,Global,Code/Build,Design,Operate/Monitor,Organisation,Requirement,Test,,,,,,,,,,,,,,,,
,,Last Released Assessment,SECURITY,null,Score,0,0,0,0,0,0,0,,,,,,,,,,,,,,,,
,,Last Released Assessment,SECURITY,null,Level,0,0,0,0,0,0,0,,,,,,,,,,,,,,,,
,,Last Released Assessment -1,SECURITY,null,Score,0,0,0,0,0,0,0,,,,,,,,,,,,,,,,
,,Last Released Assessment -1,SECURITY,null,Level,0,0,0,0,0,0,0,,,,,,,,,,,,,,,,
,,Last Pending Assessment snapshot,SECURITY,null,Percentage,0,0,0,0,0,0,0,,,,,,,,,,,,,,,,
,,Last Pending Assessment snapshot -1,SECURITY,null,Percentage,0,0,0,0,0,0,0,,,,,,,,,,,,,,,,
,MPS_APO,,STREAMING,,,Global,Event Streams,Infrastructure,Observability,Security,,,,,,,,,,,,,,,,,,
,,Last Released Assessment,STREAMING,null,Score,0,0,0,0,0,,,,,,,,,,,,,,,,,,
,,Last Released Assessment,STREAMING,null,Level,0,0,0,0,0,,,,,,,,,,,,,,,,,,
,,Last Released Assessment -1,STREAMING,null,Score,0,0,0,0,0,,,,,,,,,,,,,,,,,,
,,Last Released Assessment -1,STREAMING,null,Level,0,0,0,0,0,,,,,,,,,,,,,,,,,,
,,Last Pending Assessment snapshot,STREAMING,null,Percentage,0,0,0,0,0,,,,,,,,,,,,,,,,,,
,,Last Pending Assessment snapshot -1,STREAMING,null,Percentage,0,0,0,0,0,,,,,,,,,,,,,,,,,,
,MPS_APO,,ACCESSIBILITY,,,Global,Accessibility,,,,,,,,,,,,,,,,,,,,,
,,Last Released Assessment,ACCESSIBILITY,null,Score,0,0,,,,,,,,,,,,,,,,,,,,,
,,Last Released Assessment,ACCESSIBILITY,null,Level,0,0,,,,,,,,,,,,,,,,,,,,,
,,Last Released Assessment -1,ACCESSIBILITY,null,Score,0,0,,,,,,,,,,,,,,,,,,,,,
,,Last Released Assessment -1,ACCESSIBILITY,null,Level,0,0,,,,,,,,,,,,,,,,,,,,,
,,Last Pending Assessment snapshot,ACCESSIBILITY,null,Percentage,0,0,,,,,,,,,,,,,,,,,,,,,
,,Last Pending Assessment snapshot -1,ACCESSIBILITY,null,Percentage,0,0,,,,,,,,,,,,,,,,,,,,,
,MRP_EXCHANGE,linchunchu,DATA,,,Global,Critical Data,Data documentation,Data governance,Data privacy,Data quality,Datalake Integration,Reference data,,,,,,,,,,,,,,,
,,Last Released Assessment,DATA,2026-09-11,Score,5,0,5,5,0,0,0,0,,,,,,,,,,,,,,,
,,Last Released Assessment,DATA,2026-09-11,Level,4,0,3,4,0,0,0,0,,,,,,,,,,,,,,,
,,Last Released Assessment -1,DATA,2026-03-27,Score,"2,292",0,"1,667","3,125",0,0,0,0,,,,,,,,,,,,,,,
,,Last Released Assessment -1,DATA,2026-03-27,Level,1,0,1,1,0,0,0,0,,,,,,,,,,,,,,,
,,Last Pending Assessment snapshot,DATA,null,Percentage,0,0,0,0,0,0,0,0,,,,,,,,,,,,,,,
,,Last Pending Assessment snapshot -1,DATA,null,Percentage,0,0,0,0,0,0,0,0,,,,,,,,,,,,,,,
,MRP_EXCHANGE,linchunchu,DELIVERY,,,Global,Accelerate,Application Configuration Management,Chaos Engineering,Continous Integration,Continuous Deployment,Database Control,Documentation,Service Availability,Workflows,,,,,,,,,,,,,
,,Last Released Assessment,DELIVERY,2026-09-11,Score,4,"3,75",5,0,5,"4,5",5,0,3,0,,,,,,,,,,,,,
,,Last Released Assessment,DELIVERY,2026-09-11,Level,3,3,3,0,5,4,3,0,3,0,,,,,,,,,,,,,
,,Last Released Assessment -1,DELIVERY,2026-03-27,Score,"3,25","3,75","3,333",0,5,3,"3,333",0,3,0,,,,,,,,,,,,,
,,Last Released Assessment -1,DELIVERY,2026-03-27,Level,2,3,2,0,5,2,2,0,3,0,,,,,,,,,,,,,
,,Last Pending Assessment snapshot,DELIVERY,null,Percentage,0,0,0,0,0,0,0,0,0,0,,,,,,,,,,,,,
,,Last Pending Assessment snapshot -1,DELIVERY,null,Percentage,0,0,0,0,0,0,0,0,0,0,,,,,,,,,,,,,
,MRP_EXCHANGE,,DESIGN,,,Global,Design,Design for all,Documentation,Libraries & plugins,Prototype,Tools,Workflow,,,,,,,,,,,,,,,
,,Last Released Assessment,DESIGN,null,Score,0,0,0,0,0,0,0,0,,,,,,,,,,,,,,,
,,Last Released Assessment,DESIGN,null,Level,0,0,0,0,0,0,0,0,,,,,,,,,,,,,,,
,,Last Released Assessment -1,DESIGN,null,Score,0,0,0,0,0,0,0,0,,,,,,,,,,,,,,,
,,Last Released Assessment -1,DESIGN,null,Level,0,0,0,0,0,0,0,0,,,,,,,,,,,,,,,
,,Last Pending Assessment snapshot,DESIGN,null,Percentage,0,0,0,0,0,0,0,0,,,,,,,,,,,,,,,
,,Last Pending Assessment snapshot -1,DESIGN,null,Percentage,0,0,0,0,0,0,0,0,,,,,,,,,,,,,,,
,MRP_EXCHANGE,linchunchu,DEV,,,Global,API,Analytics,Architecture Decision Record,Authentication,BFF,Business & strategy,Code Management,Data Factory,Data Management,Delivery,Design System,Documentation,Model Management,Observability,Performance,Reliability,Software Design,Source Control,System Design Documents,Team,Tech Radar,Versionning
,,Last Released Assessment,DEV,2026-09-11,Score,"3,267",5,0,5,0,0,0,0,0,0,0,0,0,0,"2,667",0,"3,333",0,5,"4,375","2,5",5,0
,,Last Released Assessment,DEV,2026-09-11,Level,1,2,0,4,0,0,0,0,0,0,0,0,0,0,1,0,2,0,4,3,1,3,0
,,Last Released Assessment -1,DEV,2026-04-30,Score,"1,697",0,0,"1,25",0,0,0,0,0,0,0,0,0,0,"2,333",0,0,0,"3,75","1,875","2,5","2,5",0
,,Last Released Assessment -1,DEV,2026-04-30,Level,0,0,0,0,0,0,0,0,0,0,0,0,0,0,1,0,0,0,2,0,1,2,0
,,Last Pending Assessment snapshot,DEV,null,Percentage,0,0,0,0,0,0,0,0,0,0,0,0,0,0,0,0,0,0,0,0,0,0,0
,,Last Pending Assessment snapshot -1,DEV,null,Percentage,0,0,0,0,0,0,0,0,0,0,0,0,0,0,0,0,0,0,0,0,0,0,0
,MRP_EXCHANGE,Lewandowski Anthony,INFRA,,,Global,Cloud Native Design,Configuration / Infra Management,Database Management,Hosting Solution,Reproducibility,Secrets Management,Security,Storage Management (for unstructured data),,,,,,,,,,,,,,
,,Last Released Assessment,INFRA,2026-03-27,Score,"2,403","1,667","1,667","1,5",5,0,"2,667",0,"3,75",,,,,,,,,,,,,,
,,Last Released Assessment,INFRA,2026-03-27,Level,0,3,0,0,4,0,2,0,4,,,,,,,,,,,,,,
,,Last Released Assessment -1,INFRA,2025-12-11,Score,"3,1",5,5,1,5,0,4,0,3,,,,,,,,,,,,,,
,,Last Released Assessment -1,INFRA,2025-12-11,Level,0,4,3,0,4,0,4,0,0,,,,,,,,,,,,,,
,,Last Pending Assessment snapshot,INFRA,null,Percentage,0,0,0,0,0,0,0,0,0,,,,,,,,,,,,,,
,,Last Pending Assessment snapshot -1,INFRA,null,Percentage,0,0,0,0,0,0,0,0,0,,,,,,,,,,,,,,
,MRP_EXCHANGE,Lewandowski Anthony,OPERATION,,,Global,Availability / Risk Management,Change Management,Event Management,Incident Management,Knowledge / Continuous Improvement Management,Problem Management,Service Catalog Management,Service Level Management,Service Request Management,,,,,,,,,,,,,
,,Last Released Assessment,OPERATION,2026-04-30,Score,"1,358",0,"1,833",3,"0,333",0,"4,167","1,25","1,25",1,,,,,,,,,,,,,
,,Last Released Assessment,OPERATION,2026-04-30,Level,0,0,1,2,0,0,2,0,1,1,,,,,,,,,,,,,
,,Last Released Assessment -1,OPERATION,2025-12-11,Score,"1,889",1,"2,75","3,75","1,5",0,"4,5","0,625","1,45",2,,,,,,,,,,,,,
,,Last Released Assessment -1,OPERATION,2025-12-11,Level,0,1,2,2,1,0,3,0,1,2,,,,,,,,,,,,,
,,Last Pending Assessment snapshot,OPERATION,null,Percentage,0,0,0,0,0,0,0,0,0,0,,,,,,,,,,,,,
,,Last Pending Assessment snapshot -1,OPERATION,null,Percentage,0,0,0,0,0,0,0,0,0,0,,,,,,,,,,,,,
,MRP_EXCHANGE,linchunchu,PROCESS_PRACTICES,,,Global,Culture,Lean Management,Product & Process,User needs,,,,,,,,,,,,,,,,,,
,,Last Released Assessment,PROCESS_PRACTICES,2026-09-11,Score,"4,881",5,"4,444",5,5,,,,,,,,,,,,,,,,,,
,,Last Released Assessment,PROCESS_PRACTICES,2026-09-11,Level,1,3,1,3,3,,,,,,,,,,,,,,,,,,
,,Last Released Assessment -1,PROCESS_PRACTICES,2026-03-27,Score,"3,864",5,"4,444","4,444","0,833",,,,,,,,,,,,,,,,,,
,,Last Released Assessment -1,PROCESS_PRACTICES,2026-03-27,Level,0,3,1,2,0,,,,,,,,,,,,,,,,,,
,,Last Pending Assessment snapshot,PROCESS_PRACTICES,null,Percentage,0,0,0,0,0,,,,,,,,,,,,,,,,,,
,,Last Pending Assessment snapshot -1,PROCESS_PRACTICES,null,Percentage,0,0,0,0,0,,,,,,,,,,,,,,,,,,
,MRP_EXCHANGE,linchunchu,QUALITY,,,Global,Integration Tests,Organization,Performance Tests,Practices,Qualimetry,Static Code Analysis,Unit Tests,,,,,,,,,,,,,,,
,,Last Released Assessment,QUALITY,2026-09-11,Score,"2,507","3,75","3,889",0,"2,5","3,125",5,"3,75",,,,,,,,,,,,,,,
,,Last Released Assessment,QUALITY,2026-09-11,Level,0,3,0,0,0,2,4,3,,,,,,,,,,,,,,,
,,Last Released Assessment -1,QUALITY,2026-05-18,Score,"2,063","1,875","2,222",0,2,"3,125",5,"3,75",,,,,,,,,,,,,,,
,,Last Released Assessment -1,QUALITY,2026-05-18,Level,0,1,0,0,0,2,4,3,,,,,,,,,,,,,,,
,,Last Pending Assessment snapshot,QUALITY,null,Percentage,0,0,0,0,0,0,0,0,,,,,,,,,,,,,,,
,,Last Pending Assessment snapshot -1,QUALITY,null,Percentage,0,0,0,0,0,0,0,0,,,,,,,,,,,,,,,
,MRP_EXCHANGE,linchunchu,SECURITY,,,Global,Code/Build,Design,Operate/Monitor,Organisation,Requirement,Test,,,,,,,,,,,,,,,,
,,Last Released Assessment,SECURITY,2026-09-11,Score,"3,071","2,2",5,5,5,5,5,,,,,,,,,,,,,,,,
,,Last Released Assessment,SECURITY,2026-09-11,Level,1,1,1,4,3,2,3,,,,,,,,,,,,,,,,
,,Last Released Assessment -1,SECURITY,2026-04-30,Score,"4,405",5,"2,5",5,5,"2,5","4,167",,,,,,,,,,,,,,,,
,,Last Released Assessment -1,SECURITY,2026-04-30,Level,0,1,1,4,3,0,0,,,,,,,,,,,,,,,,
,,Last Pending Assessment snapshot,SECURITY,null,Percentage,0,0,0,0,0,0,0,,,,,,,,,,,,,,,,
,,Last Pending Assessment snapshot -1,SECURITY,null,Percentage,0,0,0,0,0,0,0,,,,,,,,,,,,,,,,
,MRP_EXCHANGE,linchunchu,STREAMING,,,Global,Event Streams,Infrastructure,Observability,Security,,,,,,,,,,,,,,,,,,
,,Last Released Assessment,STREAMING,2026-09-11,Score,"3,582","3,625","1,667","4,5",5,,,,,,,,,,,,,,,,,,
,,Last Released Assessment,STREAMING,2026-09-11,Level,1,1,1,4,4,,,,,,,,,,,,,,,,,,
,,Last Released Assessment -1,STREAMING,2026-03-27,Score,"2,4","1,5",0,"4,5",5,,,,,,,,,,,,,,,,,,
,,Last Released Assessment -1,STREAMING,2026-03-27,Level,0,0,0,4,4,,,,,,,,,,,,,,,,,,
,,Last Pending Assessment snapshot,STREAMING,null,Percentage,0,0,0,0,0,,,,,,,,,,,,,,,,,,
,,Last Pending Assessment snapshot -1,STREAMING,null,Percentage,0,0,0,0,0,,,,,,,,,,,,,,,,,,
,MRP_EXCHANGE,,ACCESSIBILITY,,,Global,Accessibility,,,,,,,,,,,,,,,,,,,,,
,,Last Released Assessment,ACCESSIBILITY,null,Score,0,0,,,,,,,,,,,,,,,,,,,,,
,,Last Released Assessment,ACCESSIBILITY,null,Level,0,0,,,,,,,,,,,,,,,,,,,,,
,,Last Released Assessment -1,ACCESSIBILITY,null,Score,0,0,,,,,,,,,,,,,,,,,,,,,
,,Last Released Assessment -1,ACCESSIBILITY,null,Level,0,0,,,,,,,,,,,,,,,,,,,,,
,,Last Pending Assessment snapshot,ACCESSIBILITY,null,Percentage,0,0,,,,,,,,,,,,,,,,,,,,,
,,Last Pending Assessment snapshot -1,ACCESSIBILITY,null,Percentage,0,0,,,,,,,,,,,,,,,,,,,,,
,ORDER_AMENDMENT_BACK,Unknown - ???,DATA,,,Global,Critical Data,Data documentation,Data governance,Data privacy,Data quality,Datalake Integration,Reference data,,,,,,,,,,,,,,,
,,Last Released Assessment,DATA,null,Score,0,0,0,0,0,0,0,0,,,,,,,,,,,,,,,
,,Last Released Assessment,DATA,null,Level,0,0,0,0,0,0,0,0,,,,,,,,,,,,,,,
,,Last Released Assessment -1,DATA,null,Score,0,0,0,0,0,0,0,0,,,,,,,,,,,,,,,
,,Last Released Assessment -1,DATA,null,Level,0,0,0,0,0,0,0,0,,,,,,,,,,,,,,,
,,Last Pending Assessment snapshot,DATA,2026-09-11,Percentage,1,0,0,0,0,0,0,0,,,,,,,,,,,,,,,
,,Last Pending Assessment snapshot -1,DATA,null,Percentage,0,0,0,0,0,0,0,0,,,,,,,,,,,,,,,
,ORDER_AMENDMENT_BACK,Unknown - ???,DELIVERY,,,Global,Accelerate,Application Configuration Management,Chaos Engineering,Continous Integration,Continuous Deployment,Database Control,Documentation,Service Availability,Workflows,,,,,,,,,,,,,
,,Last Released Assessment,DELIVERY,2025-02-25,Score,"3,571",4,5,2,5,4,"3,333",0,5,0,,,,,,,,,,,,,
,,Last Released Assessment,DELIVERY,2025-02-25,Level,2,4,4,2,2,4,2,0,4,0,,,,,,,,,,,,,
,,Last Released Assessment -1,DELIVERY,2024-09-05,Score,"2,393",3,"2,5",2,5,3,"3,333",0,"1,25",0,,,,,,,,,,,,,
,,Last Released Assessment -1,DELIVERY,2024-09-05,Level,0,3,0,2,2,0,2,0,0,0,,,,,,,,,,,,,
,,Last Pending Assessment snapshot,DELIVERY,2026-09-11,Percentage,1,0,0,0,0,0,0,0,0,0,,,,,,,,,,,,,
,,Last Pending Assessment snapshot -1,DELIVERY,null,Percentage,0,0,0,0,0,0,0,0,0,0,,,,,,,,,,,,,
,ORDER_AMENDMENT_BACK,,DESIGN,,,Global,Design,Design for all,Documentation,Libraries & plugins,Prototype,Tools,Workflow,,,,,,,,,,,,,,,
,,Last Released Assessment,DESIGN,null,Score,0,0,0,0,0,0,0,0,,,,,,,,,,,,,,,
,,Last Released Assessment,DESIGN,null,Level,0,0,0,0,0,0,0,0,,,,,,,,,,,,,,,
,,Last Released Assessment -1,DESIGN,null,Score,0,0,0,0,0,0,0,0,,,,,,,,,,,,,,,
,,Last Released Assessment -1,DESIGN,null,Level,0,0,0,0,0,0,0,0,,,,,,,,,,,,,,,
,,Last Pending Assessment snapshot,DESIGN,null,Percentage,0,0,0,0,0,0,0,0,,,,,,,,,,,,,,,
,,Last Pending Assessment snapshot -1,DESIGN,null,Percentage,0,0,0,0,0,0,0,0,,,,,,,,,,,,,,,
,ORDER_AMENDMENT_BACK,Unknown - ???,DEV,,,Global,API,Analytics,Architecture Decision Record,Authentication,BFF,Business & strategy,Code Management,Data Factory,Data Management,Delivery,Design System,Documentation,Model Management,Observability,Performance,Reliability,Software Design,Source Control,System Design Documents,Team,Tech Radar,Versionning
,,Last Released Assessment,DEV,2024-09-05,Score,"2,525","4,375",0,0,0,0,0,0,0,0,0,0,0,0,"3,333",0,0,0,"3,333",0,"0,313",4,0
,,Last Released Assessment,DEV,2024-09-05,Level,0,3,0,0,0,0,0,0,0,0,0,0,0,0,3,0,0,0,1,0,0,4,0
,,Last Released Assessment -1,DEV,null,Score,0,0,0,0,0,0,0,0,0,0,0,0,0,0,0,0,0,0,0,0,0,0,0
,,Last Released Assessment -1,DEV,null,Level,0,0,0,0,0,0,0,0,0,0,0,0,0,0,0,0,0,0,0,0,0,0,0
,,Last Pending Assessment snapshot,DEV,2026-09-11,Percentage,1,0,0,0,0,0,0,0,0,0,0,0,0,0,0,0,0,0,0,0,0,0,0
,,Last Pending Assessment snapshot -1,DEV,null,Percentage,0,0,0,0,0,0,0,0,0,0,0,0,0,0,0,0,0,0,0,0,0,0,0
,ORDER_AMENDMENT_BACK,Unknown - ???,INFRA,,,Global,Cloud Native Design,Configuration / Infra Management,Database Management,Hosting Solution,Reproducibility,Secrets Management,Security,Storage Management (for unstructured data),,,,,,,,,,,,,,
,,Last Released Assessment,INFRA,2025-02-25,Score,"3,25",5,5,2,"3,333",0,"3,75",0,0,,,,,,,,,,,,,,
,,Last Released Assessment,INFRA,2025-02-25,Level,2,4,3,2,3,0,4,0,0,,,,,,,,,,,,,,
,,Last Released Assessment -1,INFRA,2024-09-05,Score,3,5,"3,333",2,"3,333",0,"3,75",0,0,,,,,,,,,,,,,,
,,Last Released Assessment -1,INFRA,2024-09-05,Level,1,4,1,2,3,0,4,0,0,,,,,,,,,,,,,,
,,Last Pending Assessment snapshot,INFRA,2026-09-11,Percentage,1,0,0,0,0,0,0,0,0,,,,,,,,,,,,,,
,,Last Pending Assessment snapshot -1,INFRA,null,Percentage,0,0,0,0,0,0,0,0,0,,,,,,,,,,,,,,
,ORDER_AMENDMENT_BACK,Unknown - ???,OPERATION,,,Global,Availability / Risk Management,Change Management,Event Management,Incident Management,Knowledge / Continuous Improvement Management,Problem Management,Service Catalog Management,Service Level Management,Service Request Management,,,,,,,,,,,,,
,,Last Released Assessment,OPERATION,2024-09-05,Score,"1,382",1,"1,333","2,5","2,958",0,3,1,"1,25",2,,,,,,,,,,,,,
,,Last Released Assessment,OPERATION,2024-09-05,Level,0,1,1,2,2,0,3,1,1,2,,,,,,,,,,,,,
,,Last Released Assessment -1,OPERATION,null,Score,0,0,0,0,0,0,0,0,0,0,,,,,,,,,,,,,
,,Last Released Assessment -1,OPERATION,null,Level,0,0,0,0,0,0,0,0,0,0,,,,,,,,,,,,,
,,Last Pending Assessment snapshot,OPERATION,2026-09-11,Percentage,1,0,0,0,0,0,0,0,0,0,,,,,,,,,,,,,
,,Last Pending Assessment snapshot -1,OPERATION,null,Percentage,0,0,0,0,0,0,0,0,0,0,,,,,,,,,,,,,
,ORDER_AMENDMENT_BACK,Unknown - ???,PROCESS_PRACTICES,,,Global,Culture,Lean Management,Product & Process,User needs,,,,,,,,,,,,,,,,,,
,,Last Released Assessment,PROCESS_PRACTICES,2025-02-25,Score,"4,673",5,5,"4,028",5,,,,,,,,,,,,,,,,,,
,,Last Released Assessment,PROCESS_PRACTICES,2025-02-25,Level,0,3,3,0,3,,,,,,,,,,,,,,,,,,
,,Last Released Assessment -1,PROCESS_PRACTICES,2024-08-30,Score,"4,673",5,5,"4,583","4,167",,,,,,,,,,,,,,,,,,
,,Last Released Assessment -1,PROCESS_PRACTICES,2024-08-30,Level,0,3,3,0,2,,,,,,,,,,,,,,,,,,
,,Last Pending Assessment snapshot,PROCESS_PRACTICES,2026-09-11,Percentage,1,0,0,0,0,,,,,,,,,,,,,,,,,,
,,Last Pending Assessment snapshot -1,PROCESS_PRACTICES,null,Percentage,0,0,0,0,0,,,,,,,,,,,,,,,,,,
,ORDER_AMENDMENT_BACK,Unknown - ???,QUALITY,,,Global,Integration Tests,Organization,Performance Tests,Practices,Qualimetry,Static Code Analysis,Unit Tests,,,,,,,,,,,,,,,
,,Last Released Assessment,QUALITY,2025-03-20,Score,"2,361",5,"2,222","2,5","1,167","2,5",5,5,,,,,,,,,,,,,,,
,,Last Released Assessment,QUALITY,2025-03-20,Level,0,2,0,2,0,0,4,4,,,,,,,,,,,,,,,
,,Last Released Assessment -1,QUALITY,2024-09-05,Score,"2,185","3,333","2,222","2,5",1,"1,875",5,5,,,,,,,,,,,,,,,
,,Last Released Assessment -1,QUALITY,2024-09-05,Level,0,2,0,2,0,0,4,4,,,,,,,,,,,,,,,
,,Last Pending Assessment snapshot,QUALITY,2026-09-11,Percentage,1,0,0,0,0,0,0,0,,,,,,,,,,,,,,,
,,Last Pending Assessment snapshot -1,QUALITY,null,Percentage,0,0,0,0,0,0,0,0,,,,,,,,,,,,,,,
,ORDER_AMENDMENT_BACK,Unknown - ???,SECURITY,,,Global,Code/Build,Design,Operate/Monitor,Organisation,Requirement,Test,,,,,,,,,,,,,,,,
,,Last Released Assessment,SECURITY,2025-03-20,Score,"2,604","4,444","2,5","3,333","2,222",0,"0,625",,,,,,,,,,,,,,,,
,,Last Released Assessment,SECURITY,2025-03-20,Level,0,2,2,2,1,0,0,,,,,,,,,,,,,,,,
,,Last Released Assessment -1,SECURITY,2024-09-05,Score,"1,479","1,25","1,25","3,333","2,222",0,0,,,,,,,,,,,,,,,,
,,Last Released Assessment -1,SECURITY,2024-09-05,Level,0,0,0,2,1,0,0,,,,,,,,,,,,,,,,
,,Last Pending Assessment snapshot,SECURITY,2026-09-11,Percentage,1,0,0,0,0,0,0,,,,,,,,,,,,,,,,
,,Last Pending Assessment snapshot -1,SECURITY,null,Percentage,0,0,0,0,0,0,0,,,,,,,,,,,,,,,,
,ORDER_AMENDMENT_BACK,,STREAMING,,,Global,Event Streams,Infrastructure,Observability,Security,,,,,,,,,,,,,,,,,,
,,Last Released Assessment,STREAMING,null,Score,0,0,0,0,0,,,,,,,,,,,,,,,,,,
,,Last Released Assessment,STREAMING,null,Level,0,0,0,0,0,,,,,,,,,,,,,,,,,,
,,Last Released Assessment -1,STREAMING,null,Score,0,0,0,0,0,,,,,,,,,,,,,,,,,,
,,Last Released Assessment -1,STREAMING,null,Level,0,0,0,0,0,,,,,,,,,,,,,,,,,,
,,Last Pending Assessment snapshot,STREAMING,null,Percentage,0,0,0,0,0,,,,,,,,,,,,,,,,,,
,,Last Pending Assessment snapshot -1,STREAMING,null,Percentage,0,0,0,0,0,,,,,,,,,,,,,,,,,,
,ORDER_AMENDMENT_BACK,,ACCESSIBILITY,,,Global,Accessibility,,,,,,,,,,,,,,,,,,,,,
,,Last Released Assessment,ACCESSIBILITY,null,Score,0,0,,,,,,,,,,,,,,,,,,,,,
,,Last Released Assessment,ACCESSIBILITY,null,Level,0,0,,,,,,,,,,,,,,,,,,,,,
,,Last Released Assessment -1,ACCESSIBILITY,null,Score,0,0,,,,,,,,,,,,,,,,,,,,,
,,Last Released Assessment -1,ACCESSIBILITY,null,Level,0,0,,,,,,,,,,,,,,,,,,,,,
,,Last Pending Assessment snapshot,ACCESSIBILITY,null,Percentage,0,0,,,,,,,,,,,,,,,,,,,,,
,,Last Pending Assessment snapshot -1,ACCESSIBILITY,null,Percentage,0,0,,,,,,,,,,,,,,,,,,,,,
,ORDER_AMENDMENT_FRONT,Tom Lamb,DATA,,,Global,Critical Data,Data documentation,Data governance,Data privacy,Data quality,Datalake Integration,Reference data,,,,,,,,,,,,,,,
,,Last Released Assessment,DATA,2025-12-15,Score,"0,333",0,"1,25",0,0,0,0,0,,,,,,,,,,,,,,,
,,Last Released Assessment,DATA,2025-12-15,Level,0,0,1,0,0,0,0,0,,,,,,,,,,,,,,,
,,Last Released Assessment -1,DATA,null,Score,0,0,0,0,0,0,0,0,,,,,,,,,,,,,,,
,,Last Released Assessment -1,DATA,null,Level,0,0,0,0,0,0,0,0,,,,,,,,,,,,,,,
,,Last Pending Assessment snapshot,DATA,null,Percentage,0,0,0,0,0,0,0,0,,,,,,,,,,,,,,,
,,Last Pending Assessment snapshot -1,DATA,null,Percentage,0,0,0,0,0,0,0,0,,,,,,,,,,,,,,,
,ORDER_AMENDMENT_FRONT,Tom Lamb,DELIVERY,,,Global,Accelerate,Application Configuration Management,Chaos Engineering,Continous Integration,Continuous Deployment,Database Control,Documentation,Service Availability,Workflows,,,,,,,,,,,,,
,,Last Released Assessment,DELIVERY,2025-12-15,Score,"3,799",4,5,4,5,"4,333",0,0,"1,5",5,,,,,,,,,,,,,
,,Last Released Assessment,DELIVERY,2025-12-15,Level,1,4,4,4,2,4,0,0,1,2,,,,,,,,,,,,,
,,Last Released Assessment -1,DELIVERY,2025-02-26,Score,"3,367",4,"3,75","3,75",5,"2,5",0,0,5,0,,,,,,,,,,,,,
,,Last Released Assessment -1,DELIVERY,2025-02-26,Level,0,4,3,3,2,0,0,0,4,0,,,,,,,,,,,,,
,,Last Pending Assessment snapshot,DELIVERY,null,Percentage,0,0,0,0,0,0,0,0,0,0,,,,,,,,,,,,,
,,Last Pending Assessment snapshot -1,DELIVERY,null,Percentage,0,0,0,0,0,0,0,0,0,0,,,,,,,,,,,,,
,ORDER_AMENDMENT_FRONT,Tom Lamb,DESIGN,,,Global,Design,Design for all,Documentation,Libraries & plugins,Prototype,Tools,Workflow,,,,,,,,,,,,,,,
,,Last Released Assessment,DESIGN,2025-12-15,Score,"3,08","3,333",5,0,5,5,5,"1,667",,,,,,,,,,,,,,,
,,Last Released Assessment,DESIGN,2025-12-15,Level,0,1,1,0,2,2,1,0,,,,,,,,,,,,,,,
,,Last Released Assessment -1,DESIGN,2025-02-26,Score,"3,08","3,333",5,0,5,5,5,"1,667",,,,,,,,,,,,,,,
,,Last Released Assessment -1,DESIGN,2025-02-26,Level,0,1,1,0,2,2,1,0,,,,,,,,,,,,,,,
,,Last Pending Assessment snapshot,DESIGN,null,Percentage,0,0,0,0,0,0,0,0,,,,,,,,,,,,,,,
,,Last Pending Assessment snapshot -1,DESIGN,null,Percentage,0,0,0,0,0,0,0,0,,,,,,,,,,,,,,,
,ORDER_AMENDMENT_FRONT,Tom Lamb,DEV,,,Global,API,Analytics,Architecture Decision Record,Authentication,BFF,Business & strategy,Code Management,Data Factory,Data Management,Delivery,Design System,Documentation,Model Management,Observability,Performance,Reliability,Software Design,Source Control,System Design Documents,Team,Tech Radar,Versionning
,,Last Released Assessment,DEV,2025-12-15,Score,"2,982",0,0,0,5,"3,75",0,0,0,0,0,5,0,0,4,"1,25",1,0,5,0,5,5,0
,,Last Released Assessment,DEV,2025-12-15,Level,0,0,0,0,3,1,0,0,0,0,0,4,0,0,0,1,1,0,4,0,2,4,0
,,Last Released Assessment -1,DEV,2025-02-28,Score,"2,503",0,0,0,5,0,0,0,0,0,0,5,0,0,"1,25","1,25",0,0,"4,688",0,"1,563",5,0
,,Last Released Assessment -1,DEV,2025-02-28,Level,0,0,0,0,3,0,0,0,0,0,0,4,0,0,0,1,0,0,2,0,1,5,0
,,Last Pending Assessment snapshot,DEV,null,Percentage,0,0,0,0,0,0,0,0,0,0,0,0,0,0,0,0,0,0,0,0,0,0,0
,,Last Pending Assessment snapshot -1,DEV,null,Percentage,0,0,0,0,0,0,0,0,0,0,0,0,0,0,0,0,0,0,0,0,0,0,0
,ORDER_AMENDMENT_FRONT,Tom Lamb,INFRA,,,Global,Cloud Native Design,Configuration / Infra Management,Database Management,Hosting Solution,Reproducibility,Secrets Management,Security,Storage Management (for unstructured data),,,,,,,,,,,,,,
,,Last Released Assessment,INFRA,2025-12-15,Score,4,5,5,0,5,0,4,0,0,,,,,,,,,,,,,,
,,Last Released Assessment,INFRA,2025-12-15,Level,4,4,3,0,4,0,4,0,0,,,,,,,,,,,,,,
,,Last Released Assessment -1,INFRA,2025-02-26,Score,"3,667",5,5,0,"3,333",0,4,0,0,,,,,,,,,,,,,,
,,Last Released Assessment -1,INFRA,2025-02-26,Level,3,4,3,0,3,0,4,0,0,,,,,,,,,,,,,,
,,Last Pending Assessment snapshot,INFRA,null,Percentage,0,0,0,0,0,0,0,0,0,,,,,,,,,,,,,,
,,Last Pending Assessment snapshot -1,INFRA,null,Percentage,0,0,0,0,0,0,0,0,0,,,,,,,,,,,,,,
,ORDER_AMENDMENT_FRONT,Unknown - ???,OPERATION,,,Global,Availability / Risk Management,Change Management,Event Management,Incident Management,Knowledge / Continuous Improvement Management,Problem Management,Service Catalog Management,Service Level Management,Service Request Management,,,,,,,,,,,,,
,,Last Released Assessment,OPERATION,2024-09-03,Score,"1,409",1,"1,333","2,5","3,75",0,3,1,"1,25",2,,,,,,,,,,,,,
,,Last Released Assessment,OPERATION,2024-09-03,Level,0,1,1,2,2,0,3,1,1,2,,,,,,,,,,,,,
,,Last Released Assessment -1,OPERATION,null,Score,0,0,0,0,0,0,0,0,0,0,,,,,,,,,,,,,
,,Last Released Assessment -1,OPERATION,null,Level,0,0,0,0,0,0,0,0,0,0,,,,,,,,,,,,,
,,Last Pending Assessment snapshot,OPERATION,2026-09-11,Percentage,"0,36",0,0,0,0,0,0,0,0,0,,,,,,,,,,,,,
,,Last Pending Assessment snapshot -1,OPERATION,null,Percentage,0,0,0,0,0,0,0,0,0,0,,,,,,,,,,,,,
,ORDER_AMENDMENT_FRONT,Tom Lamb,PROCESS_PRACTICES,,,Global,Culture,Lean Management,Product & Process,User needs,,,,,,,,,,,,,,,,,,
,,Last Released Assessment,PROCESS_PRACTICES,2025-12-15,Score,"4,673",5,5,"4,028",5,,,,,,,,,,,,,,,,,,
,,Last Released Assessment,PROCESS_PRACTICES,2025-12-15,Level,0,3,3,0,3,,,,,,,,,,,,,,,,,,
,,Last Released Assessment -1,PROCESS_PRACTICES,2025-02-25,Score,"4,673",5,5,"4,028",5,,,,,,,,,,,,,,,,,,
,,Last Released Assessment -1,PROCESS_PRACTICES,2025-02-25,Level,0,3,3,0,3,,,,,,,,,,,,,,,,,,
,,Last Pending Assessment snapshot,PROCESS_PRACTICES,null,Percentage,0,0,0,0,0,,,,,,,,,,,,,,,,,,
,,Last Pending Assessment snapshot -1,PROCESS_PRACTICES,null,Percentage,0,0,0,0,0,,,,,,,,,,,,,,,,,,
,ORDER_AMENDMENT_FRONT,Tom Lamb,QUALITY,,,Global,Integration Tests,Organization,Performance Tests,Practices,Qualimetry,Static Code Analysis,Unit Tests,,,,,,,,,,,,,,,
,,Last Released Assessment,QUALITY,2025-12-15,Score,"2,308","2,222","2,222",0,"2,4","0,833",5,5,,,,,,,,,,,,,,,
,,Last Released Assessment,QUALITY,2025-12-15,Level,0,0,0,0,0,0,4,4,,,,,,,,,,,,,,,
,,Last Released Assessment -1,QUALITY,2025-02-28,Score,"2,258","1,389","2,222",0,"2,5","1,563",5,5,,,,,,,,,,,,,,,
,,Last Released Assessment -1,QUALITY,2025-02-28,Level,0,0,0,0,0,0,4,4,,,,,,,,,,,,,,,
,,Last Pending Assessment snapshot,QUALITY,null,Percentage,0,0,0,0,0,0,0,0,,,,,,,,,,,,,,,
,,Last Pending Assessment snapshot -1,QUALITY,null,Percentage,0,0,0,0,0,0,0,0,,,,,,,,,,,,,,,
,ORDER_AMENDMENT_FRONT,Tom Lamb,SECURITY,,,Global,Code/Build,Design,Operate/Monitor,Organisation,Requirement,Test,,,,,,,,,,,,,,,,
,,Last Released Assessment,SECURITY,2025-12-15,Score,"3,917",3,"3,333",5,5,0,"4,167",,,,,,,,,,,,,,,,
,,Last Released Assessment,SECURITY,2025-12-15,Level,0,0,2,4,3,0,0,,,,,,,,,,,,,,,,
,,Last Released Assessment -1,SECURITY,2025-02-26,Score,"2,708","2,292","2,5",5,"3,333",0,"1,875",,,,,,,,,,,,,,,,
,,Last Released Assessment -1,SECURITY,2025-02-26,Level,0,0,2,3,2,0,0,,,,,,,,,,,,,,,,
,,Last Pending Assessment snapshot,SECURITY,null,Percentage,0,0,0,0,0,0,0,,,,,,,,,,,,,,,,
,,Last Pending Assessment snapshot -1,SECURITY,null,Percentage,0,0,0,0,0,0,0,,,,,,,,,,,,,,,,
,ORDER_AMENDMENT_FRONT,,STREAMING,,,Global,Event Streams,Infrastructure,Observability,Security,,,,,,,,,,,,,,,,,,
,,Last Released Assessment,STREAMING,null,Score,0,0,0,0,0,,,,,,,,,,,,,,,,,,
,,Last Released Assessment,STREAMING,null,Level,0,0,0,0,0,,,,,,,,,,,,,,,,,,
,,Last Released Assessment -1,STREAMING,null,Score,0,0,0,0,0,,,,,,,,,,,,,,,,,,
,,Last Released Assessment -1,STREAMING,null,Level,0,0,0,0,0,,,,,,,,,,,,,,,,,,
,,Last Pending Assessment snapshot,STREAMING,null,Percentage,0,0,0,0,0,,,,,,,,,,,,,,,,,,
,,Last Pending Assessment snapshot -1,STREAMING,null,Percentage,0,0,0,0,0,,,,,,,,,,,,,,,,,,
,ORDER_AMENDMENT_FRONT,,ACCESSIBILITY,,,Global,Accessibility,,,,,,,,,,,,,,,,,,,,,
,,Last Released Assessment,ACCESSIBILITY,null,Score,0,0,,,,,,,,,,,,,,,,,,,,,
,,Last Released Assessment,ACCESSIBILITY,null,Level,0,0,,,,,,,,,,,,,,,,,,,,,
,,Last Released Assessment -1,ACCESSIBILITY,null,Score,0,0,,,,,,,,,,,,,,,,,,,,,
,,Last Released Assessment -1,ACCESSIBILITY,null,Level,0,0,,,,,,,,,,,,,,,,,,,,,
,,Last Pending Assessment snapshot,ACCESSIBILITY,null,Percentage,0,0,,,,,,,,,,,,,,,,,,,,,
,,Last Pending Assessment snapshot -1,ACCESSIBILITY,null,Percentage,0,0,,,,,,,,,,,,,,,,,,,,,
,ORDER_DELIVERY_PARTNER,Sebastien Guisse,DATA,,,Global,Critical Data,Data documentation,Data governance,Data privacy,Data quality,Datalake Integration,Reference data,,,,,,,,,,,,,,,
,,Last Released Assessment,DATA,2025-12-11,Score,"2,167",0,"2,5","1,5",0,"1,25",0,"3,75",,,,,,,,,,,,,,,
,,Last Released Assessment,DATA,2025-12-11,Level,0,0,1,0,0,0,0,3,,,,,,,,,,,,,,,
,,Last Released Assessment -1,DATA,2025-04-11,Score,"2,167",0,"2,5","1,5",0,"1,25",0,"3,75",,,,,,,,,,,,,,,
,,Last Released Assessment -1,DATA,2025-04-11,Level,0,0,1,0,0,0,0,3,,,,,,,,,,,,,,,
,,Last Pending Assessment snapshot,DATA,null,Percentage,0,0,0,0,0,0,0,0,,,,,,,,,,,,,,,
,,Last Pending Assessment snapshot -1,DATA,null,Percentage,0,0,0,0,0,0,0,0,,,,,,,,,,,,,,,
,ORDER_DELIVERY_PARTNER,Sebastien Guisse,DELIVERY,,,Global,Accelerate,Application Configuration Management,Chaos Engineering,Continous Integration,Continuous Deployment,Database Control,Documentation,Service Availability,Workflows,,,,,,,,,,,,,
,,Last Released Assessment,DELIVERY,2025-12-11,Score,"3,746",5,5,"3,333",5,"3,667","3,333",0,3,0,,,,,,,,,,,,,
,,Last Released Assessment,DELIVERY,2025-12-11,Level,1,5,4,4,2,2,2,0,3,0,,,,,,,,,,,,,
,,Last Released Assessment -1,DELIVERY,2025-04-11,Score,"3,746",5,5,"3,333",5,"3,667","3,333",0,3,0,,,,,,,,,,,,,
,,Last Released Assessment -1,DELIVERY,2025-04-11,Level,1,5,4,4,2,2,2,0,3,0,,,,,,,,,,,,,
,,Last Pending Assessment snapshot,DELIVERY,null,Percentage,0,0,0,0,0,0,0,0,0,0,,,,,,,,,,,,,
,,Last Pending Assessment snapshot -1,DELIVERY,null,Percentage,0,0,0,0,0,0,0,0,0,0,,,,,,,,,,,,,
,ORDER_DELIVERY_PARTNER,,DESIGN,,,Global,Design,Design for all,Documentation,Libraries & plugins,Prototype,Tools,Workflow,,,,,,,,,,,,,,,
,,Last Released Assessment,DESIGN,null,Score,0,0,0,0,0,0,0,0,,,,,,,,,,,,,,,
,,Last Released Assessment,DESIGN,null,Level,0,0,0,0,0,0,0,0,,,,,,,,,,,,,,,
,,Last Released Assessment -1,DESIGN,null,Score,0,0,0,0,0,0,0,0,,,,,,,,,,,,,,,
,,Last Released Assessment -1,DESIGN,null,Level,0,0,0,0,0,0,0,0,,,,,,,,,,,,,,,
,,Last Pending Assessment snapshot,DESIGN,null,Percentage,0,0,0,0,0,0,0,0,,,,,,,,,,,,,,,
,,Last Pending Assessment snapshot -1,DESIGN,null,Percentage,0,0,0,0,0,0,0,0,,,,,,,,,,,,,,,
,ORDER_DELIVERY_PARTNER,Sebastien Guisse,DEV,,,Global,API,Analytics,Architecture Decision Record,Authentication,BFF,Business & strategy,Code Management,Data Factory,Data Management,Delivery,Design System,Documentation,Model Management,Observability,Performance,Reliability,Software Design,Source Control,System Design Documents,Team,Tech Radar,Versionning
,,Last Released Assessment,DEV,2025-12-11,Score,"3,679","3,75",0,0,0,0,0,0,0,0,0,0,0,0,5,0,"3,125",0,"3,75",0,5,5,0
,,Last Released Assessment,DEV,2025-12-11,Level,3,3,0,0,0,0,0,0,0,0,0,0,0,0,5,0,3,0,3,0,3,4,0
,,Last Released Assessment -1,DEV,2025-04-11,Score,"3,679","3,75",0,0,0,0,0,0,0,0,0,0,0,0,5,0,"3,125",0,"3,75",0,5,5,0
,,Last Released Assessment -1,DEV,2025-04-11,Level,3,3,0,0,0,0,0,0,0,0,0,0,0,0,5,0,3,0,3,0,3,4,0
,,Last Pending Assessment snapshot,DEV,null,Percentage,0,0,0,0,0,0,0,0,0,0,0,0,0,0,0,0,0,0,0,0,0,0,0
,,Last Pending Assessment snapshot -1,DEV,null,Percentage,0,0,0,0,0,0,0,0,0,0,0,0,0,0,0,0,0,0,0,0,0,0,0
,ORDER_DELIVERY_PARTNER,Sebastien Guisse,INFRA,,,Global,Cloud Native Design,Configuration / Infra Management,Database Management,Hosting Solution,Reproducibility,Secrets Management,Security,Storage Management (for unstructured data),,,,,,,,,,,,,,
,,Last Released Assessment,INFRA,2025-12-11,Score,4,5,5,4,5,0,4,0,5,,,,,,,,,,,,,,
,,Last Released Assessment,INFRA,2025-12-11,Level,4,4,3,4,4,0,4,0,3,,,,,,,,,,,,,,
,,Last Released Assessment -1,INFRA,2025-04-11,Score,4,5,5,4,5,0,4,0,5,,,,,,,,,,,,,,
,,Last Released Assessment -1,INFRA,2025-04-11,Level,4,4,3,4,4,0,4,0,3,,,,,,,,,,,,,,
,,Last Pending Assessment snapshot,INFRA,null,Percentage,0,0,0,0,0,0,0,0,0,,,,,,,,,,,,,,
,,Last Pending Assessment snapshot -1,INFRA,null,Percentage,0,0,0,0,0,0,0,0,0,,,,,,,,,,,,,,
,ORDER_DELIVERY_PARTNER,Sebastien Guisse,OPERATION,,,Global,Availability / Risk Management,Change Management,Event Management,Incident Management,Knowledge / Continuous Improvement Management,Problem Management,Service Catalog Management,Service Level Management,Service Request Management,,,,,,,,,,,,,
,,Last Released Assessment,OPERATION,2025-12-11,Score,"4,611","3,542","4,083",5,"4,688",5,5,5,"4,688",5,,,,,,,,,,,,,
,,Last Released Assessment,OPERATION,2025-12-11,Level,2,2,2,5,3,5,5,4,4,5,,,,,,,,,,,,,
,,Last Released Assessment -1,OPERATION,2025-04-11,Score,"4,611","3,542","4,083",5,"4,688",5,5,5,"4,688",5,,,,,,,,,,,,,
,,Last Released Assessment -1,OPERATION,2025-04-11,Level,2,2,2,5,3,5,5,4,4,5,,,,,,,,,,,,,
,,Last Pending Assessment snapshot,OPERATION,null,Percentage,0,0,0,0,0,0,0,0,0,0,,,,,,,,,,,,,
,,Last Pending Assessment snapshot -1,OPERATION,null,Percentage,0,0,0,0,0,0,0,0,0,0,,,,,,,,,,,,,
,ORDER_DELIVERY_PARTNER,Sebastien Guisse,PROCESS_PRACTICES,,,Global,Culture,Lean Management,Product & Process,User needs,,,,,,,,,,,,,,,,,,
,,Last Released Assessment,PROCESS_PRACTICES,2025-12-11,Score,"4,249",5,"4,111","4,306","3,611",,,,,,,,,,,,,,,,,,
,,Last Released Assessment,PROCESS_PRACTICES,2025-12-11,Level,0,3,0,0,1,,,,,,,,,,,,,,,,,,
,,Last Released Assessment -1,PROCESS_PRACTICES,2025-04-11,Score,"4,249",5,"4,111","4,306","3,611",,,,,,,,,,,,,,,,,,
,,Last Released Assessment -1,PROCESS_PRACTICES,2025-04-11,Level,0,3,0,0,1,,,,,,,,,,,,,,,,,,
,,Last Pending Assessment snapshot,PROCESS_PRACTICES,null,Percentage,0,0,0,0,0,,,,,,,,,,,,,,,,,,
,,Last Pending Assessment snapshot -1,PROCESS_PRACTICES,null,Percentage,0,0,0,0,0,,,,,,,,,,,,,,,,,,
,ORDER_DELIVERY_PARTNER,Sebastien Guisse,QUALITY,,,Global,Integration Tests,Organization,Performance Tests,Practices,Qualimetry,Static Code Analysis,Unit Tests,,,,,,,,,,,,,,,
,,Last Released Assessment,QUALITY,2025-12-11,Score,"3,381","3,333",5,"2,5",4,"3,333",5,5,,,,,,,,,,,,,,,
,,Last Released Assessment,QUALITY,2025-12-11,Level,2,2,3,2,4,2,4,4,,,,,,,,,,,,,,,
,,Last Released Assessment -1,QUALITY,2025-04-11,Score,"3,381","3,333",5,"2,5",4,"3,333",5,5,,,,,,,,,,,,,,,
,,Last Released Assessment -1,QUALITY,2025-04-11,Level,2,2,3,2,4,2,4,4,,,,,,,,,,,,,,,
,,Last Pending Assessment snapshot,QUALITY,null,Percentage,0,0,0,0,0,0,0,0,,,,,,,,,,,,,,,
,,Last Pending Assessment snapshot -1,QUALITY,null,Percentage,0,0,0,0,0,0,0,0,,,,,,,,,,,,,,,
,ORDER_DELIVERY_PARTNER,Sebastien Guisse,SECURITY,,,Global,Code/Build,Design,Operate/Monitor,Organisation,Requirement,Test,,,,,,,,,,,,,,,,
,,Last Released Assessment,SECURITY,2025-12-11,Score,"2,819","3,3","1,667","3,333","4,167",0,5,,,,,,,,,,,,,,,,
,,Last Released Assessment,SECURITY,2025-12-11,Level,0,2,1,3,0,0,3,,,,,,,,,,,,,,,,
,,Last Released Assessment -1,SECURITY,2025-04-11,Score,"2,819","3,3","1,667","3,333","4,167",0,5,,,,,,,,,,,,,,,,
,,Last Released Assessment -1,SECURITY,2025-04-11,Level,0,2,1,3,0,0,3,,,,,,,,,,,,,,,,
,,Last Pending Assessment snapshot,SECURITY,null,Percentage,0,0,0,0,0,0,0,,,,,,,,,,,,,,,,
,,Last Pending Assessment snapshot -1,SECURITY,null,Percentage,0,0,0,0,0,0,0,,,,,,,,,,,,,,,,
,ORDER_DELIVERY_PARTNER,,STREAMING,,,Global,Event Streams,Infrastructure,Observability,Security,,,,,,,,,,,,,,,,,,
,,Last Released Assessment,STREAMING,null,Score,0,0,0,0,0,,,,,,,,,,,,,,,,,,
,,Last Released Assessment,STREAMING,null,Level,0,0,0,0,0,,,,,,,,,,,,,,,,,,
,,Last Released Assessment -1,STREAMING,null,Score,0,0,0,0,0,,,,,,,,,,,,,,,,,,
,,Last Released Assessment -1,STREAMING,null,Level,0,0,0,0,0,,,,,,,,,,,,,,,,,,
,,Last Pending Assessment snapshot,STREAMING,null,Percentage,0,0,0,0,0,,,,,,,,,,,,,,,,,,
,,Last Pending Assessment snapshot -1,STREAMING,null,Percentage,0,0,0,0,0,,,,,,,,,,,,,,,,,,
,ORDER_DELIVERY_PARTNER,,ACCESSIBILITY,,,Global,Accessibility,,,,,,,,,,,,,,,,,,,,,
,,Last Released Assessment,ACCESSIBILITY,null,Score,0,0,,,,,,,,,,,,,,,,,,,,,
,,Last Released Assessment,ACCESSIBILITY,null,Level,0,0,,,,,,,,,,,,,,,,,,,,,
,,Last Released Assessment -1,ACCESSIBILITY,null,Score,0,0,,,,,,,,,,,,,,,,,,,,,
,,Last Released Assessment -1,ACCESSIBILITY,null,Level,0,0,,,,,,,,,,,,,,,,,,,,,
,,Last Pending Assessment snapshot,ACCESSIBILITY,null,Percentage,0,0,,,,,,,,,,,,,,,,,,,,,
,,Last Pending Assessment snapshot -1,ACCESSIBILITY,null,Percentage,0,0,,,,,,,,,,,,,,,,,,,,,
,ORDER_MANAGEMENT_PURCHASE_ORDER_API,Youcef Moukeut,DATA,,,Global,Critical Data,Data documentation,Data governance,Data privacy,Data quality,Datalake Integration,Reference data,,,,,,,,,,,,,,,
,,Last Released Assessment,DATA,2025-12-17,Score,"3,562",0,5,5,"2,5",3,0,"3,75",,,,,,,,,,,,,,,
,,Last Released Assessment,DATA,2025-12-17,Level,1,0,4,5,1,3,0,3,,,,,,,,,,,,,,,
,,Last Released Assessment -1,DATA,null,Score,0,0,0,0,0,0,0,0,,,,,,,,,,,,,,,
,,Last Released Assessment -1,DATA,null,Level,0,0,0,0,0,0,0,0,,,,,,,,,,,,,,,
,,Last Pending Assessment snapshot,DATA,null,Percentage,0,0,0,0,0,0,0,0,,,,,,,,,,,,,,,
,,Last Pending Assessment snapshot -1,DATA,null,Percentage,0,0,0,0,0,0,0,0,,,,,,,,,,,,,,,
,ORDER_MANAGEMENT_PURCHASE_ORDER_API,Youcef Moukeut,DELIVERY,,,Global,Accelerate,Application Configuration Management,Chaos Engineering,Continous Integration,Continuous Deployment,Database Control,Documentation,Service Availability,Workflows,,,,,,,,,,,,,
,,Last Released Assessment,DELIVERY,2025-12-15,Score,"3,738","3,5","3,75",4,5,4,5,0,4,5,,,,,,,,,,,,,
,,Last Released Assessment,DELIVERY,2025-12-15,Level,3,3,3,4,2,4,3,0,3,2,,,,,,,,,,,,,
,,Last Released Assessment -1,DELIVERY,2025-06-10,Score,"3,714",4,"3,75",4,5,4,5,0,3,5,,,,,,,,,,,,,
,,Last Released Assessment -1,DELIVERY,2025-06-10,Level,3,4,3,4,2,4,3,0,3,2,,,,,,,,,,,,,
,,Last Pending Assessment snapshot,DELIVERY,null,Percentage,0,0,0,0,0,0,0,0,0,0,,,,,,,,,,,,,
,,Last Pending Assessment snapshot -1,DELIVERY,null,Percentage,0,0,0,0,0,0,0,0,0,0,,,,,,,,,,,,,
,ORDER_MANAGEMENT_PURCHASE_ORDER_API,,DESIGN,,,Global,Design,Design for all,Documentation,Libraries & plugins,Prototype,Tools,Workflow,,,,,,,,,,,,,,,
,,Last Released Assessment,DESIGN,null,Score,0,0,0,0,0,0,0,0,,,,,,,,,,,,,,,
,,Last Released Assessment,DESIGN,null,Level,0,0,0,0,0,0,0,0,,,,,,,,,,,,,,,
,,Last Released Assessment -1,DESIGN,null,Score,0,0,0,0,0,0,0,0,,,,,,,,,,,,,,,
,,Last Released Assessment -1,DESIGN,null,Level,0,0,0,0,0,0,0,0,,,,,,,,,,,,,,,
,,Last Pending Assessment snapshot,DESIGN,null,Percentage,0,0,0,0,0,0,0,0,,,,,,,,,,,,,,,
,,Last Pending Assessment snapshot -1,DESIGN,null,Percentage,0,0,0,0,0,0,0,0,,,,,,,,,,,,,,,
,ORDER_MANAGEMENT_PURCHASE_ORDER_API,Youcef Moukeut,DEV,,,Global,API,Analytics,Architecture Decision Record,Authentication,BFF,Business & strategy,Code Management,Data Factory,Data Management,Delivery,Design System,Documentation,Model Management,Observability,Performance,Reliability,Software Design,Source Control,System Design Documents,Team,Tech Radar,Versionning
,,Last Released Assessment,DEV,2025-12-15,Score,"3,425","4,375",0,0,0,0,0,0,0,0,0,0,0,0,3,0,4,0,5,0,5,5,0
,,Last Released Assessment,DEV,2025-12-15,Level,2,3,0,0,0,0,0,0,0,0,0,0,0,0,3,0,4,0,4,0,3,4,0
,,Last Released Assessment -1,DEV,2025-06-10,Score,"3,425","4,375",0,0,0,0,0,0,0,0,0,0,0,0,3,0,4,0,5,0,5,5,0
,,Last Released Assessment -1,DEV,2025-06-10,Level,2,3,0,0,0,0,0,0,0,0,0,0,0,0,3,0,4,0,4,0,3,4,0
,,Last Pending Assessment snapshot,DEV,null,Percentage,0,0,0,0,0,0,0,0,0,0,0,0,0,0,0,0,0,0,0,0,0,0,0
,,Last Pending Assessment snapshot -1,DEV,null,Percentage,0,0,0,0,0,0,0,0,0,0,0,0,0,0,0,0,0,0,0,0,0,0,0
,ORDER_MANAGEMENT_PURCHASE_ORDER_API,Youcef Moukeut,INFRA,,,Global,Cloud Native Design,Configuration / Infra Management,Database Management,Hosting Solution,Reproducibility,Secrets Management,Security,Storage Management (for unstructured data),,,,,,,,,,,,,,
,,Last Released Assessment,INFRA,2025-12-15,Score,"3,8",5,5,4,5,0,4,0,3,,,,,,,,,,,,,,
,,Last Released Assessment,INFRA,2025-12-15,Level,3,4,3,4,4,0,4,0,3,,,,,,,,,,,,,,
,,Last Released Assessment -1,INFRA,2025-06-10,Score,"3,8",5,5,4,5,0,4,0,3,,,,,,,,,,,,,,
,,Last Released Assessment -1,INFRA,2025-06-10,Level,3,4,3,4,4,0,4,0,3,,,,,,,,,,,,,,
,,Last Pending Assessment snapshot,INFRA,null,Percentage,0,0,0,0,0,0,0,0,0,,,,,,,,,,,,,,
,,Last Pending Assessment snapshot -1,INFRA,null,Percentage,0,0,0,0,0,0,0,0,0,,,,,,,,,,,,,,
,ORDER_MANAGEMENT_PURCHASE_ORDER_API,Youcef Moukeut,OPERATION,,,Global,Availability / Risk Management,Change Management,Event Management,Incident Management,Knowledge / Continuous Improvement Management,Problem Management,Service Catalog Management,Service Level Management,Service Request Management,,,,,,,,,,,,,
,,Last Released Assessment,OPERATION,2025-12-15,Score,"2,918",2,3,"3,75","4,063",2,"4,5",5,"2,15",5,,,,,,,,,,,,,
,,Last Released Assessment,OPERATION,2025-12-15,Level,1,2,2,4,3,1,4,1,1,1,,,,,,,,,,,,,
,,Last Released Assessment -1,OPERATION,2025-06-10,Score,"2,846",2,3,"3,75","4,063",2,4,5,"2,15",5,,,,,,,,,,,,,
,,Last Released Assessment -1,OPERATION,2025-06-10,Level,1,2,2,4,3,1,4,1,1,1,,,,,,,,,,,,,
,,Last Pending Assessment snapshot,OPERATION,null,Percentage,0,0,0,0,0,0,0,0,0,0,,,,,,,,,,,,,
,,Last Pending Assessment snapshot -1,OPERATION,null,Percentage,0,0,0,0,0,0,0,0,0,0,,,,,,,,,,,,,
,ORDER_MANAGEMENT_PURCHASE_ORDER_API,Youcef Moukeut,PROCESS_PRACTICES,,,Global,Culture,Lean Management,Product & Process,User needs,,,,,,,,,,,,,,,,,,
,,Last Released Assessment,PROCESS_PRACTICES,2025-12-15,Score,"4,221",5,"2,778","4,028",5,,,,,,,,,,,,,,,,,,
,,Last Released Assessment,PROCESS_PRACTICES,2025-12-15,Level,1,3,1,1,1,,,,,,,,,,,,,,,,,,
,,Last Released Assessment -1,PROCESS_PRACTICES,2025-06-10,Score,"4,61",5,5,"4,028",5,,,,,,,,,,,,,,,,,,
,,Last Released Assessment -1,PROCESS_PRACTICES,2025-06-10,Level,1,3,3,1,1,,,,,,,,,,,,,,,,,,
,,Last Pending Assessment snapshot,PROCESS_PRACTICES,null,Percentage,0,0,0,0,0,,,,,,,,,,,,,,,,,,
,,Last Pending Assessment snapshot -1,PROCESS_PRACTICES,null,Percentage,0,0,0,0,0,,,,,,,,,,,,,,,,,,
,ORDER_MANAGEMENT_PURCHASE_ORDER_API,Youcef Moukeut,QUALITY,,,Global,Integration Tests,Organization,Performance Tests,Practices,Qualimetry,Static Code Analysis,Unit Tests,,,,,,,,,,,,,,,
,,Last Released Assessment,QUALITY,2025-12-15,Score,"3,298","3,333",5,"2,5",4,"2,917",5,5,,,,,,,,,,,,,,,
,,Last Released Assessment,QUALITY,2025-12-15,Level,2,2,3,2,4,2,4,4,,,,,,,,,,,,,,,
,,Last Released Assessment -1,QUALITY,2025-06-10,Score,"3,298","3,333",5,"2,5",4,"2,917",5,5,,,,,,,,,,,,,,,
,,Last Released Assessment -1,QUALITY,2025-06-10,Level,2,2,3,2,4,2,4,4,,,,,,,,,,,,,,,
,,Last Pending Assessment snapshot,QUALITY,null,Percentage,0,0,0,0,0,0,0,0,,,,,,,,,,,,,,,
,,Last Pending Assessment snapshot -1,QUALITY,null,Percentage,0,0,0,0,0,0,0,0,,,,,,,,,,,,,,,
,ORDER_MANAGEMENT_PURCHASE_ORDER_API,Youcef Moukeut,SECURITY,,,Global,Code/Build,Design,Operate/Monitor,Organisation,Requirement,Test,,,,,,,,,,,,,,,,
,,Last Released Assessment,SECURITY,2025-12-15,Score,"2,542",3,"1,667","3,333",5,0,5,,,,,,,,,,,,,,,,
,,Last Released Assessment,SECURITY,2025-12-15,Level,1,3,1,3,3,0,3,,,,,,,,,,,,,,,,
,,Last Released Assessment -1,SECURITY,2025-06-10,Score,"3,071","3,75","2,5","2,5",5,0,"3,333",,,,,,,,,,,,,,,,
,,Last Released Assessment -1,SECURITY,2025-06-10,Level,1,3,1,1,3,0,2,,,,,,,,,,,,,,,,
,,Last Pending Assessment snapshot,SECURITY,null,Percentage,0,0,0,0,0,0,0,,,,,,,,,,,,,,,,
,,Last Pending Assessment snapshot -1,SECURITY,null,Percentage,0,0,0,0,0,0,0,,,,,,,,,,,,,,,,
,ORDER_MANAGEMENT_PURCHASE_ORDER_API,,STREAMING,,,Global,Event Streams,Infrastructure,Observability,Security,,,,,,,,,,,,,,,,,,
,,Last Released Assessment,STREAMING,null,Score,0,0,0,0,0,,,,,,,,,,,,,,,,,,
,,Last Released Assessment,STREAMING,null,Level,0,0,0,0,0,,,,,,,,,,,,,,,,,,
,,Last Released Assessment -1,STREAMING,null,Score,0,0,0,0,0,,,,,,,,,,,,,,,,,,
,,Last Released Assessment -1,STREAMING,null,Level,0,0,0,0,0,,,,,,,,,,,,,,,,,,
,,Last Pending Assessment snapshot,STREAMING,null,Percentage,0,0,0,0,0,,,,,,,,,,,,,,,,,,
,,Last Pending Assessment snapshot -1,STREAMING,null,Percentage,0,0,0,0,0,,,,,,,,,,,,,,,,,,
,ORDER_MANAGEMENT_PURCHASE_ORDER_API,,ACCESSIBILITY,,,Global,Accessibility,,,,,,,,,,,,,,,,,,,,,
,,Last Released Assessment,ACCESSIBILITY,null,Score,0,0,,,,,,,,,,,,,,,,,,,,,
,,Last Released Assessment,ACCESSIBILITY,null,Level,0,0,,,,,,,,,,,,,,,,,,,,,
,,Last Released Assessment -1,ACCESSIBILITY,null,Score,0,0,,,,,,,,,,,,,,,,,,,,,
,,Last Released Assessment -1,ACCESSIBILITY,null,Level,0,0,,,,,,,,,,,,,,,,,,,,,
,,Last Pending Assessment snapshot,ACCESSIBILITY,null,Percentage,0,0,,,,,,,,,,,,,,,,,,,,,
,,Last Pending Assessment snapshot -1,ACCESSIBILITY,null,Percentage,0,0,,,,,,,,,,,,,,,,,,,,,
,ORDERMAX,Eric XING,DATA,,,Global,Critical Data,Data documentation,Data governance,Data privacy,Data quality,Datalake Integration,Reference data,,,,,,,,,,,,,,,
,,Last Released Assessment,DATA,2026-07-14,Score,"2,75",0,5,"3,75","2,5",0,0,0,,,,,,,,,,,,,,,
,,Last Released Assessment,DATA,2026-07-14,Level,2,0,3,3,2,0,0,0,,,,,,,,,,,,,,,
,,Last Released Assessment -1,DATA,2025-12-11,Score,"2,667",0,"3,75",3,"2,667",2,0,"3,75",,,,,,,,,,,,,,,
,,Last Released Assessment -1,DATA,2025-12-11,Level,2,0,3,3,2,2,0,3,,,,,,,,,,,,,,,
,,Last Pending Assessment snapshot,DATA,null,Percentage,0,0,0,0,0,0,0,0,,,,,,,,,,,,,,,
,,Last Pending Assessment snapshot -1,DATA,null,Percentage,0,0,0,0,0,0,0,0,,,,,,,,,,,,,,,
,ORDERMAX,Eric XING,DELIVERY,,,Global,Accelerate,Application Configuration Management,Chaos Engineering,Continous Integration,Continuous Deployment,Database Control,Documentation,Service Availability,Workflows,,,,,,,,,,,,,
,,Last Released Assessment,DELIVERY,2026-07-14,Score,"2,833","3,75","1,667",0,"2,5",4,"3,333",0,3,0,,,,,,,,,,,,,
,,Last Released Assessment,DELIVERY,2026-07-14,Level,1,3,1,0,2,2,2,0,3,0,,,,,,,,,,,,,
,,Last Released Assessment -1,DELIVERY,2025-12-11,Score,"3,659",4,5,3,5,4,"3,333",0,3,5,,,,,,,,,,,,,
,,Last Released Assessment -1,DELIVERY,2025-12-11,Level,2,4,4,3,2,2,2,0,3,2,,,,,,,,,,,,,
,,Last Pending Assessment snapshot,DELIVERY,null,Percentage,0,0,0,0,0,0,0,0,0,0,,,,,,,,,,,,,
,,Last Pending Assessment snapshot -1,DELIVERY,null,Percentage,0,0,0,0,0,0,0,0,0,0,,,,,,,,,,,,,
,ORDERMAX,Eric XING,DESIGN,,,Global,Design,Design for all,Documentation,Libraries & plugins,Prototype,Tools,Workflow,,,,,,,,,,,,,,,
,,Last Released Assessment,DESIGN,2026-07-14,Score,"3,542","3,25",5,"1,667","3,75","2,5",5,5,,,,,,,,,,,,,,,
,,Last Released Assessment,DESIGN,2026-07-14,Level,1,1,1,1,1,1,1,3,,,,,,,,,,,,,,,
,,Last Released Assessment -1,DESIGN,2025-12-11,Score,"3,507","3,75",5,"2,5","3,75","2,5",5,5,,,,,,,,,,,,,,,
,,Last Released Assessment -1,DESIGN,2025-12-11,Level,1,2,1,1,1,1,1,3,,,,,,,,,,,,,,,
,,Last Pending Assessment snapshot,DESIGN,null,Percentage,0,0,0,0,0,0,0,0,,,,,,,,,,,,,,,
,,Last Pending Assessment snapshot -1,DESIGN,null,Percentage,0,0,0,0,0,0,0,0,,,,,,,,,,,,,,,
,ORDERMAX,Eric XING,DEV,,,Global,API,Analytics,Architecture Decision Record,Authentication,BFF,Business & strategy,Code Management,Data Factory,Data Management,Delivery,Design System,Documentation,Model Management,Observability,Performance,Reliability,Software Design,Source Control,System Design Documents,Team,Tech Radar,Versionning
,,Last Released Assessment,DEV,2026-07-14,Score,"2,059",0,"3,75","1,25","2,5",0,0,0,0,0,0,5,0,0,"2,75","2,5","1,667",0,"3,75","3,75",5,"2,5",0
,,Last Released Assessment,DEV,2026-07-14,Level,0,0,3,1,2,0,0,0,0,0,0,3,0,0,1,2,1,0,0,3,2,0,0
,,Last Released Assessment -1,DEV,2025-12-11,Score,"2,626","3,75",3,0,"3,333",0,0,0,0,0,0,"3,75",0,0,3,"2,5",3,0,"3,438",0,5,"3,75",0
,,Last Released Assessment -1,DEV,2025-12-11,Level,0,3,3,0,2,0,0,0,0,0,0,3,0,0,3,2,3,0,2,0,3,1,0
,,Last Pending Assessment snapshot,DEV,null,Percentage,0,0,0,0,0,0,0,0,0,0,0,0,0,0,0,0,0,0,0,0,0,0,0
,,Last Pending Assessment snapshot -1,DEV,null,Percentage,0,0,0,0,0,0,0,0,0,0,0,0,0,0,0,0,0,0,0,0,0,0,0
,ORDERMAX,Eric XING,INFRA,,,Global,Cloud Native Design,Configuration / Infra Management,Database Management,Hosting Solution,Reproducibility,Secrets Management,Security,Storage Management (for unstructured data),,,,,,,,,,,,,,
,,Last Released Assessment,INFRA,2026-07-14,Score,"2,305",3,"2,222","1,167",5,0,2,0,5,,,,,,,,,,,,,,
,,Last Released Assessment,INFRA,2026-07-14,Level,0,3,0,0,4,0,2,0,5,,,,,,,,,,,,,,
,,Last Released Assessment -1,INFRA,2025-12-11,Score,"4,333",5,5,4,5,0,4,0,5,,,,,,,,,,,,,,
,,Last Released Assessment -1,INFRA,2025-12-11,Level,4,4,3,4,4,0,4,0,5,,,,,,,,,,,,,,
,,Last Pending Assessment snapshot,INFRA,null,Percentage,0,0,0,0,0,0,0,0,0,,,,,,,,,,,,,,
,,Last Pending Assessment snapshot -1,INFRA,null,Percentage,0,0,0,0,0,0,0,0,0,,,,,,,,,,,,,,
,ORDERMAX,Eric XING,OPERATION,,,Global,Availability / Risk Management,Change Management,Event Management,Incident Management,Knowledge / Continuous Improvement Management,Problem Management,Service Catalog Management,Service Level Management,Service Request Management,,,,,,,,,,,,,
,,Last Released Assessment,OPERATION,2026-07-14,Score,"3,007","2,25",3,3,3,2,"2,667",5,"3,833","2,5",,,,,,,,,,,,,
,,Last Released Assessment,OPERATION,2026-07-14,Level,0,0,3,3,2,2,1,4,3,2,,,,,,,,,,,,,
,,Last Released Assessment -1,OPERATION,2025-12-11,Score,"3,501","3,333",4,"3,125",4,3,"3,667",5,"3,75","3,5",,,,,,,,,,,,,
,,Last Released Assessment -1,OPERATION,2025-12-11,Level,2,3,4,2,2,3,2,4,3,3,,,,,,,,,,,,,
,,Last Pending Assessment snapshot,OPERATION,null,Percentage,0,0,0,0,0,0,0,0,0,0,,,,,,,,,,,,,
,,Last Pending Assessment snapshot -1,OPERATION,null,Percentage,0,0,0,0,0,0,0,0,0,0,,,,,,,,,,,,,
,ORDERMAX,Eric XING,PROCESS_PRACTICES,,,Global,Culture,Lean Management,Product & Process,User needs,,,,,,,,,,,,,,,,,,
,,Last Released Assessment,PROCESS_PRACTICES,2026-07-14,Score,"4,815",5,5,5,"4,167",,,,,,,,,,,,,,,,,,
,,Last Released Assessment,PROCESS_PRACTICES,2026-07-14,Level,2,3,3,3,2,,,,,,,,,,,,,,,,,,
,,Last Released Assessment -1,PROCESS_PRACTICES,2025-12-11,Score,"4,815",5,5,5,"4,167",,,,,,,,,,,,,,,,,,
,,Last Released Assessment -1,PROCESS_PRACTICES,2025-12-11,Level,2,3,3,3,2,,,,,,,,,,,,,,,,,,
,,Last Pending Assessment snapshot,PROCESS_PRACTICES,null,Percentage,0,0,0,0,0,,,,,,,,,,,,,,,,,,
,,Last Pending Assessment snapshot -1,PROCESS_PRACTICES,null,Percentage,0,0,0,0,0,,,,,,,,,,,,,,,,,,
,ORDERMAX,Eric XING,QUALITY,,,Global,Integration Tests,Organization,Performance Tests,Practices,Qualimetry,Static Code Analysis,Unit Tests,,,,,,,,,,,,,,,
,,Last Released Assessment,QUALITY,2026-07-14,Score,"2,806","3,125","3,333","3,125","3,667","3,75","3,75","2,5",,,,,,,,,,,,,,,
,,Last Released Assessment,QUALITY,2026-07-14,Level,1,1,2,2,3,3,3,1,,,,,,,,,,,,,,,
,,Last Released Assessment -1,QUALITY,2025-12-11,Score,"2,696","3,333","1,667","1,25","3,667","3,75",5,"4,375",,,,,,,,,,,,,,,
,,Last Released Assessment -1,QUALITY,2025-12-11,Level,1,2,1,1,3,3,4,2,,,,,,,,,,,,,,,
,,Last Pending Assessment snapshot,QUALITY,null,Percentage,0,0,0,0,0,0,0,0,,,,,,,,,,,,,,,
,,Last Pending Assessment snapshot -1,QUALITY,null,Percentage,0,0,0,0,0,0,0,0,,,,,,,,,,,,,,,
,ORDERMAX,Eric XING,SECURITY,,,Global,Code/Build,Design,Operate/Monitor,Organisation,Requirement,Test,,,,,,,,,,,,,,,,
,,Last Released Assessment,SECURITY,2026-07-14,Score,"2,65",2,5,"3,75",5,5,"3,333",,,,,,,,,,,,,,,,
,,Last Released Assessment,SECURITY,2026-07-14,Level,1,2,2,1,3,2,2,,,,,,,,,,,,,,,,
,,Last Released Assessment -1,SECURITY,2025-12-11,Score,"2,733",2,5,"3,75",5,5,"3,333",,,,,,,,,,,,,,,,
,,Last Released Assessment -1,SECURITY,2025-12-11,Level,1,2,3,1,3,2,2,,,,,,,,,,,,,,,,
,,Last Pending Assessment snapshot,SECURITY,null,Percentage,0,0,0,0,0,0,0,,,,,,,,,,,,,,,,
,,Last Pending Assessment snapshot -1,SECURITY,null,Percentage,0,0,0,0,0,0,0,,,,,,,,,,,,,,,,
,ORDERMAX,Eric XING,STREAMING,,,Global,Event Streams,Infrastructure,Observability,Security,,,,,,,,,,,,,,,,,,
,,Last Released Assessment,STREAMING,2026-07-13,Score,0,0,0,0,0,,,,,,,,,,,,,,,,,,
,,Last Released Assessment,STREAMING,2026-07-13,Level,0,0,0,0,0,,,,,,,,,,,,,,,,,,
,,Last Released Assessment -1,STREAMING,null,Score,0,0,0,0,0,,,,,,,,,,,,,,,,,,
,,Last Released Assessment -1,STREAMING,null,Level,0,0,0,0,0,,,,,,,,,,,,,,,,,,
,,Last Pending Assessment snapshot,STREAMING,null,Percentage,0,0,0,0,0,,,,,,,,,,,,,,,,,,
,,Last Pending Assessment snapshot -1,STREAMING,null,Percentage,0,0,0,0,0,,,,,,,,,,,,,,,,,,
,ORDERMAX,Eric XING,ACCESSIBILITY,,,Global,Accessibility,,,,,,,,,,,,,,,,,,,,,
,,Last Released Assessment,ACCESSIBILITY,2026-07-13,Score,0,0,,,,,,,,,,,,,,,,,,,,,
,,Last Released Assessment,ACCESSIBILITY,2026-07-13,Level,0,0,,,,,,,,,,,,,,,,,,,,,
,,Last Released Assessment -1,ACCESSIBILITY,null,Score,0,0,,,,,,,,,,,,,,,,,,,,,
,,Last Released Assessment -1,ACCESSIBILITY,null,Level,0,0,,,,,,,,,,,,,,,,,,,,,
,,Last Pending Assessment snapshot,ACCESSIBILITY,null,Percentage,0,0,,,,,,,,,,,,,,,,,,,,,
,,Last Pending Assessment snapshot -1,ACCESSIBILITY,null,Percentage,0,0,,,,,,,,,,,,,,,,,,,,,
,PRODCOM,Unknown - ???,DATA,,,Global,Critical Data,Data documentation,Data governance,Data privacy,Data quality,Datalake Integration,Reference data,,,,,,,,,,,,,,,
,,Last Released Assessment,DATA,null,Score,0,0,0,0,0,0,0,0,,,,,,,,,,,,,,,
,,Last Released Assessment,DATA,null,Level,0,0,0,0,0,0,0,0,,,,,,,,,,,,,,,
,,Last Released Assessment -1,DATA,null,Score,0,0,0,0,0,0,0,0,,,,,,,,,,,,,,,
,,Last Released Assessment -1,DATA,null,Level,0,0,0,0,0,0,0,0,,,,,,,,,,,,,,,
,,Last Pending Assessment snapshot,DATA,2026-09-11,Percentage,"0,13",0,0,0,0,0,0,0,,,,,,,,,,,,,,,
,,Last Pending Assessment snapshot -1,DATA,null,Percentage,0,0,0,0,0,0,0,0,,,,,,,,,,,,,,,
,PRODCOM,Aubin Vandenbilcke,DELIVERY,,,Global,Accelerate,Application Configuration Management,Chaos Engineering,Continous Integration,Continuous Deployment,Database Control,Documentation,Service Availability,Workflows,,,,,,,,,,,,,
,,Last Released Assessment,DELIVERY,2025-06-10,Score,"3,054","3,5",5,3,5,3,"3,333",0,"2,5",5,,,,,,,,,,,,,
,,Last Released Assessment,DELIVERY,2025-06-10,Level,2,3,4,3,2,2,2,0,2,2,,,,,,,,,,,,,
,,Last Released Assessment -1,DELIVERY,2024-10-29,Score,"3,143","3,5",5,3,5,3,"3,333",0,"3,75",0,,,,,,,,,,,,,
,,Last Released Assessment -1,DELIVERY,2024-10-29,Level,2,3,4,3,2,2,2,0,3,0,,,,,,,,,,,,,
,,Last Pending Assessment snapshot,DELIVERY,null,Percentage,0,0,0,0,0,0,0,0,0,0,,,,,,,,,,,,,
,,Last Pending Assessment snapshot -1,DELIVERY,null,Percentage,0,0,0,0,0,0,0,0,0,0,,,,,,,,,,,,,
,PRODCOM,Théo Plouvin,DESIGN,,,Global,Design,Design for all,Documentation,Libraries & plugins,Prototype,Tools,Workflow,,,,,,,,,,,,,,,
,,Last Released Assessment,DESIGN,2025-06-18,Score,"1,138","0,833",0,"2,5",0,0,0,5,,,,,,,,,,,,,,,
,,Last Released Assessment,DESIGN,2025-06-18,Level,0,0,0,1,0,0,0,3,,,,,,,,,,,,,,,
,,Last Released Assessment -1,DESIGN,2024-10-24,Score,"0,799","0,417",0,"1,25",0,0,0,5,,,,,,,,,,,,,,,
,,Last Released Assessment -1,DESIGN,2024-10-24,Level,0,0,0,0,0,0,0,3,,,,,,,,,,,,,,,
,,Last Pending Assessment snapshot,DESIGN,null,Percentage,0,0,0,0,0,0,0,0,,,,,,,,,,,,,,,
,,Last Pending Assessment snapshot -1,DESIGN,null,Percentage,0,0,0,0,0,0,0,0,,,,,,,,,,,,,,,
,PRODCOM,Théo Plouvin,DEV,,,Global,API,Analytics,Architecture Decision Record,Authentication,BFF,Business & strategy,Code Management,Data Factory,Data Management,Delivery,Design System,Documentation,Model Management,Observability,Performance,Reliability,Software Design,Source Control,System Design Documents,Team,Tech Radar,Versionning
,,Last Released Assessment,DEV,2025-06-17,Score,"1,68","3,75","0,5",0,0,0,0,0,0,0,0,0,0,0,"2,5",0,1,0,"3,125",0,"3,333",5,0
,,Last Released Assessment,DEV,2025-06-17,Level,0,3,0,0,0,0,0,0,0,0,0,0,0,0,0,0,1,0,2,0,2,4,0
,,Last Released Assessment -1,DEV,2024-10-31,Score,"2,769","3,75","1,5",0,0,5,0,0,0,0,0,0,0,0,"3,333",0,0,0,"3,125",0,"4,375",5,0
,,Last Released Assessment -1,DEV,2024-10-31,Level,0,3,0,0,0,2,0,0,0,0,0,0,0,0,0,0,0,0,2,0,2,5,0
,,Last Pending Assessment snapshot,DEV,null,Percentage,0,0,0,0,0,0,0,0,0,0,0,0,0,0,0,0,0,0,0,0,0,0,0
,,Last Pending Assessment snapshot -1,DEV,null,Percentage,0,0,0,0,0,0,0,0,0,0,0,0,0,0,0,0,0,0,0,0,0,0,0
,PRODCOM,Mohamed Ali AMDOUNI,INFRA,,,Global,Cloud Native Design,Configuration / Infra Management,Database Management,Hosting Solution,Reproducibility,Secrets Management,Security,Storage Management (for unstructured data),,,,,,,,,,,,,,
,,Last Released Assessment,INFRA,2025-06-18,Score,"2,583","1,25",5,3,5,0,1,0,4,,,,,,,,,,,,,,
,,Last Released Assessment,INFRA,2025-06-18,Level,1,1,3,3,3,0,1,0,4,,,,,,,,,,,,,,
,,Last Released Assessment -1,INFRA,2024-10-29,Score,"3,25","1,25",5,3,5,0,3,0,5,,,,,,,,,,,,,,
,,Last Released Assessment -1,INFRA,2024-10-29,Level,1,1,3,3,3,0,3,0,5,,,,,,,,,,,,,,
,,Last Pending Assessment snapshot,INFRA,null,Percentage,0,0,0,0,0,0,0,0,0,,,,,,,,,,,,,,
,,Last Pending Assessment snapshot -1,INFRA,null,Percentage,0,0,0,0,0,0,0,0,0,,,,,,,,,,,,,,
,PRODCOM,Aurelie,OPERATION,,,Global,Availability / Risk Management,Change Management,Event Management,Incident Management,Knowledge / Continuous Improvement Management,Problem Management,Service Catalog Management,Service Level Management,Service Request Management,,,,,,,,,,,,,
,,Last Released Assessment,OPERATION,2026-06-09,Score,"3,089",1,"1,667",4,"3,5",5,"3,167",5,"2,833",4,,,,,,,,,,,,,
,,Last Released Assessment,OPERATION,2026-06-09,Level,0,0,0,4,3,5,0,4,2,4,,,,,,,,,,,,,
,,Last Released Assessment -1,OPERATION,2025-03-03,Score,"4,375",3,"4,667",5,"4,633",5,5,5,4,5,,,,,,,,,,,,,
,,Last Released Assessment -1,OPERATION,2025-03-03,Level,1,1,4,5,2,5,5,5,3,5,,,,,,,,,,,,,
,,Last Pending Assessment snapshot,OPERATION,null,Percentage,0,0,0,0,0,0,0,0,0,0,,,,,,,,,,,,,
,,Last Pending Assessment snapshot -1,OPERATION,null,Percentage,0,0,0,0,0,0,0,0,0,0,,,,,,,,,,,,,
,PRODCOM,Théo Plouvin,PROCESS_PRACTICES,,,Global,Culture,Lean Management,Product & Process,User needs,,,,,,,,,,,,,,,,,,
,,Last Released Assessment,PROCESS_PRACTICES,2025-06-18,Score,"3,613","4,444","4,444","2,639","3,611",,,,,,,,,,,,,,,,,,
,,Last Released Assessment,PROCESS_PRACTICES,2025-06-18,Level,0,2,1,0,1,,,,,,,,,,,,,,,,,,
,,Last Released Assessment -1,PROCESS_PRACTICES,2024-10-15,Score,"2,723","4,444",1,"2,222","2,778",,,,,,,,,,,,,,,,,,
,,Last Released Assessment -1,PROCESS_PRACTICES,2024-10-15,Level,0,2,0,0,1,,,,,,,,,,,,,,,,,,
,,Last Pending Assessment snapshot,PROCESS_PRACTICES,null,Percentage,0,0,0,0,0,,,,,,,,,,,,,,,,,,
,,Last Pending Assessment snapshot -1,PROCESS_PRACTICES,null,Percentage,0,0,0,0,0,,,,,,,,,,,,,,,,,,
,PRODCOM,Leo Baumann,QUALITY,,,Global,Integration Tests,Organization,Performance Tests,Practices,Qualimetry,Static Code Analysis,Unit Tests,,,,,,,,,,,,,,,
,,Last Released Assessment,QUALITY,2025-06-16,Score,"2,327","0,556",5,0,"4,333","2,917",5,"3,125",,,,,,,,,,,,,,,
,,Last Released Assessment,QUALITY,2025-06-16,Level,0,0,3,0,3,2,4,2,,,,,,,,,,,,,,,
,,Last Released Assessment -1,QUALITY,2024-10-29,Score,"1,619","0,556","3,333",0,"2,667","1,563",5,"3,125",,,,,,,,,,,,,,,
,,Last Released Assessment -1,QUALITY,2024-10-29,Level,0,0,1,0,2,1,4,2,,,,,,,,,,,,,,,
,,Last Pending Assessment snapshot,QUALITY,null,Percentage,0,0,0,0,0,0,0,0,,,,,,,,,,,,,,,
,,Last Pending Assessment snapshot -1,QUALITY,null,Percentage,0,0,0,0,0,0,0,0,,,,,,,,,,,,,,,
,PRODCOM,Youcef Moukeut,SECURITY,,,Global,Code/Build,Design,Operate/Monitor,Organisation,Requirement,Test,,,,,,,,,,,,,,,,
,,Last Released Assessment,SECURITY,2025-06-10,Score,"1,973","3,333","3,333",0,5,0,"0,833",,,,,,,,,,,,,,,,
,,Last Released Assessment,SECURITY,2025-06-10,Level,0,3,2,0,3,0,0,,,,,,,,,,,,,,,,
,,Last Released Assessment -1,SECURITY,2024-10-15,Score,"1,622","1,458","2,5",0,5,0,"1,25",,,,,,,,,,,,,,,,
,,Last Released Assessment -1,SECURITY,2024-10-15,Level,0,1,2,0,3,0,1,,,,,,,,,,,,,,,,
,,Last Pending Assessment snapshot,SECURITY,null,Percentage,0,0,0,0,0,0,0,,,,,,,,,,,,,,,,
,,Last Pending Assessment snapshot -1,SECURITY,null,Percentage,0,0,0,0,0,0,0,,,,,,,,,,,,,,,,
,PRODCOM,,STREAMING,,,Global,Event Streams,Infrastructure,Observability,Security,,,,,,,,,,,,,,,,,,
,,Last Released Assessment,STREAMING,null,Score,0,0,0,0,0,,,,,,,,,,,,,,,,,,
,,Last Released Assessment,STREAMING,null,Level,0,0,0,0,0,,,,,,,,,,,,,,,,,,
,,Last Released Assessment -1,STREAMING,null,Score,0,0,0,0,0,,,,,,,,,,,,,,,,,,
,,Last Released Assessment -1,STREAMING,null,Level,0,0,0,0,0,,,,,,,,,,,,,,,,,,
,,Last Pending Assessment snapshot,STREAMING,null,Percentage,0,0,0,0,0,,,,,,,,,,,,,,,,,,
,,Last Pending Assessment snapshot -1,STREAMING,null,Percentage,0,0,0,0,0,,,,,,,,,,,,,,,,,,
,PRODCOM,,ACCESSIBILITY,,,Global,Accessibility,,,,,,,,,,,,,,,,,,,,,
,,Last Released Assessment,ACCESSIBILITY,null,Score,0,0,,,,,,,,,,,,,,,,,,,,,
,,Last Released Assessment,ACCESSIBILITY,null,Level,0,0,,,,,,,,,,,,,,,,,,,,,
,,Last Released Assessment -1,ACCESSIBILITY,null,Score,0,0,,,,,,,,,,,,,,,,,,,,,
,,Last Released Assessment -1,ACCESSIBILITY,null,Level,0,0,,,,,,,,,,,,,,,,,,,,,
,,Last Pending Assessment snapshot,ACCESSIBILITY,null,Percentage,0,0,,,,,,,,,,,,,,,,,,,,,
,,Last Pending Assessment snapshot -1,ACCESSIBILITY,null,Percentage,0,0,,,,,,,,,,,,,,,,,,,,,
,PRODCOM_API,,DATA,,,Global,Critical Data,Data documentation,Data governance,Data privacy,Data quality,Datalake Integration,Reference data,,,,,,,,,,,,,,,
,,Last Released Assessment,DATA,null,Score,0,0,0,0,0,0,0,0,,,,,,,,,,,,,,,
,,Last Released Assessment,DATA,null,Level,0,0,0,0,0,0,0,0,,,,,,,,,,,,,,,
,,Last Released Assessment -1,DATA,null,Score,0,0,0,0,0,0,0,0,,,,,,,,,,,,,,,
,,Last Released Assessment -1,DATA,null,Level,0,0,0,0,0,0,0,0,,,,,,,,,,,,,,,
,,Last Pending Assessment snapshot,DATA,null,Percentage,0,0,0,0,0,0,0,0,,,,,,,,,,,,,,,
,,Last Pending Assessment snapshot -1,DATA,null,Percentage,0,0,0,0,0,0,0,0,,,,,,,,,,,,,,,
,PRODCOM_API,Aubin Vandenbilcke,DELIVERY,,,Global,Accelerate,Application Configuration Management,Chaos Engineering,Continous Integration,Continuous Deployment,Database Control,Documentation,Service Availability,Workflows,,,,,,,,,,,,,
,,Last Released Assessment,DELIVERY,2025-06-16,Score,"3,603",4,5,3,5,4,"3,333",0,"2,5",5,,,,,,,,,,,,,
,,Last Released Assessment,DELIVERY,2025-06-16,Level,2,4,4,3,2,4,2,0,3,2,,,,,,,,,,,,,
,,Last Released Assessment -1,DELIVERY,2024-10-29,Score,"3,732",4,5,3,5,4,"3,333",0,5,0,,,,,,,,,,,,,
,,Last Released Assessment -1,DELIVERY,2024-10-29,Level,2,4,4,3,2,4,2,0,4,0,,,,,,,,,,,,,
,,Last Pending Assessment snapshot,DELIVERY,null,Percentage,0,0,0,0,0,0,0,0,0,0,,,,,,,,,,,,,
,,Last Pending Assessment snapshot -1,DELIVERY,null,Percentage,0,0,0,0,0,0,0,0,0,0,,,,,,,,,,,,,
,PRODCOM_API,,DESIGN,,,Global,Design,Design for all,Documentation,Libraries & plugins,Prototype,Tools,Workflow,,,,,,,,,,,,,,,
,,Last Released Assessment,DESIGN,null,Score,0,0,0,0,0,0,0,0,,,,,,,,,,,,,,,
,,Last Released Assessment,DESIGN,null,Level,0,0,0,0,0,0,0,0,,,,,,,,,,,,,,,
,,Last Released Assessment -1,DESIGN,null,Score,0,0,0,0,0,0,0,0,,,,,,,,,,,,,,,
,,Last Released Assessment -1,DESIGN,null,Level,0,0,0,0,0,0,0,0,,,,,,,,,,,,,,,
,,Last Pending Assessment snapshot,DESIGN,null,Percentage,0,0,0,0,0,0,0,0,,,,,,,,,,,,,,,
,,Last Pending Assessment snapshot -1,DESIGN,null,Percentage,0,0,0,0,0,0,0,0,,,,,,,,,,,,,,,
,PRODCOM_API,Aubin Vandenbilcke,DEV,,,Global,API,Analytics,Architecture Decision Record,Authentication,BFF,Business & strategy,Code Management,Data Factory,Data Management,Delivery,Design System,Documentation,Model Management,Observability,Performance,Reliability,Software Design,Source Control,System Design Documents,Team,Tech Radar,Versionning
,,Last Released Assessment,DEV,2024-10-29,Score,"2,811","3,75",0,0,0,0,0,0,0,0,0,0,0,0,5,0,0,0,5,0,"4,375",4,0
,,Last Released Assessment,DEV,2024-10-29,Level,0,3,0,0,0,0,0,0,0,0,0,0,0,0,4,0,0,0,4,0,2,4,0
,,Last Released Assessment -1,DEV,2022-12-31,Score,"1,721",0,0,0,0,0,0,0,0,0,0,0,0,0,0,0,0,0,0,0,0,0,0
,,Last Released Assessment -1,DEV,2022-12-31,Level,0,0,0,0,0,0,0,0,0,0,0,0,0,0,0,0,0,0,0,0,0,0,0
,,Last Pending Assessment snapshot,DEV,null,Percentage,0,0,0,0,0,0,0,0,0,0,0,0,0,0,0,0,0,0,0,0,0,0,0
,,Last Pending Assessment snapshot -1,DEV,null,Percentage,0,0,0,0,0,0,0,0,0,0,0,0,0,0,0,0,0,0,0,0,0,0,0
,PRODCOM_API,Hugo Moulart,INFRA,,,Global,Cloud Native Design,Configuration / Infra Management,Database Management,Hosting Solution,Reproducibility,Secrets Management,Security,Storage Management (for unstructured data),,,,,,,,,,,,,,
,,Last Released Assessment,INFRA,2024-10-29,Score,"3,667",5,5,3,5,0,4,0,0,,,,,,,,,,,,,,
,,Last Released Assessment,INFRA,2024-10-29,Level,3,4,3,3,3,0,4,0,0,,,,,,,,,,,,,,
,,Last Released Assessment -1,INFRA,2024-04-26,Score,"3,667",5,5,3,5,0,4,0,0,,,,,,,,,,,,,,
,,Last Released Assessment -1,INFRA,2024-04-26,Level,3,4,3,3,3,0,4,0,0,,,,,,,,,,,,,,
,,Last Pending Assessment snapshot,INFRA,null,Percentage,0,0,0,0,0,0,0,0,0,,,,,,,,,,,,,,
,,Last Pending Assessment snapshot -1,INFRA,null,Percentage,0,0,0,0,0,0,0,0,0,,,,,,,,,,,,,,
,PRODCOM_API,BENARD Xavier,OPERATION,,,Global,Availability / Risk Management,Change Management,Event Management,Incident Management,Knowledge / Continuous Improvement Management,Problem Management,Service Catalog Management,Service Level Management,Service Request Management,,,,,,,,,,,,,
,,Last Released Assessment,OPERATION,2024-04-18,Score,"3,134",2,"4,333",5,"4,433",1,4,"2,917","2,75","2,1",,,,,,,,,,,,,
,,Last Released Assessment,OPERATION,2024-04-18,Level,1,1,1,5,2,1,4,1,2,1,,,,,,,,,,,,,
,,Last Released Assessment -1,OPERATION,2022-12-31,Score,"1,926",0,0,0,0,0,0,0,0,0,,,,,,,,,,,,,
,,Last Released Assessment -1,OPERATION,2022-12-31,Level,0,0,0,0,0,0,0,0,0,0,,,,,,,,,,,,,
,,Last Pending Assessment snapshot,OPERATION,null,Percentage,0,0,0,0,0,0,0,0,0,0,,,,,,,,,,,,,
,,Last Pending Assessment snapshot -1,OPERATION,null,Percentage,0,0,0,0,0,0,0,0,0,0,,,,,,,,,,,,,
,PRODCOM_API,Hugo Moulart,PROCESS_PRACTICES,,,Global,Culture,Lean Management,Product & Process,User needs,,,,,,,,,,,,,,,,,,
,,Last Released Assessment,PROCESS_PRACTICES,2024-10-29,Score,"2,054",5,0,"1,528","0,833",,,,,,,,,,,,,,,,,,
,,Last Released Assessment,PROCESS_PRACTICES,2024-10-29,Level,0,3,0,0,0,,,,,,,,,,,,,,,,,,
,,Last Released Assessment -1,PROCESS_PRACTICES,null,Score,0,0,0,0,0,,,,,,,,,,,,,,,,,,
,,Last Released Assessment -1,PROCESS_PRACTICES,null,Level,0,0,0,0,0,,,,,,,,,,,,,,,,,,
,,Last Pending Assessment snapshot,PROCESS_PRACTICES,null,Percentage,0,0,0,0,0,,,,,,,,,,,,,,,,,,
,,Last Pending Assessment snapshot -1,PROCESS_PRACTICES,null,Percentage,0,0,0,0,0,,,,,,,,,,,,,,,,,,
,PRODCOM_API,Leo Baumann,QUALITY,,,Global,Integration Tests,Organization,Performance Tests,Practices,Qualimetry,Static Code Analysis,Unit Tests,,,,,,,,,,,,,,,
,,Last Released Assessment,QUALITY,2025-06-16,Score,"2,637","1,667",5,0,"2,3","2,917",5,5,,,,,,,,,,,,,,,
,,Last Released Assessment,QUALITY,2025-06-16,Level,0,1,3,0,0,2,4,4,,,,,,,,,,,,,,,
,,Last Released Assessment -1,QUALITY,2024-10-29,Score,"2,216","1,667",5,0,2,"1,25",5,5,,,,,,,,,,,,,,,
,,Last Released Assessment -1,QUALITY,2024-10-29,Level,0,1,3,0,1,1,4,4,,,,,,,,,,,,,,,
,,Last Pending Assessment snapshot,QUALITY,null,Percentage,0,0,0,0,0,0,0,0,,,,,,,,,,,,,,,
,,Last Pending Assessment snapshot -1,QUALITY,null,Percentage,0,0,0,0,0,0,0,0,,,,,,,,,,,,,,,
,PRODCOM_API,Youcef Moukeut,SECURITY,,,Global,Code/Build,Design,Operate/Monitor,Organisation,Requirement,Test,,,,,,,,,,,,,,,,
,,Last Released Assessment,SECURITY,2025-06-10,Score,"1,875","1,667","2,5","2,5","4,167",0,"0,833",,,,,,,,,,,,,,,,
,,Last Released Assessment,SECURITY,2025-06-10,Level,0,1,1,1,1,0,0,,,,,,,,,,,,,,,,
,,Last Released Assessment -1,SECURITY,2024-10-29,Score,"1,174","1,25","1,25","3,333","1,389",0,"1,25",,,,,,,,,,,,,,,,
,,Last Released Assessment -1,SECURITY,2024-10-29,Level,0,1,0,2,0,0,1,,,,,,,,,,,,,,,,
,,Last Pending Assessment snapshot,SECURITY,null,Percentage,0,0,0,0,0,0,0,,,,,,,,,,,,,,,,
,,Last Pending Assessment snapshot -1,SECURITY,null,Percentage,0,0,0,0,0,0,0,,,,,,,,,,,,,,,,
,PRODCOM_API,,STREAMING,,,Global,Event Streams,Infrastructure,Observability,Security,,,,,,,,,,,,,,,,,,
,,Last Released Assessment,STREAMING,null,Score,0,0,0,0,0,,,,,,,,,,,,,,,,,,
,,Last Released Assessment,STREAMING,null,Level,0,0,0,0,0,,,,,,,,,,,,,,,,,,
,,Last Released Assessment -1,STREAMING,null,Score,0,0,0,0,0,,,,,,,,,,,,,,,,,,
,,Last Released Assessment -1,STREAMING,null,Level,0,0,0,0,0,,,,,,,,,,,,,,,,,,
,,Last Pending Assessment snapshot,STREAMING,null,Percentage,0,0,0,0,0,,,,,,,,,,,,,,,,,,
,,Last Pending Assessment snapshot -1,STREAMING,null,Percentage,0,0,0,0,0,,,,,,,,,,,,,,,,,,
,PRODCOM_API,,ACCESSIBILITY,,,Global,Accessibility,,,,,,,,,,,,,,,,,,,,,
,,Last Released Assessment,ACCESSIBILITY,null,Score,0,0,,,,,,,,,,,,,,,,,,,,,
,,Last Released Assessment,ACCESSIBILITY,null,Level,0,0,,,,,,,,,,,,,,,,,,,,,
,,Last Released Assessment -1,ACCESSIBILITY,null,Score,0,0,,,,,,,,,,,,,,,,,,,,,
,,Last Released Assessment -1,ACCESSIBILITY,null,Level,0,0,,,,,,,,,,,,,,,,,,,,,
,,Last Pending Assessment snapshot,ACCESSIBILITY,null,Percentage,0,0,,,,,,,,,,,,,,,,,,,,,
,,Last Pending Assessment snapshot -1,ACCESSIBILITY,null,Percentage,0,0,,,,,,,,,,,,,,,,,,,,,
,PSV,Jimmy Cheng,DATA,,,Global,Critical Data,Data documentation,Data governance,Data privacy,Data quality,Datalake Integration,Reference data,,,,,,,,,,,,,,,
,,Last Released Assessment,DATA,2026-06-03,Score,5,0,5,5,5,0,0,0,,,,,,,,,,,,,,,
,,Last Released Assessment,DATA,2026-06-03,Level,5,0,3,4,5,0,0,0,,,,,,,,,,,,,,,
,,Last Released Assessment -1,DATA,2025-12-09,Score,"4,524",0,5,5,5,"3,5",0,5,,,,,,,,,,,,,,,
,,Last Released Assessment -1,DATA,2025-12-09,Level,3,0,4,5,5,3,0,4,,,,,,,,,,,,,,,
,,Last Pending Assessment snapshot,DATA,null,Percentage,0,0,0,0,0,0,0,0,,,,,,,,,,,,,,,
,,Last Pending Assessment snapshot -1,DATA,null,Percentage,0,0,0,0,0,0,0,0,,,,,,,,,,,,,,,
,PSV,Jimmy Cheng,DELIVERY,,,Global,Accelerate,Application Configuration Management,Chaos Engineering,Continous Integration,Continuous Deployment,Database Control,Documentation,Service Availability,Workflows,,,,,,,,,,,,,
,,Last Released Assessment,DELIVERY,2026-06-03,Score,"3,333","3,75",5,0,"3,75",4,"3,333",0,3,0,,,,,,,,,,,,,
,,Last Released Assessment,DELIVERY,2026-06-03,Level,2,3,3,0,4,4,2,0,3,0,,,,,,,,,,,,,
,,Last Released Assessment -1,DELIVERY,2025-12-09,Score,"3,492",4,5,3,5,4,"3,333",0,"2,5",5,,,,,,,,,,,,,
,,Last Released Assessment -1,DELIVERY,2025-12-09,Level,2,4,4,3,2,4,2,0,2,2,,,,,,,,,,,,,
,,Last Pending Assessment snapshot,DELIVERY,null,Percentage,0,0,0,0,0,0,0,0,0,0,,,,,,,,,,,,,
,,Last Pending Assessment snapshot -1,DELIVERY,null,Percentage,0,0,0,0,0,0,0,0,0,0,,,,,,,,,,,,,
,PSV,Jimmy Cheng,DESIGN,,,Global,Design,Design for all,Documentation,Libraries & plugins,Prototype,Tools,Workflow,,,,,,,,,,,,,,,
,,Last Released Assessment,DESIGN,2026-06-03,Score,"1,648",2,0,"0,833","2,5",5,5,"3,333",,,,,,,,,,,,,,,
,,Last Released Assessment,DESIGN,2026-06-03,Level,0,1,0,0,1,2,1,2,,,,,,,,,,,,,,,
,,Last Released Assessment -1,DESIGN,2025-12-09,Score,"1,458","1,667",0,"1,25","2,5",5,5,"3,333",,,,,,,,,,,,,,,
,,Last Released Assessment -1,DESIGN,2025-12-09,Level,0,1,0,0,1,2,1,2,,,,,,,,,,,,,,,
,,Last Pending Assessment snapshot,DESIGN,null,Percentage,0,0,0,0,0,0,0,0,,,,,,,,,,,,,,,
,,Last Pending Assessment snapshot -1,DESIGN,null,Percentage,0,0,0,0,0,0,0,0,,,,,,,,,,,,,,,
,PSV,Jimmy Cheng,DEV,,,Global,API,Analytics,Architecture Decision Record,Authentication,BFF,Business & strategy,Code Management,Data Factory,Data Management,Delivery,Design System,Documentation,Model Management,Observability,Performance,Reliability,Software Design,Source Control,System Design Documents,Team,Tech Radar,Versionning
,,Last Released Assessment,DEV,2026-06-03,Score,"2,528","2,5","0,625","3,75","2,5",0,0,0,0,0,0,5,0,0,3,"2,5","2,5",0,"1,875","3,75",5,"3,333",0
,,Last Released Assessment,DEV,2026-06-03,Level,0,1,0,3,2,0,0,0,0,0,0,3,0,0,0,2,1,0,1,3,2,2,0
,,Last Released Assessment -1,DEV,2025-12-09,Score,"1,953","3,75","0,5",0,"3,333",0,0,0,0,0,0,"1,25",0,0,"1,833","1,25",1,0,"2,188",0,5,"3,75",0
,,Last Released Assessment -1,DEV,2025-12-09,Level,0,3,0,0,2,0,0,0,0,0,0,1,0,0,0,1,1,0,1,0,3,3,0
,,Last Pending Assessment snapshot,DEV,null,Percentage,0,0,0,0,0,0,0,0,0,0,0,0,0,0,0,0,0,0,0,0,0,0,0
,,Last Pending Assessment snapshot -1,DEV,null,Percentage,0,0,0,0,0,0,0,0,0,0,0,0,0,0,0,0,0,0,0,0,0,0,0
,PSV,Jimmy Cheng,INFRA,,,Global,Cloud Native Design,Configuration / Infra Management,Database Management,Hosting Solution,Reproducibility,Secrets Management,Security,Storage Management (for unstructured data),,,,,,,,,,,,,,
,,Last Released Assessment,INFRA,2026-06-03,Score,"3,394",4,"4,167","2,333",5,0,"3,333",0,4,,,,,,,,,,,,,,
,,Last Released Assessment,INFRA,2026-06-03,Level,2,4,2,2,4,0,3,0,4,,,,,,,,,,,,,,
,,Last Released Assessment -1,INFRA,2025-12-09,Score,"3,8",5,5,3,5,0,4,0,4,,,,,,,,,,,,,,
,,Last Released Assessment -1,INFRA,2025-12-09,Level,3,4,3,3,4,0,4,0,4,,,,,,,,,,,,,,
,,Last Pending Assessment snapshot,INFRA,null,Percentage,0,0,0,0,0,0,0,0,0,,,,,,,,,,,,,,
,,Last Pending Assessment snapshot -1,INFRA,null,Percentage,0,0,0,0,0,0,0,0,0,,,,,,,,,,,,,,
,PSV,Jimmy Cheng,OPERATION,,,Global,Availability / Risk Management,Change Management,Event Management,Incident Management,Knowledge / Continuous Improvement Management,Problem Management,Service Catalog Management,Service Level Management,Service Request Management,,,,,,,,,,,,,
,,Last Released Assessment,OPERATION,2026-06-03,Score,"3,401",3,4,2,"3,75",2,4,5,"3,833","2,5",,,,,,,,,,,,,
,,Last Released Assessment,OPERATION,2026-06-03,Level,2,3,4,2,3,2,4,4,3,2,,,,,,,,,,,,,
,,Last Released Assessment -1,OPERATION,2025-12-09,Score,"3,322","2,333",4,"2,5",4,3,4,5,"3,75","3,167",,,,,,,,,,,,,
,,Last Released Assessment -1,OPERATION,2025-12-09,Level,1,1,4,2,2,2,4,4,3,1,,,,,,,,,,,,,
,,Last Pending Assessment snapshot,OPERATION,null,Percentage,0,0,0,0,0,0,0,0,0,0,,,,,,,,,,,,,
,,Last Pending Assessment snapshot -1,OPERATION,null,Percentage,0,0,0,0,0,0,0,0,0,0,,,,,,,,,,,,,
,PSV,Jimmy Cheng,PROCESS_PRACTICES,,,Global,Culture,Lean Management,Product & Process,User needs,,,,,,,,,,,,,,,,,,
,,Last Released Assessment,PROCESS_PRACTICES,2026-06-03,Score,"4,815",5,5,5,"4,167",,,,,,,,,,,,,,,,,,
,,Last Released Assessment,PROCESS_PRACTICES,2026-06-03,Level,2,3,3,3,2,,,,,,,,,,,,,,,,,,
,,Last Released Assessment -1,PROCESS_PRACTICES,2025-12-09,Score,"4,815",5,5,5,"4,167",,,,,,,,,,,,,,,,,,
,,Last Released Assessment -1,PROCESS_PRACTICES,2025-12-09,Level,2,3,3,3,2,,,,,,,,,,,,,,,,,,
,,Last Pending Assessment snapshot,PROCESS_PRACTICES,null,Percentage,0,0,0,0,0,,,,,,,,,,,,,,,,,,
,,Last Pending Assessment snapshot -1,PROCESS_PRACTICES,null,Percentage,0,0,0,0,0,,,,,,,,,,,,,,,,,,
,PSV,Jimmy Cheng,QUALITY,,,Global,Integration Tests,Organization,Performance Tests,Practices,Qualimetry,Static Code Analysis,Unit Tests,,,,,,,,,,,,,,,
,,Last Released Assessment,QUALITY,2026-06-03,Score,"2,236","0,833","3,333",0,"3,333",5,"3,75","2,5",,,,,,,,,,,,,,,
,,Last Released Assessment,QUALITY,2026-06-03,Level,0,0,1,0,3,4,3,1,,,,,,,,,,,,,,,
,,Last Released Assessment -1,QUALITY,2025-12-09,Score,"2,15","1,111","3,333",0,3,"4,583",5,"4,375",,,,,,,,,,,,,,,
,,Last Released Assessment -1,QUALITY,2025-12-09,Level,0,0,1,0,3,2,4,2,,,,,,,,,,,,,,,
,,Last Pending Assessment snapshot,QUALITY,null,Percentage,0,0,0,0,0,0,0,0,,,,,,,,,,,,,,,
,,Last Pending Assessment snapshot -1,QUALITY,null,Percentage,0,0,0,0,0,0,0,0,,,,,,,,,,,,,,,
,PSV,Jimmy Cheng,SECURITY,,,Global,Code/Build,Design,Operate/Monitor,Organisation,Requirement,Test,,,,,,,,,,,,,,,,
,,Last Released Assessment,SECURITY,2026-06-03,Score,"4,167","3,333",5,5,"4,167",5,5,,,,,,,,,,,,,,,,
,,Last Released Assessment,SECURITY,2026-06-03,Level,1,3,2,4,1,2,3,,,,,,,,,,,,,,,,
,,Last Released Assessment -1,SECURITY,2025-12-09,Score,"2,611","1,2",5,5,"4,167",5,5,,,,,,,,,,,,,,,,
,,Last Released Assessment -1,SECURITY,2025-12-09,Level,1,1,3,4,1,2,3,,,,,,,,,,,,,,,,
,,Last Pending Assessment snapshot,SECURITY,null,Percentage,0,0,0,0,0,0,0,,,,,,,,,,,,,,,,
,,Last Pending Assessment snapshot -1,SECURITY,null,Percentage,0,0,0,0,0,0,0,,,,,,,,,,,,,,,,
,PSV,Jimmy Cheng,STREAMING,,,Global,Event Streams,Infrastructure,Observability,Security,,,,,,,,,,,,,,,,,,
,,Last Released Assessment,STREAMING,2026-06-03,Score,"1,775","1,625","3,75",1,5,,,,,,,,,,,,,,,,,,
,,Last Released Assessment,STREAMING,2026-06-03,Level,0,0,3,1,4,,,,,,,,,,,,,,,,,,
,,Last Released Assessment -1,STREAMING,null,Score,0,0,0,0,0,,,,,,,,,,,,,,,,,,
,,Last Released Assessment -1,STREAMING,null,Level,0,0,0,0,0,,,,,,,,,,,,,,,,,,
,,Last Pending Assessment snapshot,STREAMING,null,Percentage,0,0,0,0,0,,,,,,,,,,,,,,,,,,
,,Last Pending Assessment snapshot -1,STREAMING,null,Percentage,0,0,0,0,0,,,,,,,,,,,,,,,,,,
,PSV,Jimmy Cheng,ACCESSIBILITY,,,Global,Accessibility,,,,,,,,,,,,,,,,,,,,,
,,Last Released Assessment,ACCESSIBILITY,2026-06-03,Score,0,0,,,,,,,,,,,,,,,,,,,,,
,,Last Released Assessment,ACCESSIBILITY,2026-06-03,Level,0,0,,,,,,,,,,,,,,,,,,,,,
,,Last Released Assessment -1,ACCESSIBILITY,null,Score,0,0,,,,,,,,,,,,,,,,,,,,,
,,Last Released Assessment -1,ACCESSIBILITY,null,Level,0,0,,,,,,,,,,,,,,,,,,,,,
,,Last Pending Assessment snapshot,ACCESSIBILITY,null,Percentage,0,0,,,,,,,,,,,,,,,,,,,,,
,,Last Pending Assessment snapshot -1,ACCESSIBILITY,null,Percentage,0,0,,,,,,,,,,,,,,,,,,,,,
,RFQ_AND_SHARING,,DATA,,,Global,Critical Data,Data documentation,Data governance,Data privacy,Data quality,Datalake Integration,Reference data,,,,,,,,,,,,,,,
,,Last Released Assessment,DATA,null,Score,0,0,0,0,0,0,0,0,,,,,,,,,,,,,,,
,,Last Released Assessment,DATA,null,Level,0,0,0,0,0,0,0,0,,,,,,,,,,,,,,,
,,Last Released Assessment -1,DATA,null,Score,0,0,0,0,0,0,0,0,,,,,,,,,,,,,,,
,,Last Released Assessment -1,DATA,null,Level,0,0,0,0,0,0,0,0,,,,,,,,,,,,,,,
,,Last Pending Assessment snapshot,DATA,null,Percentage,0,0,0,0,0,0,0,0,,,,,,,,,,,,,,,
,,Last Pending Assessment snapshot -1,DATA,null,Percentage,0,0,0,0,0,0,0,0,,,,,,,,,,,,,,,
,RFQ_AND_SHARING,,DELIVERY,,,Global,Accelerate,Application Configuration Management,Chaos Engineering,Continous Integration,Continuous Deployment,Database Control,Documentation,Service Availability,Workflows,,,,,,,,,,,,,
,,Last Released Assessment,DELIVERY,null,Score,0,0,0,0,0,0,0,0,0,0,,,,,,,,,,,,,
,,Last Released Assessment,DELIVERY,null,Level,0,0,0,0,0,0,0,0,0,0,,,,,,,,,,,,,
,,Last Released Assessment -1,DELIVERY,null,Score,0,0,0,0,0,0,0,0,0,0,,,,,,,,,,,,,
,,Last Released Assessment -1,DELIVERY,null,Level,0,0,0,0,0,0,0,0,0,0,,,,,,,,,,,,,
,,Last Pending Assessment snapshot,DELIVERY,null,Percentage,0,0,0,0,0,0,0,0,0,0,,,,,,,,,,,,,
,,Last Pending Assessment snapshot -1,DELIVERY,null,Percentage,0,0,0,0,0,0,0,0,0,0,,,,,,,,,,,,,
,RFQ_AND_SHARING,,DESIGN,,,Global,Design,Design for all,Documentation,Libraries & plugins,Prototype,Tools,Workflow,,,,,,,,,,,,,,,
,,Last Released Assessment,DESIGN,null,Score,0,0,0,0,0,0,0,0,,,,,,,,,,,,,,,
,,Last Released Assessment,DESIGN,null,Level,0,0,0,0,0,0,0,0,,,,,,,,,,,,,,,
,,Last Released Assessment -1,DESIGN,null,Score,0,0,0,0,0,0,0,0,,,,,,,,,,,,,,,
,,Last Released Assessment -1,DESIGN,null,Level,0,0,0,0,0,0,0,0,,,,,,,,,,,,,,,
,,Last Pending Assessment snapshot,DESIGN,null,Percentage,0,0,0,0,0,0,0,0,,,,,,,,,,,,,,,
,,Last Pending Assessment snapshot -1,DESIGN,null,Percentage,0,0,0,0,0,0,0,0,,,,,,,,,,,,,,,
,RFQ_AND_SHARING,,DEV,,,Global,API,Analytics,Architecture Decision Record,Authentication,BFF,Business & strategy,Code Management,Data Factory,Data Management,Delivery,Design System,Documentation,Model Management,Observability,Performance,Reliability,Software Design,Source Control,System Design Documents,Team,Tech Radar,Versionning
,,Last Released Assessment,DEV,null,Score,0,0,0,0,0,0,0,0,0,0,0,0,0,0,0,0,0,0,0,0,0,0,0
,,Last Released Assessment,DEV,null,Level,0,0,0,0,0,0,0,0,0,0,0,0,0,0,0,0,0,0,0,0,0,0,0
,,Last Released Assessment -1,DEV,null,Score,0,0,0,0,0,0,0,0,0,0,0,0,0,0,0,0,0,0,0,0,0,0,0
,,Last Released Assessment -1,DEV,null,Level,0,0,0,0,0,0,0,0,0,0,0,0,0,0,0,0,0,0,0,0,0,0,0
,,Last Pending Assessment snapshot,DEV,null,Percentage,0,0,0,0,0,0,0,0,0,0,0,0,0,0,0,0,0,0,0,0,0,0,0
,,Last Pending Assessment snapshot -1,DEV,null,Percentage,0,0,0,0,0,0,0,0,0,0,0,0,0,0,0,0,0,0,0,0,0,0,0
,RFQ_AND_SHARING,,INFRA,,,Global,Cloud Native Design,Configuration / Infra Management,Database Management,Hosting Solution,Reproducibility,Secrets Management,Security,Storage Management (for unstructured data),,,,,,,,,,,,,,
,,Last Released Assessment,INFRA,null,Score,0,0,0,0,0,0,0,0,0,,,,,,,,,,,,,,
,,Last Released Assessment,INFRA,null,Level,0,0,0,0,0,0,0,0,0,,,,,,,,,,,,,,
,,Last Released Assessment -1,INFRA,null,Score,0,0,0,0,0,0,0,0,0,,,,,,,,,,,,,,
,,Last Released Assessment -1,INFRA,null,Level,0,0,0,0,0,0,0,0,0,,,,,,,,,,,,,,
,,Last Pending Assessment snapshot,INFRA,null,Percentage,0,0,0,0,0,0,0,0,0,,,,,,,,,,,,,,
,,Last Pending Assessment snapshot -1,INFRA,null,Percentage,0,0,0,0,0,0,0,0,0,,,,,,,,,,,,,,
,RFQ_AND_SHARING,Adélie Vasseur,OPERATION,,,Global,Availability / Risk Management,Change Management,Event Management,Incident Management,Knowledge / Continuous Improvement Management,Problem Management,Service Catalog Management,Service Level Management,Service Request Management,,,,,,,,,,,,,
,,Last Released Assessment,OPERATION,2025-12-29,Score,"3,449","3,5","2,667","3,125","3,313","4,167","3,5",5,"3,183",5,,,,,,,,,,,,,
,,Last Released Assessment,OPERATION,2025-12-29,Level,1,3,2,2,2,3,3,4,1,5,,,,,,,,,,,,,
,,Last Released Assessment -1,OPERATION,2024-12-04,Score,"3,504","3,333","2,75","3,75","1,4","3,5","3,667","4,5","3,417","4,667",,,,,,,,,,,,,
,,Last Released Assessment -1,OPERATION,2024-12-04,Level,1,3,2,2,1,3,3,3,2,3,,,,,,,,,,,,,
,,Last Pending Assessment snapshot,OPERATION,null,Percentage,0,0,0,0,0,0,0,0,0,0,,,,,,,,,,,,,
,,Last Pending Assessment snapshot -1,OPERATION,null,Percentage,0,0,0,0,0,0,0,0,0,0,,,,,,,,,,,,,
,RFQ_AND_SHARING,,PROCESS_PRACTICES,,,Global,Culture,Lean Management,Product & Process,User needs,,,,,,,,,,,,,,,,,,
,,Last Released Assessment,PROCESS_PRACTICES,null,Score,0,0,0,0,0,,,,,,,,,,,,,,,,,,
,,Last Released Assessment,PROCESS_PRACTICES,null,Level,0,0,0,0,0,,,,,,,,,,,,,,,,,,
,,Last Released Assessment -1,PROCESS_PRACTICES,null,Score,0,0,0,0,0,,,,,,,,,,,,,,,,,,
,,Last Released Assessment -1,PROCESS_PRACTICES,null,Level,0,0,0,0,0,,,,,,,,,,,,,,,,,,
,,Last Pending Assessment snapshot,PROCESS_PRACTICES,null,Percentage,0,0,0,0,0,,,,,,,,,,,,,,,,,,
,,Last Pending Assessment snapshot -1,PROCESS_PRACTICES,null,Percentage,0,0,0,0,0,,,,,,,,,,,,,,,,,,
,RFQ_AND_SHARING,,QUALITY,,,Global,Integration Tests,Organization,Performance Tests,Practices,Qualimetry,Static Code Analysis,Unit Tests,,,,,,,,,,,,,,,
,,Last Released Assessment,QUALITY,null,Score,0,0,0,0,0,0,0,0,,,,,,,,,,,,,,,
,,Last Released Assessment,QUALITY,null,Level,0,0,0,0,0,0,0,0,,,,,,,,,,,,,,,
,,Last Released Assessment -1,QUALITY,null,Score,0,0,0,0,0,0,0,0,,,,,,,,,,,,,,,
,,Last Released Assessment -1,QUALITY,null,Level,0,0,0,0,0,0,0,0,,,,,,,,,,,,,,,
,,Last Pending Assessment snapshot,QUALITY,null,Percentage,0,0,0,0,0,0,0,0,,,,,,,,,,,,,,,
,,Last Pending Assessment snapshot -1,QUALITY,null,Percentage,0,0,0,0,0,0,0,0,,,,,,,,,,,,,,,
,RFQ_AND_SHARING,,SECURITY,,,Global,Code/Build,Design,Operate/Monitor,Organisation,Requirement,Test,,,,,,,,,,,,,,,,
,,Last Released Assessment,SECURITY,null,Score,0,0,0,0,0,0,0,,,,,,,,,,,,,,,,
,,Last Released Assessment,SECURITY,null,Level,0,0,0,0,0,0,0,,,,,,,,,,,,,,,,
,,Last Released Assessment -1,SECURITY,null,Score,0,0,0,0,0,0,0,,,,,,,,,,,,,,,,
,,Last Released Assessment -1,SECURITY,null,Level,0,0,0,0,0,0,0,,,,,,,,,,,,,,,,
,,Last Pending Assessment snapshot,SECURITY,null,Percentage,0,0,0,0,0,0,0,,,,,,,,,,,,,,,,
,,Last Pending Assessment snapshot -1,SECURITY,null,Percentage,0,0,0,0,0,0,0,,,,,,,,,,,,,,,,
,RFQ_AND_SHARING,,STREAMING,,,Global,Event Streams,Infrastructure,Observability,Security,,,,,,,,,,,,,,,,,,
,,Last Released Assessment,STREAMING,null,Score,0,0,0,0,0,,,,,,,,,,,,,,,,,,
,,Last Released Assessment,STREAMING,null,Level,0,0,0,0,0,,,,,,,,,,,,,,,,,,
,,Last Released Assessment -1,STREAMING,null,Score,0,0,0,0,0,,,,,,,,,,,,,,,,,,
,,Last Released Assessment -1,STREAMING,null,Level,0,0,0,0,0,,,,,,,,,,,,,,,,,,
,,Last Pending Assessment snapshot,STREAMING,null,Percentage,0,0,0,0,0,,,,,,,,,,,,,,,,,,
,,Last Pending Assessment snapshot -1,STREAMING,null,Percentage,0,0,0,0,0,,,,,,,,,,,,,,,,,,
,RFQ_AND_SHARING,,ACCESSIBILITY,,,Global,Accessibility,,,,,,,,,,,,,,,,,,,,,
,,Last Released Assessment,ACCESSIBILITY,null,Score,0,0,,,,,,,,,,,,,,,,,,,,,
,,Last Released Assessment,ACCESSIBILITY,null,Level,0,0,,,,,,,,,,,,,,,,,,,,,
,,Last Released Assessment -1,ACCESSIBILITY,null,Score,0,0,,,,,,,,,,,,,,,,,,,,,
,,Last Released Assessment -1,ACCESSIBILITY,null,Level,0,0,,,,,,,,,,,,,,,,,,,,,
,,Last Pending Assessment snapshot,ACCESSIBILITY,null,Percentage,0,0,,,,,,,,,,,,,,,,,,,,,
,,Last Pending Assessment snapshot -1,ACCESSIBILITY,null,Percentage,0,0,,,,,,,,,,,,,,,,,,,,,
,SAVE_THE_STOCKS,Lewandowski Anthony,DATA,,,Global,Critical Data,Data documentation,Data governance,Data privacy,Data quality,Datalake Integration,Reference data,,,,,,,,,,,,,,,
,,Last Released Assessment,DATA,2025-12-10,Score,"1,933",0,"1,25",3,"1,667",2,0,"2,5",,,,,,,,,,,,,,,
,,Last Released Assessment,DATA,2025-12-10,Level,0,0,0,3,1,2,0,2,,,,,,,,,,,,,,,
,,Last Released Assessment -1,DATA,null,Score,0,0,0,0,0,0,0,0,,,,,,,,,,,,,,,
,,Last Released Assessment -1,DATA,null,Level,0,0,0,0,0,0,0,0,,,,,,,,,,,,,,,
,,Last Pending Assessment snapshot,DATA,null,Percentage,0,0,0,0,0,0,0,0,,,,,,,,,,,,,,,
,,Last Pending Assessment snapshot -1,DATA,null,Percentage,0,0,0,0,0,0,0,0,,,,,,,,,,,,,,,
,SAVE_THE_STOCKS,Lewandowski Anthony,DELIVERY,,,Global,Accelerate,Application Configuration Management,Chaos Engineering,Continous Integration,Continuous Deployment,Database Control,Documentation,Service Availability,Workflows,,,,,,,,,,,,,
,,Last Released Assessment,DELIVERY,2025-12-10,Score,"3,627",4,5,3,5,"3,833","4,167",0,3,5,,,,,,,,,,,,,
,,Last Released Assessment,DELIVERY,2025-12-10,Level,0,4,4,3,2,3,0,0,3,2,,,,,,,,,,,,,
,,Last Released Assessment -1,DELIVERY,2025-06-17,Score,"3,627",4,5,3,5,"3,833","4,167",0,3,5,,,,,,,,,,,,,
,,Last Released Assessment -1,DELIVERY,2025-06-17,Level,0,4,4,3,2,3,0,0,3,2,,,,,,,,,,,,,
,,Last Pending Assessment snapshot,DELIVERY,null,Percentage,0,0,0,0,0,0,0,0,0,0,,,,,,,,,,,,,
,,Last Pending Assessment snapshot -1,DELIVERY,null,Percentage,0,0,0,0,0,0,0,0,0,0,,,,,,,,,,,,,
,SAVE_THE_STOCKS,,DESIGN,,,Global,Design,Design for all,Documentation,Libraries & plugins,Prototype,Tools,Workflow,,,,,,,,,,,,,,,
,,Last Released Assessment,DESIGN,null,Score,0,0,0,0,0,0,0,0,,,,,,,,,,,,,,,
,,Last Released Assessment,DESIGN,null,Level,0,0,0,0,0,0,0,0,,,,,,,,,,,,,,,
,,Last Released Assessment -1,DESIGN,null,Score,0,0,0,0,0,0,0,0,,,,,,,,,,,,,,,
,,Last Released Assessment -1,DESIGN,null,Level,0,0,0,0,0,0,0,0,,,,,,,,,,,,,,,
,,Last Pending Assessment snapshot,DESIGN,null,Percentage,0,0,0,0,0,0,0,0,,,,,,,,,,,,,,,
,,Last Pending Assessment snapshot -1,DESIGN,null,Percentage,0,0,0,0,0,0,0,0,,,,,,,,,,,,,,,
,SAVE_THE_STOCKS,Lewandowski Anthony,DEV,,,Global,API,Analytics,Architecture Decision Record,Authentication,BFF,Business & strategy,Code Management,Data Factory,Data Management,Delivery,Design System,Documentation,Model Management,Observability,Performance,Reliability,Software Design,Source Control,System Design Documents,Team,Tech Radar,Versionning
,,Last Released Assessment,DEV,2025-12-10,Score,"3,825",5,0,0,0,0,0,0,0,0,0,0,0,0,4,0,3,0,5,0,5,5,0
,,Last Released Assessment,DEV,2025-12-10,Level,3,4,0,0,0,0,0,0,0,0,0,0,0,0,4,0,3,0,4,0,3,4,0
,,Last Released Assessment -1,DEV,2025-06-17,Score,"3,775",5,0,0,0,0,0,0,0,0,0,0,0,0,4,0,"3,75",0,5,0,5,5,0
,,Last Released Assessment -1,DEV,2025-06-17,Level,2,4,0,0,0,0,0,0,0,0,0,0,0,0,4,0,3,0,4,0,3,4,0
,,Last Pending Assessment snapshot,DEV,null,Percentage,0,0,0,0,0,0,0,0,0,0,0,0,0,0,0,0,0,0,0,0,0,0,0
,,Last Pending Assessment snapshot -1,DEV,null,Percentage,0,0,0,0,0,0,0,0,0,0,0,0,0,0,0,0,0,0,0,0,0,0,0
,SAVE_THE_STOCKS,Lewandowski Anthony,INFRA,,,Global,Cloud Native Design,Configuration / Infra Management,Database Management,Hosting Solution,Reproducibility,Secrets Management,Security,Storage Management (for unstructured data),,,,,,,,,,,,,,
,,Last Released Assessment,INFRA,2025-12-10,Score,4,5,"3,333",2,"3,75",0,5,0,5,,,,,,,,,,,,,,
,,Last Released Assessment,INFRA,2025-12-10,Level,0,4,1,0,0,0,5,0,5,,,,,,,,,,,,,,
,,Last Released Assessment -1,INFRA,2025-06-17,Score,"3,367",5,"3,333",2,"3,75",0,5,0,1,,,,,,,,,,,,,,
,,Last Released Assessment -1,INFRA,2025-06-17,Level,0,4,1,0,0,0,5,0,0,,,,,,,,,,,,,,
,,Last Pending Assessment snapshot,INFRA,null,Percentage,0,0,0,0,0,0,0,0,0,,,,,,,,,,,,,,
,,Last Pending Assessment snapshot -1,INFRA,null,Percentage,0,0,0,0,0,0,0,0,0,,,,,,,,,,,,,,
,SAVE_THE_STOCKS,Lewandowski Anthony,OPERATION,,,Global,Availability / Risk Management,Change Management,Event Management,Incident Management,Knowledge / Continuous Improvement Management,Problem Management,Service Catalog Management,Service Level Management,Service Request Management,,,,,,,,,,,,,
,,Last Released Assessment,OPERATION,2025-12-10,Score,"2,216",1,"2,417","2,5","4,125",2,"2,333","3,125","1,95","2,25",,,,,,,,,,,,,
,,Last Released Assessment,OPERATION,2025-12-10,Level,1,1,1,2,2,2,1,2,1,2,,,,,,,,,,,,,
,,Last Released Assessment -1,OPERATION,2025-06-17,Score,"2,079",1,"2,417","2,5",5,0,"2,333","3,125","1,95","2,25",,,,,,,,,,,,,
,,Last Released Assessment -1,OPERATION,2025-06-17,Level,1,1,1,2,1,0,1,2,1,2,,,,,,,,,,,,,
,,Last Pending Assessment snapshot,OPERATION,null,Percentage,0,0,0,0,0,0,0,0,0,0,,,,,,,,,,,,,
,,Last Pending Assessment snapshot -1,OPERATION,null,Percentage,0,0,0,0,0,0,0,0,0,0,,,,,,,,,,,,,
,SAVE_THE_STOCKS,Lewandowski Anthony,PROCESS_PRACTICES,,,Global,Culture,Lean Management,Product & Process,User needs,,,,,,,,,,,,,,,,,,
,,Last Released Assessment,PROCESS_PRACTICES,2025-12-10,Score,"3,29","4,444","2,889","3,472","2,5",,,,,,,,,,,,,,,,,,
,,Last Released Assessment,PROCESS_PRACTICES,2025-12-10,Level,0,2,0,0,0,,,,,,,,,,,,,,,,,,
,,Last Released Assessment -1,PROCESS_PRACTICES,2025-06-17,Score,"3,29","4,444","2,889","3,472","2,5",,,,,,,,,,,,,,,,,,
,,Last Released Assessment -1,PROCESS_PRACTICES,2025-06-17,Level,0,2,0,0,0,,,,,,,,,,,,,,,,,,
,,Last Pending Assessment snapshot,PROCESS_PRACTICES,null,Percentage,0,0,0,0,0,,,,,,,,,,,,,,,,,,
,,Last Pending Assessment snapshot -1,PROCESS_PRACTICES,null,Percentage,0,0,0,0,0,,,,,,,,,,,,,,,,,,
,SAVE_THE_STOCKS,Lewandowski Anthony,QUALITY,,,Global,Integration Tests,Organization,Performance Tests,Practices,Qualimetry,Static Code Analysis,Unit Tests,,,,,,,,,,,,,,,
,,Last Released Assessment,QUALITY,2025-12-10,Score,"2,76","4,167","2,778","2,5","2,767","2,917",5,5,,,,,,,,,,,,,,,
,,Last Released Assessment,QUALITY,2025-12-10,Level,0,1,0,2,0,2,4,4,,,,,,,,,,,,,,,
,,Last Released Assessment -1,QUALITY,2025-06-17,Score,"3,486","4,167","2,222","2,5","3,778","3,889",5,5,,,,,,,,,,,,,,,
,,Last Released Assessment -1,QUALITY,2025-06-17,Level,0,1,0,2,0,2,4,4,,,,,,,,,,,,,,,
,,Last Pending Assessment snapshot,QUALITY,null,Percentage,0,0,0,0,0,0,0,0,,,,,,,,,,,,,,,
,,Last Pending Assessment snapshot -1,QUALITY,null,Percentage,0,0,0,0,0,0,0,0,,,,,,,,,,,,,,,
,SAVE_THE_STOCKS,Lewandowski Anthony,SECURITY,,,Global,Code/Build,Design,Operate/Monitor,Organisation,Requirement,Test,,,,,,,,,,,,,,,,
,,Last Released Assessment,SECURITY,2025-12-10,Score,"4,531",5,5,"3,75",5,0,5,,,,,,,,,,,,,,,,
,,Last Released Assessment,SECURITY,2025-12-10,Level,1,3,2,1,3,0,3,,,,,,,,,,,,,,,,
,,Last Released Assessment -1,SECURITY,2025-06-17,Score,"2,653","2,133","2,5","3,75",5,0,5,,,,,,,,,,,,,,,,
,,Last Released Assessment -1,SECURITY,2025-06-17,Level,0,1,0,1,3,0,3,,,,,,,,,,,,,,,,
,,Last Pending Assessment snapshot,SECURITY,null,Percentage,0,0,0,0,0,0,0,,,,,,,,,,,,,,,,
,,Last Pending Assessment snapshot -1,SECURITY,null,Percentage,0,0,0,0,0,0,0,,,,,,,,,,,,,,,,
,SAVE_THE_STOCKS,,STREAMING,,,Global,Event Streams,Infrastructure,Observability,Security,,,,,,,,,,,,,,,,,,
,,Last Released Assessment,STREAMING,null,Score,0,0,0,0,0,,,,,,,,,,,,,,,,,,
,,Last Released Assessment,STREAMING,null,Level,0,0,0,0,0,,,,,,,,,,,,,,,,,,
,,Last Released Assessment -1,STREAMING,null,Score,0,0,0,0,0,,,,,,,,,,,,,,,,,,
,,Last Released Assessment -1,STREAMING,null,Level,0,0,0,0,0,,,,,,,,,,,,,,,,,,
,,Last Pending Assessment snapshot,STREAMING,null,Percentage,0,0,0,0,0,,,,,,,,,,,,,,,,,,
,,Last Pending Assessment snapshot -1,STREAMING,null,Percentage,0,0,0,0,0,,,,,,,,,,,,,,,,,,
,SAVE_THE_STOCKS,,ACCESSIBILITY,,,Global,Accessibility,,,,,,,,,,,,,,,,,,,,,
,,Last Released Assessment,ACCESSIBILITY,null,Score,0,0,,,,,,,,,,,,,,,,,,,,,
,,Last Released Assessment,ACCESSIBILITY,null,Level,0,0,,,,,,,,,,,,,,,,,,,,,
,,Last Released Assessment -1,ACCESSIBILITY,null,Score,0,0,,,,,,,,,,,,,,,,,,,,,
,,Last Released Assessment -1,ACCESSIBILITY,null,Level,0,0,,,,,,,,,,,,,,,,,,,,,
,,Last Pending Assessment snapshot,ACCESSIBILITY,null,Percentage,0,0,,,,,,,,,,,,,,,,,,,,,
,,Last Pending Assessment snapshot -1,ACCESSIBILITY,null,Percentage,0,0,,,,,,,,,,,,,,,,,,,,,
,SCAN_DELAY,Lewandowski Anthony,DATA,,,Global,Critical Data,Data documentation,Data governance,Data privacy,Data quality,Datalake Integration,Reference data,,,,,,,,,,,,,,,
,,Last Released Assessment,DATA,2025-12-11,Score,"1,771",0,"1,25",0,"2,5",2,0,5,,,,,,,,,,,,,,,
,,Last Released Assessment,DATA,2025-12-11,Level,0,0,1,0,1,2,0,4,,,,,,,,,,,,,,,
,,Last Released Assessment -1,DATA,2025-06-16,Score,"1,771",0,"1,25",0,"2,5",2,0,5,,,,,,,,,,,,,,,
,,Last Released Assessment -1,DATA,2025-06-16,Level,0,0,1,0,1,2,0,4,,,,,,,,,,,,,,,
,,Last Pending Assessment snapshot,DATA,null,Percentage,0,0,0,0,0,0,0,0,,,,,,,,,,,,,,,
,,Last Pending Assessment snapshot -1,DATA,null,Percentage,0,0,0,0,0,0,0,0,,,,,,,,,,,,,,,
,SCAN_DELAY,Lewandowski Anthony,DELIVERY,,,Global,Accelerate,Application Configuration Management,Chaos Engineering,Continous Integration,Continuous Deployment,Database Control,Documentation,Service Availability,Workflows,,,,,,,,,,,,,
,,Last Released Assessment,DELIVERY,2025-12-11,Score,"3,5","3,5","3,75",3,5,4,5,0,5,5,,,,,,,,,,,,,
,,Last Released Assessment,DELIVERY,2025-12-11,Level,3,3,3,3,2,4,3,0,3,2,,,,,,,,,,,,,
,,Last Released Assessment -1,DELIVERY,2025-07-28,Score,"3,5","3,5","3,75",3,5,4,5,0,5,5,,,,,,,,,,,,,
,,Last Released Assessment -1,DELIVERY,2025-07-28,Level,3,3,3,3,2,4,3,0,3,2,,,,,,,,,,,,,
,,Last Pending Assessment snapshot,DELIVERY,null,Percentage,0,0,0,0,0,0,0,0,0,0,,,,,,,,,,,,,
,,Last Pending Assessment snapshot -1,DELIVERY,null,Percentage,0,0,0,0,0,0,0,0,0,0,,,,,,,,,,,,,
,SCAN_DELAY,,DESIGN,,,Global,Design,Design for all,Documentation,Libraries & plugins,Prototype,Tools,Workflow,,,,,,,,,,,,,,,
,,Last Released Assessment,DESIGN,null,Score,0,0,0,0,0,0,0,0,,,,,,,,,,,,,,,
,,Last Released Assessment,DESIGN,null,Level,0,0,0,0,0,0,0,0,,,,,,,,,,,,,,,
,,Last Released Assessment -1,DESIGN,null,Score,0,0,0,0,0,0,0,0,,,,,,,,,,,,,,,
,,Last Released Assessment -1,DESIGN,null,Level,0,0,0,0,0,0,0,0,,,,,,,,,,,,,,,
,,Last Pending Assessment snapshot,DESIGN,null,Percentage,0,0,0,0,0,0,0,0,,,,,,,,,,,,,,,
,,Last Pending Assessment snapshot -1,DESIGN,null,Percentage,0,0,0,0,0,0,0,0,,,,,,,,,,,,,,,
,SCAN_DELAY,Lewandowski Anthony,DEV,,,Global,API,Analytics,Architecture Decision Record,Authentication,BFF,Business & strategy,Code Management,Data Factory,Data Management,Delivery,Design System,Documentation,Model Management,Observability,Performance,Reliability,Software Design,Source Control,System Design Documents,Team,Tech Radar,Versionning
,,Last Released Assessment,DEV,2025-12-11,Score,"3,118","4,375",0,0,0,0,0,0,0,0,0,0,0,0,2,0,5,0,5,0,"3,333",5,0
,,Last Released Assessment,DEV,2025-12-11,Level,0,3,0,0,0,0,0,0,0,0,0,0,0,0,1,0,5,0,4,0,2,4,0
,,Last Released Assessment -1,DEV,2025-03-11,Score,"3,116","4,375",0,0,0,0,0,0,0,0,0,0,0,0,"2,5",0,0,0,5,0,"1,875",5,0
,,Last Released Assessment -1,DEV,2025-03-11,Level,0,3,0,0,0,0,0,0,0,0,0,0,0,0,2,0,0,0,4,0,1,5,0
,,Last Pending Assessment snapshot,DEV,null,Percentage,0,0,0,0,0,0,0,0,0,0,0,0,0,0,0,0,0,0,0,0,0,0,0
,,Last Pending Assessment snapshot -1,DEV,null,Percentage,0,0,0,0,0,0,0,0,0,0,0,0,0,0,0,0,0,0,0,0,0,0,0
,SCAN_DELAY,Lewandowski Anthony,INFRA,,,Global,Cloud Native Design,Configuration / Infra Management,Database Management,Hosting Solution,Reproducibility,Secrets Management,Security,Storage Management (for unstructured data),,,,,,,,,,,,,,
,,Last Released Assessment,INFRA,2025-12-11,Score,"3,35",5,"3,333",2,5,0,4,0,0,,,,,,,,,,,,,,
,,Last Released Assessment,INFRA,2025-12-11,Level,1,4,1,2,4,0,4,0,0,,,,,,,,,,,,,,
,,Last Released Assessment -1,INFRA,2025-03-11,Score,"3,15",5,"1,667",2,5,0,4,0,0,,,,,,,,,,,,,,
,,Last Released Assessment -1,INFRA,2025-03-11,Level,0,4,0,2,4,0,4,0,0,,,,,,,,,,,,,,
,,Last Pending Assessment snapshot,INFRA,null,Percentage,0,0,0,0,0,0,0,0,0,,,,,,,,,,,,,,
,,Last Pending Assessment snapshot -1,INFRA,null,Percentage,0,0,0,0,0,0,0,0,0,,,,,,,,,,,,,,
,SCAN_DELAY,Lewandowski Anthony,OPERATION,,,Global,Availability / Risk Management,Change Management,Event Management,Incident Management,Knowledge / Continuous Improvement Management,Problem Management,Service Catalog Management,Service Level Management,Service Request Management,,,,,,,,,,,,,
,,Last Released Assessment,OPERATION,2025-12-11,Score,"2,374",1,"2,5","1,875","4,125",2,"3,5","3,125","1,75","2,25",,,,,,,,,,,,,
,,Last Released Assessment,OPERATION,2025-12-11,Level,1,1,2,1,2,1,1,1,1,2,,,,,,,,,,,,,
,,Last Released Assessment -1,OPERATION,2025-03-11,Score,"2,718",1,"2,5","2,5","4,433",3,5,"2,833",2,"2,4",,,,,,,,,,,,,
,,Last Released Assessment -1,OPERATION,2025-03-11,Level,1,1,2,2,2,3,5,1,2,2,,,,,,,,,,,,,
,,Last Pending Assessment snapshot,OPERATION,null,Percentage,0,0,0,0,0,0,0,0,0,0,,,,,,,,,,,,,
,,Last Pending Assessment snapshot -1,OPERATION,null,Percentage,0,0,0,0,0,0,0,0,0,0,,,,,,,,,,,,,
,SCAN_DELAY,Lewandowski Anthony,PROCESS_PRACTICES,,,Global,Culture,Lean Management,Product & Process,User needs,,,,,,,,,,,,,,,,,,
,,Last Released Assessment,PROCESS_PRACTICES,2025-12-11,Score,"4,221",5,5,"3,194","4,167",,,,,,,,,,,,,,,,,,
,,Last Released Assessment,PROCESS_PRACTICES,2025-12-11,Level,0,3,3,0,2,,,,,,,,,,,,,,,,,,
,,Last Released Assessment -1,PROCESS_PRACTICES,2025-03-11,Score,"4,36",5,5,"3,472","4,167",,,,,,,,,,,,,,,,,,
,,Last Released Assessment -1,PROCESS_PRACTICES,2025-03-11,Level,0,3,3,0,2,,,,,,,,,,,,,,,,,,
,,Last Pending Assessment snapshot,PROCESS_PRACTICES,null,Percentage,0,0,0,0,0,,,,,,,,,,,,,,,,,,
,,Last Pending Assessment snapshot -1,PROCESS_PRACTICES,null,Percentage,0,0,0,0,0,,,,,,,,,,,,,,,,,,
,SCAN_DELAY,Lewandowski Anthony,QUALITY,,,Global,Integration Tests,Organization,Performance Tests,Practices,Qualimetry,Static Code Analysis,Unit Tests,,,,,,,,,,,,,,,
,,Last Released Assessment,QUALITY,2025-12-11,Score,"3,062","3,75","3,333",0,"3,5","3,75",5,5,,,,,,,,,,,,,,,
,,Last Released Assessment,QUALITY,2025-12-11,Level,0,1,2,0,2,3,4,4,,,,,,,,,,,,,,,
,,Last Released Assessment -1,QUALITY,2025-06-16,Score,"3,062","3,75","3,333",0,"3,5","3,75",5,5,,,,,,,,,,,,,,,
,,Last Released Assessment -1,QUALITY,2025-06-16,Level,0,1,2,0,2,3,4,4,,,,,,,,,,,,,,,
,,Last Pending Assessment snapshot,QUALITY,null,Percentage,0,0,0,0,0,0,0,0,,,,,,,,,,,,,,,
,,Last Pending Assessment snapshot -1,QUALITY,null,Percentage,0,0,0,0,0,0,0,0,,,,,,,,,,,,,,,
,SCAN_DELAY,Lewandowski Anthony,SECURITY,,,Global,Code/Build,Design,Operate/Monitor,Organisation,Requirement,Test,,,,,,,,,,,,,,,,
,,Last Released Assessment,SECURITY,2025-12-11,Score,"1,356",1,"2,5","1,667",5,0,"2,5",,,,,,,,,,,,,,,,
,,Last Released Assessment,SECURITY,2025-12-11,Level,0,1,2,1,3,0,0,,,,,,,,,,,,,,,,
,,Last Released Assessment -1,SECURITY,2025-03-11,Score,"1,188","1,25","1,667","1,667","1,389",0,"1,875",,,,,,,,,,,,,,,,
,,Last Released Assessment -1,SECURITY,2025-03-11,Level,0,1,1,1,0,0,0,,,,,,,,,,,,,,,,
,,Last Pending Assessment snapshot,SECURITY,null,Percentage,0,0,0,0,0,0,0,,,,,,,,,,,,,,,,
,,Last Pending Assessment snapshot -1,SECURITY,null,Percentage,0,0,0,0,0,0,0,,,,,,,,,,,,,,,,
,SCAN_DELAY,,STREAMING,,,Global,Event Streams,Infrastructure,Observability,Security,,,,,,,,,,,,,,,,,,
,,Last Released Assessment,STREAMING,null,Score,0,0,0,0,0,,,,,,,,,,,,,,,,,,
,,Last Released Assessment,STREAMING,null,Level,0,0,0,0,0,,,,,,,,,,,,,,,,,,
,,Last Released Assessment -1,STREAMING,null,Score,0,0,0,0,0,,,,,,,,,,,,,,,,,,
,,Last Released Assessment -1,STREAMING,null,Level,0,0,0,0,0,,,,,,,,,,,,,,,,,,
,,Last Pending Assessment snapshot,STREAMING,null,Percentage,0,0,0,0,0,,,,,,,,,,,,,,,,,,
,,Last Pending Assessment snapshot -1,STREAMING,null,Percentage,0,0,0,0,0,,,,,,,,,,,,,,,,,,
,SCAN_DELAY,,ACCESSIBILITY,,,Global,Accessibility,,,,,,,,,,,,,,,,,,,,,
,,Last Released Assessment,ACCESSIBILITY,null,Score,0,0,,,,,,,,,,,,,,,,,,,,,
,,Last Released Assessment,ACCESSIBILITY,null,Level,0,0,,,,,,,,,,,,,,,,,,,,,
,,Last Released Assessment -1,ACCESSIBILITY,null,Score,0,0,,,,,,,,,,,,,,,,,,,,,
,,Last Released Assessment -1,ACCESSIBILITY,null,Level,0,0,,,,,,,,,,,,,,,,,,,,,
,,Last Pending Assessment snapshot,ACCESSIBILITY,null,Percentage,0,0,,,,,,,,,,,,,,,,,,,,,
,,Last Pending Assessment snapshot -1,ACCESSIBILITY,null,Percentage,0,0,,,,,,,,,,,,,,,,,,,,,
,SHU_SSCC,Unknown - ???,DATA,,,Global,Critical Data,Data documentation,Data governance,Data privacy,Data quality,Datalake Integration,Reference data,,,,,,,,,,,,,,,
,,Last Released Assessment,DATA,2025-12-11,Score,"2,167",0,"2,5","1,5",0,"1,25",0,"3,75",,,,,,,,,,,,,,,
,,Last Released Assessment,DATA,2025-12-11,Level,0,0,1,0,0,0,0,3,,,,,,,,,,,,,,,
,,Last Released Assessment -1,DATA,2025-04-11,Score,"2,167",0,"2,5","1,5",0,"1,25",0,"3,75",,,,,,,,,,,,,,,
,,Last Released Assessment -1,DATA,2025-04-11,Level,0,0,1,0,0,0,0,3,,,,,,,,,,,,,,,
,,Last Pending Assessment snapshot,DATA,2026-09-11,Percentage,1,0,0,0,0,0,0,0,,,,,,,,,,,,,,,
,,Last Pending Assessment snapshot -1,DATA,null,Percentage,0,0,0,0,0,0,0,0,,,,,,,,,,,,,,,
,SHU_SSCC,Sebastien Guisse,DELIVERY,,,Global,Accelerate,Application Configuration Management,Chaos Engineering,Continous Integration,Continuous Deployment,Database Control,Documentation,Service Availability,Workflows,,,,,,,,,,,,,
,,Last Released Assessment,DELIVERY,2025-12-11,Score,"3,746",5,5,"3,333",5,"3,667","3,333",0,3,0,,,,,,,,,,,,,
,,Last Released Assessment,DELIVERY,2025-12-11,Level,1,5,4,4,2,2,2,0,3,0,,,,,,,,,,,,,
,,Last Released Assessment -1,DELIVERY,2025-04-11,Score,"3,746",5,5,"3,333",5,"3,667","3,333",0,3,0,,,,,,,,,,,,,
,,Last Released Assessment -1,DELIVERY,2025-04-11,Level,1,5,4,4,2,2,2,0,3,0,,,,,,,,,,,,,
,,Last Pending Assessment snapshot,DELIVERY,null,Percentage,0,0,0,0,0,0,0,0,0,0,,,,,,,,,,,,,
,,Last Pending Assessment snapshot -1,DELIVERY,null,Percentage,0,0,0,0,0,0,0,0,0,0,,,,,,,,,,,,,
,SHU_SSCC,,DESIGN,,,Global,Design,Design for all,Documentation,Libraries & plugins,Prototype,Tools,Workflow,,,,,,,,,,,,,,,
,,Last Released Assessment,DESIGN,null,Score,0,0,0,0,0,0,0,0,,,,,,,,,,,,,,,
,,Last Released Assessment,DESIGN,null,Level,0,0,0,0,0,0,0,0,,,,,,,,,,,,,,,
,,Last Released Assessment -1,DESIGN,null,Score,0,0,0,0,0,0,0,0,,,,,,,,,,,,,,,
,,Last Released Assessment -1,DESIGN,null,Level,0,0,0,0,0,0,0,0,,,,,,,,,,,,,,,
,,Last Pending Assessment snapshot,DESIGN,null,Percentage,0,0,0,0,0,0,0,0,,,,,,,,,,,,,,,
,,Last Pending Assessment snapshot -1,DESIGN,null,Percentage,0,0,0,0,0,0,0,0,,,,,,,,,,,,,,,
,SHU_SSCC,Unknown - ???,DEV,,,Global,API,Analytics,Architecture Decision Record,Authentication,BFF,Business & strategy,Code Management,Data Factory,Data Management,Delivery,Design System,Documentation,Model Management,Observability,Performance,Reliability,Software Design,Source Control,System Design Documents,Team,Tech Radar,Versionning
,,Last Released Assessment,DEV,2025-12-11,Score,"3,679","3,75",0,0,0,0,0,0,0,0,0,0,0,0,5,0,"3,5",0,"3,75",0,5,5,0
,,Last Released Assessment,DEV,2025-12-11,Level,3,3,0,0,0,0,0,0,0,0,0,0,0,0,5,0,3,0,3,0,3,4,0
,,Last Released Assessment -1,DEV,2025-04-11,Score,"3,679","3,75",0,0,0,0,0,0,0,0,0,0,0,0,5,0,"3,5",0,"3,75",0,5,5,0
,,Last Released Assessment -1,DEV,2025-04-11,Level,3,3,0,0,0,0,0,0,0,0,0,0,0,0,5,0,3,0,3,0,3,4,0
,,Last Pending Assessment snapshot,DEV,2026-09-11,Percentage,1,0,0,0,0,0,0,0,0,0,0,0,0,0,0,0,0,0,0,0,0,0,0
,,Last Pending Assessment snapshot -1,DEV,null,Percentage,0,0,0,0,0,0,0,0,0,0,0,0,0,0,0,0,0,0,0,0,0,0,0
,SHU_SSCC,Sebastien Guisse,INFRA,,,Global,Cloud Native Design,Configuration / Infra Management,Database Management,Hosting Solution,Reproducibility,Secrets Management,Security,Storage Management (for unstructured data),,,,,,,,,,,,,,
,,Last Released Assessment,INFRA,2025-12-11,Score,4,5,5,4,5,0,4,0,5,,,,,,,,,,,,,,
,,Last Released Assessment,INFRA,2025-12-11,Level,4,4,3,4,4,0,4,0,3,,,,,,,,,,,,,,
,,Last Released Assessment -1,INFRA,2025-04-11,Score,4,5,5,4,5,0,4,0,5,,,,,,,,,,,,,,
,,Last Released Assessment -1,INFRA,2025-04-11,Level,4,4,3,4,4,0,4,0,3,,,,,,,,,,,,,,
,,Last Pending Assessment snapshot,INFRA,null,Percentage,0,0,0,0,0,0,0,0,0,,,,,,,,,,,,,,
,,Last Pending Assessment snapshot -1,INFRA,null,Percentage,0,0,0,0,0,0,0,0,0,,,,,,,,,,,,,,
,SHU_SSCC,Sebastien Guisse,OPERATION,,,Global,Availability / Risk Management,Change Management,Event Management,Incident Management,Knowledge / Continuous Improvement Management,Problem Management,Service Catalog Management,Service Level Management,Service Request Management,,,,,,,,,,,,,
,,Last Released Assessment,OPERATION,2025-12-11,Score,"4,611","3,542","4,083",5,"4,688",5,5,5,"4,688",5,,,,,,,,,,,,,
,,Last Released Assessment,OPERATION,2025-12-11,Level,2,2,2,5,3,5,5,4,4,5,,,,,,,,,,,,,
,,Last Released Assessment -1,OPERATION,2025-04-11,Score,"4,611","3,542","4,083",5,"4,688",5,5,5,"4,688",5,,,,,,,,,,,,,
,,Last Released Assessment -1,OPERATION,2025-04-11,Level,2,2,2,5,3,5,5,4,4,5,,,,,,,,,,,,,
,,Last Pending Assessment snapshot,OPERATION,null,Percentage,0,0,0,0,0,0,0,0,0,0,,,,,,,,,,,,,
,,Last Pending Assessment snapshot -1,OPERATION,null,Percentage,0,0,0,0,0,0,0,0,0,0,,,,,,,,,,,,,
,SHU_SSCC,Unknown - ???,PROCESS_PRACTICES,,,Global,Culture,Lean Management,Product & Process,User needs,,,,,,,,,,,,,,,,,,
,,Last Released Assessment,PROCESS_PRACTICES,2025-12-11,Score,"3,945","4,444","3,556","4,306","3,611",,,,,,,,,,,,,,,,,,
,,Last Released Assessment,PROCESS_PRACTICES,2025-12-11,Level,0,2,0,0,1,,,,,,,,,,,,,,,,,,
,,Last Released Assessment -1,PROCESS_PRACTICES,2025-04-11,Score,"3,945","4,444","3,556","4,306","3,611",,,,,,,,,,,,,,,,,,
,,Last Released Assessment -1,PROCESS_PRACTICES,2025-04-11,Level,0,2,0,0,1,,,,,,,,,,,,,,,,,,
,,Last Pending Assessment snapshot,PROCESS_PRACTICES,2026-09-11,Percentage,"0,82",0,0,0,0,,,,,,,,,,,,,,,,,,
,,Last Pending Assessment snapshot -1,PROCESS_PRACTICES,null,Percentage,0,0,0,0,0,,,,,,,,,,,,,,,,,,
,SHU_SSCC,Sebastien Guisse,QUALITY,,,Global,Integration Tests,Organization,Performance Tests,Practices,Qualimetry,Static Code Analysis,Unit Tests,,,,,,,,,,,,,,,
,,Last Released Assessment,QUALITY,2025-12-11,Score,"3,381","3,333",5,"2,5",4,"3,333",5,5,,,,,,,,,,,,,,,
,,Last Released Assessment,QUALITY,2025-12-11,Level,2,2,3,2,4,2,4,4,,,,,,,,,,,,,,,
,,Last Released Assessment -1,QUALITY,2025-04-11,Score,"3,381","3,333",5,"2,5",4,"3,333",5,5,,,,,,,,,,,,,,,
,,Last Released Assessment -1,QUALITY,2025-04-11,Level,2,2,3,2,4,2,4,4,,,,,,,,,,,,,,,
,,Last Pending Assessment snapshot,QUALITY,null,Percentage,0,0,0,0,0,0,0,0,,,,,,,,,,,,,,,
,,Last Pending Assessment snapshot -1,QUALITY,null,Percentage,0,0,0,0,0,0,0,0,,,,,,,,,,,,,,,
,SHU_SSCC,Sebastien Guisse,SECURITY,,,Global,Code/Build,Design,Operate/Monitor,Organisation,Requirement,Test,,,,,,,,,,,,,,,,
,,Last Released Assessment,SECURITY,2025-12-11,Score,"2,819","3,3","1,667","3,333","4,167",0,5,,,,,,,,,,,,,,,,
,,Last Released Assessment,SECURITY,2025-12-11,Level,0,2,1,3,0,0,3,,,,,,,,,,,,,,,,
,,Last Released Assessment -1,SECURITY,2025-04-11,Score,"2,819","3,3","1,667","3,333","4,167",0,5,,,,,,,,,,,,,,,,
,,Last Released Assessment -1,SECURITY,2025-04-11,Level,0,2,1,3,0,0,3,,,,,,,,,,,,,,,,
,,Last Pending Assessment snapshot,SECURITY,null,Percentage,0,0,0,0,0,0,0,,,,,,,,,,,,,,,,
,,Last Pending Assessment snapshot -1,SECURITY,null,Percentage,0,0,0,0,0,0,0,,,,,,,,,,,,,,,,
,SHU_SSCC,Unknown - ???,STREAMING,,,Global,Event Streams,Infrastructure,Observability,Security,,,,,,,,,,,,,,,,,,
,,Last Released Assessment,STREAMING,null,Score,0,0,0,0,0,,,,,,,,,,,,,,,,,,
,,Last Released Assessment,STREAMING,null,Level,0,0,0,0,0,,,,,,,,,,,,,,,,,,
,,Last Released Assessment -1,STREAMING,null,Score,0,0,0,0,0,,,,,,,,,,,,,,,,,,
,,Last Released Assessment -1,STREAMING,null,Level,0,0,0,0,0,,,,,,,,,,,,,,,,,,
,,Last Pending Assessment snapshot,STREAMING,2026-09-11,Percentage,"0,58",0,0,0,0,,,,,,,,,,,,,,,,,,
,,Last Pending Assessment snapshot -1,STREAMING,null,Percentage,0,0,0,0,0,,,,,,,,,,,,,,,,,,
,SHU_SSCC,,ACCESSIBILITY,,,Global,Accessibility,,,,,,,,,,,,,,,,,,,,,
,,Last Released Assessment,ACCESSIBILITY,null,Score,0,0,,,,,,,,,,,,,,,,,,,,,
,,Last Released Assessment,ACCESSIBILITY,null,Level,0,0,,,,,,,,,,,,,,,,,,,,,
,,Last Released Assessment -1,ACCESSIBILITY,null,Score,0,0,,,,,,,,,,,,,,,,,,,,,
,,Last Released Assessment -1,ACCESSIBILITY,null,Level,0,0,,,,,,,,,,,,,,,,,,,,,
,,Last Pending Assessment snapshot,ACCESSIBILITY,null,Percentage,0,0,,,,,,,,,,,,,,,,,,,,,
,,Last Pending Assessment snapshot -1,ACCESSIBILITY,null,Percentage,0,0,,,,,,,,,,,,,,,,,,,,,
,SMART_SUPPLY_BACK,Nicolas Tirode,DATA,,,Global,Critical Data,Data documentation,Data governance,Data privacy,Data quality,Datalake Integration,Reference data,,,,,,,,,,,,,,,
,,Last Released Assessment,DATA,2026-03-19,Score,"1,75",0,5,"1,25",2,0,0,0,,,,,,,,,,,,,,,
,,Last Released Assessment,DATA,2026-03-19,Level,1,0,3,1,2,0,0,0,,,,,,,,,,,,,,,
,,Last Released Assessment -1,DATA,2025-12-09,Score,"2,667",0,5,0,5,"3,5",0,5,,,,,,,,,,,,,,,
,,Last Released Assessment -1,DATA,2025-12-09,Level,0,0,4,0,1,2,0,1,,,,,,,,,,,,,,,
,,Last Pending Assessment snapshot,DATA,null,Percentage,0,0,0,0,0,0,0,0,,,,,,,,,,,,,,,
,,Last Pending Assessment snapshot -1,DATA,null,Percentage,0,0,0,0,0,0,0,0,,,,,,,,,,,,,,,
,SMART_SUPPLY_BACK,Nicolas Tirode,DELIVERY,,,Global,Accelerate,Application Configuration Management,Chaos Engineering,Continous Integration,Continuous Deployment,Database Control,Documentation,Service Availability,Workflows,,,,,,,,,,,,,
,,Last Released Assessment,DELIVERY,2026-03-19,Score,"2,357","3,75","1,667",0,"3,75",1,"3,333",0,5,0,,,,,,,,,,,,,
,,Last Released Assessment,DELIVERY,2026-03-19,Level,0,3,1,0,4,0,2,0,3,0,,,,,,,,,,,,,
,,Last Released Assessment -1,DELIVERY,2025-12-09,Score,"3,036",4,5,2,5,"2,5","3,333",0,3,5,,,,,,,,,,,,,
,,Last Released Assessment -1,DELIVERY,2025-12-09,Level,1,4,4,2,2,1,2,0,3,2,,,,,,,,,,,,,
,,Last Pending Assessment snapshot,DELIVERY,null,Percentage,0,0,0,0,0,0,0,0,0,0,,,,,,,,,,,,,
,,Last Pending Assessment snapshot -1,DELIVERY,null,Percentage,0,0,0,0,0,0,0,0,0,0,,,,,,,,,,,,,
,SMART_SUPPLY_BACK,,DESIGN,,,Global,Design,Design for all,Documentation,Libraries & plugins,Prototype,Tools,Workflow,,,,,,,,,,,,,,,
,,Last Released Assessment,DESIGN,null,Score,0,0,0,0,0,0,0,0,,,,,,,,,,,,,,,
,,Last Released Assessment,DESIGN,null,Level,0,0,0,0,0,0,0,0,,,,,,,,,,,,,,,
,,Last Released Assessment -1,DESIGN,null,Score,0,0,0,0,0,0,0,0,,,,,,,,,,,,,,,
,,Last Released Assessment -1,DESIGN,null,Level,0,0,0,0,0,0,0,0,,,,,,,,,,,,,,,
,,Last Pending Assessment snapshot,DESIGN,null,Percentage,0,0,0,0,0,0,0,0,,,,,,,,,,,,,,,
,,Last Pending Assessment snapshot -1,DESIGN,null,Percentage,0,0,0,0,0,0,0,0,,,,,,,,,,,,,,,
,SMART_SUPPLY_BACK,Nicolas Tirode,DEV,,,Global,API,Analytics,Architecture Decision Record,Authentication,BFF,Business & strategy,Code Management,Data Factory,Data Management,Delivery,Design System,Documentation,Model Management,Observability,Performance,Reliability,Software Design,Source Control,System Design Documents,Team,Tech Radar,Versionning
,,Last Released Assessment,DEV,2026-03-19,Score,"3,067",5,0,"2,5",0,0,0,0,0,0,0,0,0,0,4,0,"3,333",0,5,"3,75","2,5",5,0
,,Last Released Assessment,DEV,2026-03-19,Level,1,2,0,2,0,0,0,0,0,0,0,0,0,0,4,0,1,0,4,3,1,3,0
,,Last Released Assessment -1,DEV,2025-12-09,Score,"3,714",5,0,0,0,0,0,0,0,0,0,0,0,0,4,0,4,0,"4,375",0,"3,333",5,0
,,Last Released Assessment -1,DEV,2025-12-09,Level,2,4,0,0,0,0,0,0,0,0,0,0,0,0,4,0,3,0,2,0,2,4,0
,,Last Pending Assessment snapshot,DEV,null,Percentage,0,0,0,0,0,0,0,0,0,0,0,0,0,0,0,0,0,0,0,0,0,0,0
,,Last Pending Assessment snapshot -1,DEV,null,Percentage,0,0,0,0,0,0,0,0,0,0,0,0,0,0,0,0,0,0,0,0,0,0,0
,SMART_SUPPLY_BACK,Nicolas Tirode,INFRA,,,Global,Cloud Native Design,Configuration / Infra Management,Database Management,Hosting Solution,Reproducibility,Secrets Management,Security,Storage Management (for unstructured data),,,,,,,,,,,,,,
,,Last Released Assessment,INFRA,2026-03-19,Score,"2,589","1,667","4,167","0,417",5,0,"2,667",0,0,,,,,,,,,,,,,,
,,Last Released Assessment,INFRA,2026-03-19,Level,1,3,2,0,4,0,2,0,0,,,,,,,,,,,,,,
,,Last Released Assessment -1,INFRA,2025-12-09,Score,"3,5",5,5,"1,25",5,0,4,0,0,,,,,,,,,,,,,,
,,Last Released Assessment -1,INFRA,2025-12-09,Level,2,4,3,2,4,0,4,0,0,,,,,,,,,,,,,,
,,Last Pending Assessment snapshot,INFRA,null,Percentage,0,0,0,0,0,0,0,0,0,,,,,,,,,,,,,,
,,Last Pending Assessment snapshot -1,INFRA,null,Percentage,0,0,0,0,0,0,0,0,0,,,,,,,,,,,,,,
,SMART_SUPPLY_BACK,Unknown - ???,OPERATION,,,Global,Availability / Risk Management,Change Management,Event Management,Incident Management,Knowledge / Continuous Improvement Management,Problem Management,Service Catalog Management,Service Level Management,Service Request Management,,,,,,,,,,,,,
,,Last Released Assessment,OPERATION,2026-03-19,Score,"1,727","0,417","1,583",3,"0,333",0,"4,167",0,"2,417","1,333",,,,,,,,,,,,,
,,Last Released Assessment,OPERATION,2026-03-19,Level,0,0,1,2,0,0,2,0,1,1,,,,,,,,,,,,,
,,Last Released Assessment -1,OPERATION,2025-12-09,Score,"2,139",1,"3,083","3,75","1,5",0,"4,5",0,"2,45","2,25",,,,,,,,,,,,,
,,Last Released Assessment -1,OPERATION,2025-12-09,Level,0,1,2,2,1,0,3,0,1,2,,,,,,,,,,,,,
,,Last Pending Assessment snapshot,OPERATION,2026-09-11,Percentage,1,0,0,0,0,0,0,0,0,0,,,,,,,,,,,,,
,,Last Pending Assessment snapshot -1,OPERATION,null,Percentage,0,0,0,0,0,0,0,0,0,0,,,,,,,,,,,,,
,SMART_SUPPLY_BACK,Nicolas Tirode,PROCESS_PRACTICES,,,Global,Culture,Lean Management,Product & Process,User needs,,,,,,,,,,,,,,,,,,
,,Last Released Assessment,PROCESS_PRACTICES,2026-03-19,Score,"4,354",5,5,5,"1,667",,,,,,,,,,,,,,,,,,
,,Last Released Assessment,PROCESS_PRACTICES,2026-03-19,Level,0,3,3,3,0,,,,,,,,,,,,,,,,,,
,,Last Released Assessment -1,PROCESS_PRACTICES,2025-12-09,Score,"4,354",5,5,5,"1,667",,,,,,,,,,,,,,,,,,
,,Last Released Assessment -1,PROCESS_PRACTICES,2025-12-09,Level,0,3,3,3,0,,,,,,,,,,,,,,,,,,
,,Last Pending Assessment snapshot,PROCESS_PRACTICES,null,Percentage,0,0,0,0,0,,,,,,,,,,,,,,,,,,
,,Last Pending Assessment snapshot -1,PROCESS_PRACTICES,null,Percentage,0,0,0,0,0,,,,,,,,,,,,,,,,,,
,SMART_SUPPLY_BACK,Franck Bisschop,QUALITY,,,Global,Integration Tests,Organization,Performance Tests,Practices,Qualimetry,Static Code Analysis,Unit Tests,,,,,,,,,,,,,,,
,,Last Released Assessment,QUALITY,2026-03-19,Score,"3,547","2,708","2,778","2,5",4,"3,75",5,"3,75",,,,,,,,,,,,,,,
,,Last Released Assessment,QUALITY,2026-03-19,Level,0,0,0,2,3,3,4,2,,,,,,,,,,,,,,,
,,Last Released Assessment -1,QUALITY,2025-12-09,Score,"2,77","2,778","4,444","2,5","2,25","3,333",5,"3,75",,,,,,,,,,,,,,,
,,Last Released Assessment -1,QUALITY,2025-12-09,Level,0,0,0,2,0,2,4,3,,,,,,,,,,,,,,,
,,Last Pending Assessment snapshot,QUALITY,null,Percentage,0,0,0,0,0,0,0,0,,,,,,,,,,,,,,,
,,Last Pending Assessment snapshot -1,QUALITY,null,Percentage,0,0,0,0,0,0,0,0,,,,,,,,,,,,,,,
,SMART_SUPPLY_BACK,Nicolas Tirode,SECURITY,,,Global,Code/Build,Design,Operate/Monitor,Organisation,Requirement,Test,,,,,,,,,,,,,,,,
,,Last Released Assessment,SECURITY,2026-03-19,Score,"2,143","1,667","2,5","3,333",5,"2,5",0,,,,,,,,,,,,,,,,
,,Last Released Assessment,SECURITY,2026-03-19,Level,0,1,1,3,3,0,0,,,,,,,,,,,,,,,,
,,Last Released Assessment -1,SECURITY,2025-12-09,Score,"2,226","1,667","3,333","3,333",5,"2,5",0,,,,,,,,,,,,,,,,
,,Last Released Assessment -1,SECURITY,2025-12-09,Level,0,1,2,3,3,0,0,,,,,,,,,,,,,,,,
,,Last Pending Assessment snapshot,SECURITY,null,Percentage,0,0,0,0,0,0,0,,,,,,,,,,,,,,,,
,,Last Pending Assessment snapshot -1,SECURITY,null,Percentage,0,0,0,0,0,0,0,,,,,,,,,,,,,,,,
,SMART_SUPPLY_BACK,Nicolas Tirode,STREAMING,,,Global,Event Streams,Infrastructure,Observability,Security,,,,,,,,,,,,,,,,,,
,,Last Released Assessment,STREAMING,2026-03-19,Score,"1,45","2,125","1,25",2,"1,25",,,,,,,,,,,,,,,,,,
,,Last Released Assessment,STREAMING,2026-03-19,Level,0,0,1,2,1,,,,,,,,,,,,,,,,,,
,,Last Released Assessment -1,STREAMING,null,Score,0,0,0,0,0,,,,,,,,,,,,,,,,,,
,,Last Released Assessment -1,STREAMING,null,Level,0,0,0,0,0,,,,,,,,,,,,,,,,,,
,,Last Pending Assessment snapshot,STREAMING,null,Percentage,0,0,0,0,0,,,,,,,,,,,,,,,,,,
,,Last Pending Assessment snapshot -1,STREAMING,null,Percentage,0,0,0,0,0,,,,,,,,,,,,,,,,,,
,SMART_SUPPLY_BACK,,ACCESSIBILITY,,,Global,Accessibility,,,,,,,,,,,,,,,,,,,,,
,,Last Released Assessment,ACCESSIBILITY,null,Score,0,0,,,,,,,,,,,,,,,,,,,,,
,,Last Released Assessment,ACCESSIBILITY,null,Level,0,0,,,,,,,,,,,,,,,,,,,,,
,,Last Released Assessment -1,ACCESSIBILITY,null,Score,0,0,,,,,,,,,,,,,,,,,,,,,
,,Last Released Assessment -1,ACCESSIBILITY,null,Level,0,0,,,,,,,,,,,,,,,,,,,,,
,,Last Pending Assessment snapshot,ACCESSIBILITY,null,Percentage,0,0,,,,,,,,,,,,,,,,,,,,,
,,Last Pending Assessment snapshot -1,ACCESSIBILITY,null,Percentage,0,0,,,,,,,,,,,,,,,,,,,,,
,SMART_SUPPLY_FRONT,Lou-Nardelli,DATA,,,Global,Critical Data,Data documentation,Data governance,Data privacy,Data quality,Datalake Integration,Reference data,,,,,,,,,,,,,,,
,,Last Released Assessment,DATA,2026-09-07,Score,3,0,5,0,"3,333",0,0,0,,,,,,,,,,,,,,,
,,Last Released Assessment,DATA,2026-09-07,Level,3,0,3,0,2,0,0,0,,,,,,,,,,,,,,,
,,Last Released Assessment -1,DATA,null,Score,0,0,0,0,0,0,0,0,,,,,,,,,,,,,,,
,,Last Released Assessment -1,DATA,null,Level,0,0,0,0,0,0,0,0,,,,,,,,,,,,,,,
,,Last Pending Assessment snapshot,DATA,null,Percentage,0,0,0,0,0,0,0,0,,,,,,,,,,,,,,,
,,Last Pending Assessment snapshot -1,DATA,null,Percentage,0,0,0,0,0,0,0,0,,,,,,,,,,,,,,,
,SMART_SUPPLY_FRONT,Lou-Nardelli,DELIVERY,,,Global,Accelerate,Application Configuration Management,Chaos Engineering,Continous Integration,Continuous Deployment,Database Control,Documentation,Service Availability,Workflows,,,,,,,,,,,,,
,,Last Released Assessment,DELIVERY,2026-09-07,Score,"3,633",5,5,0,"3,75",4,0,0,1,0,,,,,,,,,,,,,
,,Last Released Assessment,DELIVERY,2026-09-07,Level,0,4,3,0,4,3,0,0,0,0,,,,,,,,,,,,,
,,Last Released Assessment -1,DELIVERY,2026-03-24,Score,"3,183",5,5,0,"2,5","3,5",0,0,1,0,,,,,,,,,,,,,
,,Last Released Assessment -1,DELIVERY,2026-03-24,Level,0,4,3,0,2,2,0,0,0,0,,,,,,,,,,,,,
,,Last Pending Assessment snapshot,DELIVERY,null,Percentage,0,0,0,0,0,0,0,0,0,0,,,,,,,,,,,,,
,,Last Pending Assessment snapshot -1,DELIVERY,null,Percentage,0,0,0,0,0,0,0,0,0,0,,,,,,,,,,,,,
,SMART_SUPPLY_FRONT,Lou-Nardelli,DESIGN,,,Global,Design,Design for all,Documentation,Libraries & plugins,Prototype,Tools,Workflow,,,,,,,,,,,,,,,
,,Last Released Assessment,DESIGN,2026-09-07,Score,"2,532","3,75",0,0,5,5,5,0,,,,,,,,,,,,,,,
,,Last Released Assessment,DESIGN,2026-09-07,Level,0,3,0,0,2,2,1,0,,,,,,,,,,,,,,,
,,Last Released Assessment -1,DESIGN,2026-03-27,Score,"2,532","3,75",0,0,5,5,5,0,,,,,,,,,,,,,,,
,,Last Released Assessment -1,DESIGN,2026-03-27,Level,0,3,0,0,2,2,1,0,,,,,,,,,,,,,,,
,,Last Pending Assessment snapshot,DESIGN,null,Percentage,0,0,0,0,0,0,0,0,,,,,,,,,,,,,,,
,,Last Pending Assessment snapshot -1,DESIGN,null,Percentage,0,0,0,0,0,0,0,0,,,,,,,,,,,,,,,
,SMART_SUPPLY_FRONT,Lou-Nardelli,DEV,,,Global,API,Analytics,Architecture Decision Record,Authentication,BFF,Business & strategy,Code Management,Data Factory,Data Management,Delivery,Design System,Documentation,Model Management,Observability,Performance,Reliability,Software Design,Source Control,System Design Documents,Team,Tech Radar,Versionning
,,Last Released Assessment,DEV,2026-09-07,Score,"3,94",0,5,"3,75","2,5","2,5",0,0,0,0,0,5,0,0,"4,167","2,5","2,5",0,5,"4,375","2,5",5,0
,,Last Released Assessment,DEV,2026-09-07,Level,0,0,3,1,0,0,0,0,0,0,0,3,0,0,1,2,1,0,4,3,1,3,0
,,Last Released Assessment -1,DEV,2026-03-24,Score,"3,545",0,5,"1,25","2,5","2,5",0,0,0,0,0,5,0,0,"3,833","2,5","2,5",0,5,"3,75","2,5",5,0
,,Last Released Assessment -1,DEV,2026-03-24,Level,0,0,3,1,0,0,0,0,0,0,0,3,0,0,1,2,1,0,4,3,1,3,0
,,Last Pending Assessment snapshot,DEV,null,Percentage,0,0,0,0,0,0,0,0,0,0,0,0,0,0,0,0,0,0,0,0,0,0,0
,,Last Pending Assessment snapshot -1,DEV,null,Percentage,0,0,0,0,0,0,0,0,0,0,0,0,0,0,0,0,0,0,0,0,0,0,0
,SMART_SUPPLY_FRONT,Unknown - ???,INFRA,,,Global,Cloud Native Design,Configuration / Infra Management,Database Management,Hosting Solution,Reproducibility,Secrets Management,Security,Storage Management (for unstructured data),,,,,,,,,,,,,,
,,Last Released Assessment,INFRA,2026-04-29,Score,"3,374",4,5,0,5,0,"3,333",0,0,,,,,,,,,,,,,,
,,Last Released Assessment,INFRA,2026-04-29,Level,0,0,3,0,4,0,2,0,0,,,,,,,,,,,,,,
,,Last Released Assessment -1,INFRA,2025-12-16,Score,"3,5","3,75",5,0,5,0,3,0,0,,,,,,,,,,,,,,
,,Last Released Assessment -1,INFRA,2025-12-16,Level,0,0,3,0,4,0,0,0,0,,,,,,,,,,,,,,
,,Last Pending Assessment snapshot,INFRA,2026-09-11,Percentage,"0,9",0,0,0,0,0,0,0,0,,,,,,,,,,,,,,
,,Last Pending Assessment snapshot -1,INFRA,null,Percentage,0,0,0,0,0,0,0,0,0,,,,,,,,,,,,,,
,SMART_SUPPLY_FRONT,Corentin FAMECHON,OPERATION,,,Global,Availability / Risk Management,Change Management,Event Management,Incident Management,Knowledge / Continuous Improvement Management,Problem Management,Service Catalog Management,Service Level Management,Service Request Management,,,,,,,,,,,,,
,,Last Released Assessment,OPERATION,2025-12-15,Score,"2,105",1,"1,833","1,875","1,75","1,25","3,5",5,"1,45","3,167",,,,,,,,,,,,,
,,Last Released Assessment,OPERATION,2025-12-15,Level,1,1,1,1,1,1,3,4,1,1,,,,,,,,,,,,,
,,Last Released Assessment -1,OPERATION,2025-06-18,Score,"1,025",1,"1,833","1,875","0,5",0,"2,167",0,1,1,,,,,,,,,,,,,
,,Last Released Assessment -1,OPERATION,2025-06-18,Level,0,1,1,1,0,0,1,0,1,1,,,,,,,,,,,,,
,,Last Pending Assessment snapshot,OPERATION,null,Percentage,0,0,0,0,0,0,0,0,0,0,,,,,,,,,,,,,
,,Last Pending Assessment snapshot -1,OPERATION,null,Percentage,0,0,0,0,0,0,0,0,0,0,,,,,,,,,,,,,
,SMART_SUPPLY_FRONT,Lou-Nardelli,PROCESS_PRACTICES,,,Global,Culture,Lean Management,Product & Process,User needs,,,,,,,,,,,,,,,,,,
,,Last Released Assessment,PROCESS_PRACTICES,2026-09-07,Score,5,5,5,5,5,,,,,,,,,,,,,,,,,,
,,Last Released Assessment,PROCESS_PRACTICES,2026-09-07,Level,3,3,3,3,3,,,,,,,,,,,,,,,,,,
,,Last Released Assessment -1,PROCESS_PRACTICES,2026-03-24,Score,5,5,5,5,5,,,,,,,,,,,,,,,,,,
,,Last Released Assessment -1,PROCESS_PRACTICES,2026-03-24,Level,3,3,3,3,3,,,,,,,,,,,,,,,,,,
,,Last Pending Assessment snapshot,PROCESS_PRACTICES,null,Percentage,0,0,0,0,0,,,,,,,,,,,,,,,,,,
,,Last Pending Assessment snapshot -1,PROCESS_PRACTICES,null,Percentage,0,0,0,0,0,,,,,,,,,,,,,,,,,,
,SMART_SUPPLY_FRONT,Franck Bisschop,QUALITY,,,Global,Integration Tests,Organization,Performance Tests,Practices,Qualimetry,Static Code Analysis,Unit Tests,,,,,,,,,,,,,,,
,,Last Released Assessment,QUALITY,2026-03-19,Score,"4,27","3,333","3,333","2,5",5,5,5,"3,75",,,,,,,,,,,,,,,
,,Last Released Assessment,QUALITY,2026-03-19,Level,2,2,2,2,5,4,4,3,,,,,,,,,,,,,,,
,,Last Released Assessment -1,QUALITY,2025-12-16,Score,"2,762","2,5","3,333","2,5","3,5","3,75",5,5,,,,,,,,,,,,,,,
,,Last Released Assessment -1,QUALITY,2025-12-16,Level,0,1,2,2,2,3,4,4,,,,,,,,,,,,,,,
,,Last Pending Assessment snapshot,QUALITY,null,Percentage,0,0,0,0,0,0,0,0,,,,,,,,,,,,,,,
,,Last Pending Assessment snapshot -1,QUALITY,null,Percentage,0,0,0,0,0,0,0,0,,,,,,,,,,,,,,,
,SMART_SUPPLY_FRONT,Unknown - ???,SECURITY,,,Global,Code/Build,Design,Operate/Monitor,Organisation,Requirement,Test,,,,,,,,,,,,,,,,
,,Last Released Assessment,SECURITY,2026-09-07,Score,5,5,5,5,5,5,5,,,,,,,,,,,,,,,,
,,Last Released Assessment,SECURITY,2026-09-07,Level,4,4,2,4,3,2,3,,,,,,,,,,,,,,,,
,,Last Released Assessment -1,SECURITY,2026-03-27,Score,5,5,5,5,5,5,5,,,,,,,,,,,,,,,,
,,Last Released Assessment -1,SECURITY,2026-03-27,Level,4,4,2,4,3,2,3,,,,,,,,,,,,,,,,
,,Last Pending Assessment snapshot,SECURITY,2026-09-11,Percentage,1,0,0,0,0,0,0,,,,,,,,,,,,,,,,
,,Last Pending Assessment snapshot -1,SECURITY,null,Percentage,0,0,0,0,0,0,0,,,,,,,,,,,,,,,,
,SMART_SUPPLY_FRONT,,STREAMING,,,Global,Event Streams,Infrastructure,Observability,Security,,,,,,,,,,,,,,,,,,
,,Last Released Assessment,STREAMING,null,Score,0,0,0,0,0,,,,,,,,,,,,,,,,,,
,,Last Released Assessment,STREAMING,null,Level,0,0,0,0,0,,,,,,,,,,,,,,,,,,
,,Last Released Assessment -1,STREAMING,null,Score,0,0,0,0,0,,,,,,,,,,,,,,,,,,
,,Last Released Assessment -1,STREAMING,null,Level,0,0,0,0,0,,,,,,,,,,,,,,,,,,
,,Last Pending Assessment snapshot,STREAMING,null,Percentage,0,0,0,0,0,,,,,,,,,,,,,,,,,,
,,Last Pending Assessment snapshot -1,STREAMING,null,Percentage,0,0,0,0,0,,,,,,,,,,,,,,,,,,
,SMART_SUPPLY_FRONT,Lou-Nardelli,ACCESSIBILITY,,,Global,Accessibility,,,,,,,,,,,,,,,,,,,,,
,,Last Released Assessment,ACCESSIBILITY,2026-09-07,Score,"1,167","1,167",,,,,,,,,,,,,,,,,,,,,
,,Last Released Assessment,ACCESSIBILITY,2026-09-07,Level,0,0,,,,,,,,,,,,,,,,,,,,,
,,Last Released Assessment -1,ACCESSIBILITY,2026-03-24,Score,"0,5","0,5",,,,,,,,,,,,,,,,,,,,,
,,Last Released Assessment -1,ACCESSIBILITY,2026-03-24,Level,0,0,,,,,,,,,,,,,,,,,,,,,
,,Last Pending Assessment snapshot,ACCESSIBILITY,null,Percentage,0,0,,,,,,,,,,,,,,,,,,,,,
,,Last Pending Assessment snapshot -1,ACCESSIBILITY,null,Percentage,0,0,,,,,,,,,,,,,,,,,,,,,
,SMDI,Lewandowski Anthony,DATA,,,Global,Critical Data,Data documentation,Data governance,Data privacy,Data quality,Datalake Integration,Reference data,,,,,,,,,,,,,,,
,,Last Released Assessment,DATA,2026-06-09,Score,"3,167",0,"3,333","3,125",5,0,0,0,,,,,,,,,,,,,,,
,,Last Released Assessment,DATA,2026-06-09,Level,1,0,2,1,5,0,0,0,,,,,,,,,,,,,,,
,,Last Released Assessment -1,DATA,2025-12-11,Score,"3,933",0,"2,5","2,5",5,5,0,5,,,,,,,,,,,,,,,
,,Last Released Assessment -1,DATA,2025-12-11,Level,2,0,2,2,5,5,0,4,,,,,,,,,,,,,,,
,,Last Pending Assessment snapshot,DATA,null,Percentage,0,0,0,0,0,0,0,0,,,,,,,,,,,,,,,
,,Last Pending Assessment snapshot -1,DATA,null,Percentage,0,0,0,0,0,0,0,0,,,,,,,,,,,,,,,
,SMDI,Lewandowski Anthony,DELIVERY,,,Global,Accelerate,Application Configuration Management,Chaos Engineering,Continous Integration,Continuous Deployment,Database Control,Documentation,Service Availability,Workflows,,,,,,,,,,,,,
,,Last Released Assessment,DELIVERY,2025-12-11,Score,"3,667",4,"3,75",4,5,"3,5",5,0,5,5,,,,,,,,,,,,,
,,Last Released Assessment,DELIVERY,2025-12-11,Level,3,4,3,4,2,3,3,0,3,2,,,,,,,,,,,,,
,,Last Released Assessment -1,DELIVERY,2025-03-10,Score,"3,571",4,"3,75",3,5,"3,5",5,0,5,0,,,,,,,,,,,,,
,,Last Released Assessment -1,DELIVERY,2025-03-10,Level,3,4,3,3,2,3,3,0,4,0,,,,,,,,,,,,,
,,Last Pending Assessment snapshot,DELIVERY,null,Percentage,0,0,0,0,0,0,0,0,0,0,,,,,,,,,,,,,
,,Last Pending Assessment snapshot -1,DELIVERY,null,Percentage,0,0,0,0,0,0,0,0,0,0,,,,,,,,,,,,,
,SMDI,,DESIGN,,,Global,Design,Design for all,Documentation,Libraries & plugins,Prototype,Tools,Workflow,,,,,,,,,,,,,,,
,,Last Released Assessment,DESIGN,null,Score,0,0,0,0,0,0,0,0,,,,,,,,,,,,,,,
,,Last Released Assessment,DESIGN,null,Level,0,0,0,0,0,0,0,0,,,,,,,,,,,,,,,
,,Last Released Assessment -1,DESIGN,null,Score,0,0,0,0,0,0,0,0,,,,,,,,,,,,,,,
,,Last Released Assessment -1,DESIGN,null,Level,0,0,0,0,0,0,0,0,,,,,,,,,,,,,,,
,,Last Pending Assessment snapshot,DESIGN,null,Percentage,0,0,0,0,0,0,0,0,,,,,,,,,,,,,,,
,,Last Pending Assessment snapshot -1,DESIGN,null,Percentage,0,0,0,0,0,0,0,0,,,,,,,,,,,,,,,
,SMDI,Lewandowski Anthony,DEV,,,Global,API,Analytics,Architecture Decision Record,Authentication,BFF,Business & strategy,Code Management,Data Factory,Data Management,Delivery,Design System,Documentation,Model Management,Observability,Performance,Reliability,Software Design,Source Control,System Design Documents,Team,Tech Radar,Versionning
,,Last Released Assessment,DEV,2025-12-11,Score,"3,967",0,0,0,0,0,0,0,0,0,0,0,0,0,"3,5",0,5,0,"4,375",0,5,5,0
,,Last Released Assessment,DEV,2025-12-11,Level,1,0,0,0,0,0,0,0,0,0,0,0,0,0,2,0,5,0,2,0,3,4,0
,,Last Released Assessment -1,DEV,2025-06-16,Score,"3,5",0,0,0,0,0,0,0,0,0,0,0,0,0,"3,5",0,5,0,"4,375",0,5,"3,75",0
,,Last Released Assessment -1,DEV,2025-06-16,Level,1,0,0,0,0,0,0,0,0,0,0,0,0,0,2,0,4,0,2,0,3,3,0
,,Last Pending Assessment snapshot,DEV,null,Percentage,0,0,0,0,0,0,0,0,0,0,0,0,0,0,0,0,0,0,0,0,0,0,0
,,Last Pending Assessment snapshot -1,DEV,null,Percentage,0,0,0,0,0,0,0,0,0,0,0,0,0,0,0,0,0,0,0,0,0,0,0
,SMDI,Lewandowski Anthony,INFRA,,,Global,Cloud Native Design,Configuration / Infra Management,Database Management,Hosting Solution,Reproducibility,Secrets Management,Security,Storage Management (for unstructured data),,,,,,,,,,,,,,
,,Last Released Assessment,INFRA,2025-12-11,Score,4,5,5,4,5,0,4,0,0,,,,,,,,,,,,,,
,,Last Released Assessment,INFRA,2025-12-11,Level,4,4,3,4,4,0,4,0,0,,,,,,,,,,,,,,
,,Last Released Assessment -1,INFRA,2025-03-10,Score,"3,55",5,5,2,5,0,4,0,0,,,,,,,,,,,,,,
,,Last Released Assessment -1,INFRA,2025-03-10,Level,2,4,3,2,4,0,4,0,0,,,,,,,,,,,,,,
,,Last Pending Assessment snapshot,INFRA,null,Percentage,0,0,0,0,0,0,0,0,0,,,,,,,,,,,,,,
,,Last Pending Assessment snapshot -1,INFRA,null,Percentage,0,0,0,0,0,0,0,0,0,,,,,,,,,,,,,,
,SMDI,Lewandowski Anthony,OPERATION,,,Global,Availability / Risk Management,Change Management,Event Management,Incident Management,Knowledge / Continuous Improvement Management,Problem Management,Service Catalog Management,Service Level Management,Service Request Management,,,,,,,,,,,,,
,,Last Released Assessment,OPERATION,2025-12-11,Score,"3,36",1,4,"3,125","4,125",5,"4,5",5,"1,65","4,5",,,,,,,,,,,,,
,,Last Released Assessment,OPERATION,2025-12-11,Level,1,1,4,2,2,5,4,4,1,4,,,,,,,,,,,,,
,,Last Released Assessment -1,OPERATION,2025-06-16,Score,"3,36",1,4,"3,125","4,125",5,"4,5",5,"1,65","4,5",,,,,,,,,,,,,
,,Last Released Assessment -1,OPERATION,2025-06-16,Level,1,1,4,2,2,5,4,4,1,4,,,,,,,,,,,,,
,,Last Pending Assessment snapshot,OPERATION,null,Percentage,0,0,0,0,0,0,0,0,0,0,,,,,,,,,,,,,
,,Last Pending Assessment snapshot -1,OPERATION,null,Percentage,0,0,0,0,0,0,0,0,0,0,,,,,,,,,,,,,
,SMDI,Lewandowski Anthony,PROCESS_PRACTICES,,,Global,Culture,Lean Management,Product & Process,User needs,,,,,,,,,,,,,,,,,,
,,Last Released Assessment,PROCESS_PRACTICES,2026-06-09,Score,"4,206",5,5,"4,028","2,778",,,,,,,,,,,,,,,,,,
,,Last Released Assessment,PROCESS_PRACTICES,2026-06-09,Level,1,3,3,1,1,,,,,,,,,,,,,,,,,,
,,Last Released Assessment -1,PROCESS_PRACTICES,2025-12-11,Score,"3,798",5,5,"2,778","2,778",,,,,,,,,,,,,,,,,,
,,Last Released Assessment -1,PROCESS_PRACTICES,2025-12-11,Level,0,3,3,0,1,,,,,,,,,,,,,,,,,,
,,Last Pending Assessment snapshot,PROCESS_PRACTICES,null,Percentage,0,0,0,0,0,,,,,,,,,,,,,,,,,,
,,Last Pending Assessment snapshot -1,PROCESS_PRACTICES,null,Percentage,0,0,0,0,0,,,,,,,,,,,,,,,,,,
,SMDI,Lewandowski Anthony,QUALITY,,,Global,Integration Tests,Organization,Performance Tests,Practices,Qualimetry,Static Code Analysis,Unit Tests,,,,,,,,,,,,,,,
,,Last Released Assessment,QUALITY,2025-12-11,Score,"3,986","3,75",5,0,"4,25","3,333",5,5,,,,,,,,,,,,,,,
,,Last Released Assessment,QUALITY,2025-12-11,Level,0,1,3,0,0,2,4,4,,,,,,,,,,,,,,,
,,Last Released Assessment -1,QUALITY,2025-06-16,Score,"3,914","3,75","4,444",0,"4,25","3,333",5,5,,,,,,,,,,,,,,,
,,Last Released Assessment -1,QUALITY,2025-06-16,Level,0,1,0,0,0,2,4,4,,,,,,,,,,,,,,,
,,Last Pending Assessment snapshot,QUALITY,null,Percentage,0,0,0,0,0,0,0,0,,,,,,,,,,,,,,,
,,Last Pending Assessment snapshot -1,QUALITY,null,Percentage,0,0,0,0,0,0,0,0,,,,,,,,,,,,,,,
,SMDI,Lewandowski Anthony,SECURITY,,,Global,Code/Build,Design,Operate/Monitor,Organisation,Requirement,Test,,,,,,,,,,,,,,,,
,,Last Released Assessment,SECURITY,2025-12-11,Score,"3,278","3,4","2,5",5,5,"2,5","4,167",,,,,,,,,,,,,,,,
,,Last Released Assessment,SECURITY,2025-12-11,Level,0,2,2,3,3,0,0,,,,,,,,,,,,,,,,
,,Last Released Assessment -1,SECURITY,2025-06-16,Score,"3,646",5,"2,5","3,333",5,"2,5","4,167",,,,,,,,,,,,,,,,
,,Last Released Assessment -1,SECURITY,2025-06-16,Level,0,4,2,3,3,0,0,,,,,,,,,,,,,,,,
,,Last Pending Assessment snapshot,SECURITY,null,Percentage,0,0,0,0,0,0,0,,,,,,,,,,,,,,,,
,,Last Pending Assessment snapshot -1,SECURITY,null,Percentage,0,0,0,0,0,0,0,,,,,,,,,,,,,,,,
,SMDI,Lewandowski Anthony,STREAMING,,,Global,Event Streams,Infrastructure,Observability,Security,,,,,,,,,,,,,,,,,,
,,Last Released Assessment,STREAMING,2026-06-09,Score,"2,629","2,313",0,"4,5","3,75",,,,,,,,,,,,,,,,,,
,,Last Released Assessment,STREAMING,2026-06-09,Level,0,0,0,4,3,,,,,,,,,,,,,,,,,,
,,Last Released Assessment -1,STREAMING,null,Score,0,0,0,0,0,,,,,,,,,,,,,,,,,,
,,Last Released Assessment -1,STREAMING,null,Level,0,0,0,0,0,,,,,,,,,,,,,,,,,,
,,Last Pending Assessment snapshot,STREAMING,null,Percentage,0,0,0,0,0,,,,,,,,,,,,,,,,,,
,,Last Pending Assessment snapshot -1,STREAMING,null,Percentage,0,0,0,0,0,,,,,,,,,,,,,,,,,,
,SMDI,,ACCESSIBILITY,,,Global,Accessibility,,,,,,,,,,,,,,,,,,,,,
,,Last Released Assessment,ACCESSIBILITY,null,Score,0,0,,,,,,,,,,,,,,,,,,,,,
,,Last Released Assessment,ACCESSIBILITY,null,Level,0,0,,,,,,,,,,,,,,,,,,,,,
,,Last Released Assessment -1,ACCESSIBILITY,null,Score,0,0,,,,,,,,,,,,,,,,,,,,,
,,Last Released Assessment -1,ACCESSIBILITY,null,Level,0,0,,,,,,,,,,,,,,,,,,,,,
,,Last Pending Assessment snapshot,ACCESSIBILITY,null,Percentage,0,0,,,,,,,,,,,,,,,,,,,,,
,,Last Pending Assessment snapshot -1,ACCESSIBILITY,null,Percentage,0,0,,,,,,,,,,,,,,,,,,,,,
,SUPPLY_REF,Maxime Forriere,DATA,,,Global,Critical Data,Data documentation,Data governance,Data privacy,Data quality,Datalake Integration,Reference data,,,,,,,,,,,,,,,
,,Last Released Assessment,DATA,2026-09-07,Score,"4,063",0,5,"3,125",5,0,0,0,,,,,,,,,,,,,,,
,,Last Released Assessment,DATA,2026-09-07,Level,1,0,3,1,4,0,0,0,,,,,,,,,,,,,,,
,,Last Released Assessment -1,DATA,2026-04-20,Score,"3,333",0,5,"3,125","3,333",0,0,0,,,,,,,,,,,,,,,
,,Last Released Assessment -1,DATA,2026-04-20,Level,1,0,3,1,1,0,0,0,,,,,,,,,,,,,,,
,,Last Pending Assessment snapshot,DATA,null,Percentage,0,0,0,0,0,0,0,0,,,,,,,,,,,,,,,
,,Last Pending Assessment snapshot -1,DATA,null,Percentage,0,0,0,0,0,0,0,0,,,,,,,,,,,,,,,
,SUPPLY_REF,Maxime Forriere,DELIVERY,,,Global,Accelerate,Application Configuration Management,Chaos Engineering,Continous Integration,Continuous Deployment,Database Control,Documentation,Service Availability,Workflows,,,,,,,,,,,,,
,,Last Released Assessment,DELIVERY,2026-05-18,Score,4,5,5,0,5,4,5,0,5,0,,,,,,,,,,,,,
,,Last Released Assessment,DELIVERY,2026-05-18,Level,4,4,3,0,4,4,3,0,3,0,,,,,,,,,,,,,
,,Last Released Assessment -1,DELIVERY,2025-07-28,Score,4,4,5,4,5,4,5,0,5,5,,,,,,,,,,,,,
,,Last Released Assessment -1,DELIVERY,2025-07-28,Level,4,4,4,4,2,4,3,0,3,2,,,,,,,,,,,,,
,,Last Pending Assessment snapshot,DELIVERY,null,Percentage,0,0,0,0,0,0,0,0,0,0,,,,,,,,,,,,,
,,Last Pending Assessment snapshot -1,DELIVERY,null,Percentage,0,0,0,0,0,0,0,0,0,0,,,,,,,,,,,,,
,SUPPLY_REF,Maxime Forriere,DESIGN,,,Global,Design,Design for all,Documentation,Libraries & plugins,Prototype,Tools,Workflow,,,,,,,,,,,,,,,
,,Last Released Assessment,DESIGN,2026-07-23,Score,"3,75","3,75",0,5,5,5,5,5,,,,,,,,,,,,,,,
,,Last Released Assessment,DESIGN,2026-07-23,Level,3,3,0,1,2,2,1,3,,,,,,,,,,,,,,,
,,Last Released Assessment -1,DESIGN,2026-04-21,Score,"3,497","3,5",0,5,5,5,5,5,,,,,,,,,,,,,,,
,,Last Released Assessment -1,DESIGN,2026-04-21,Level,0,1,0,1,2,2,1,3,,,,,,,,,,,,,,,
,,Last Pending Assessment snapshot,DESIGN,null,Percentage,0,0,0,0,0,0,0,0,,,,,,,,,,,,,,,
,,Last Pending Assessment snapshot -1,DESIGN,null,Percentage,0,0,0,0,0,0,0,0,,,,,,,,,,,,,,,
,SUPPLY_REF,Maxime Forriere,DEV,,,Global,API,Analytics,Architecture Decision Record,Authentication,BFF,Business & strategy,Code Management,Data Factory,Data Management,Delivery,Design System,Documentation,Model Management,Observability,Performance,Reliability,Software Design,Source Control,System Design Documents,Team,Tech Radar,Versionning
,,Last Released Assessment,DEV,2026-09-07,Score,"4,554",5,0,"3,75","3,75",5,0,0,0,0,0,5,0,0,"4,5",5,"3,333",0,5,5,5,5,0
,,Last Released Assessment,DEV,2026-09-07,Level,0,2,0,3,0,2,0,0,0,0,0,3,0,0,3,3,2,0,4,4,1,3,0
,,Last Released Assessment -1,DEV,2026-04-21,Score,"4,358",5,0,"3,75",5,5,0,0,0,0,0,5,0,0,"3,75","3,75","3,333",0,5,5,"2,5",5,0
,,Last Released Assessment -1,DEV,2026-04-21,Level,0,2,0,3,4,2,0,0,0,0,0,3,0,0,0,3,2,0,4,4,1,3,0
,,Last Pending Assessment snapshot,DEV,null,Percentage,0,0,0,0,0,0,0,0,0,0,0,0,0,0,0,0,0,0,0,0,0,0,0
,,Last Pending Assessment snapshot -1,DEV,null,Percentage,0,0,0,0,0,0,0,0,0,0,0,0,0,0,0,0,0,0,0,0,0,0,0
,SUPPLY_REF,Maxime Forriere,INFRA,,,Global,Cloud Native Design,Configuration / Infra Management,Database Management,Hosting Solution,Reproducibility,Secrets Management,Security,Storage Management (for unstructured data),,,,,,,,,,,,,,
,,Last Released Assessment,INFRA,2026-09-07,Score,"3,675","2,5","3,611","3,5",5,0,"3,667",0,0,,,,,,,,,,,,,,
,,Last Released Assessment,INFRA,2026-09-07,Level,1,3,1,3,4,0,3,0,0,,,,,,,,,,,,,,
,,Last Released Assessment -1,INFRA,2026-04-21,Score,"3,6","1,667","4,167","3,5",5,0,"3,333",0,0,,,,,,,,,,,,,,
,,Last Released Assessment -1,INFRA,2026-04-21,Level,2,3,2,3,4,0,2,0,0,,,,,,,,,,,,,,
,,Last Pending Assessment snapshot,INFRA,null,Percentage,0,0,0,0,0,0,0,0,0,,,,,,,,,,,,,,
,,Last Pending Assessment snapshot -1,INFRA,null,Percentage,0,0,0,0,0,0,0,0,0,,,,,,,,,,,,,,
,SUPPLY_REF,Maxime Forriere,OPERATION,,,Global,Availability / Risk Management,Change Management,Event Management,Incident Management,Knowledge / Continuous Improvement Management,Problem Management,Service Catalog Management,Service Level Management,Service Request Management,,,,,,,,,,,,,
,,Last Released Assessment,OPERATION,2026-09-07,Score,"0,393",0,"0,833",1,0,0,"1,333",0,0,0,,,,,,,,,,,,,
,,Last Released Assessment,OPERATION,2026-09-07,Level,0,0,0,1,0,0,1,0,0,0,,,,,,,,,,,,,
,,Last Released Assessment -1,OPERATION,2025-07-21,Score,"1,4",0,5,"3,75",0,0,0,5,0,0,,,,,,,,,,,,,
,,Last Released Assessment -1,OPERATION,2025-07-21,Level,1,0,2,1,0,0,0,1,0,0,,,,,,,,,,,,,
,,Last Pending Assessment snapshot,OPERATION,null,Percentage,0,0,0,0,0,0,0,0,0,0,,,,,,,,,,,,,
,,Last Pending Assessment snapshot -1,OPERATION,null,Percentage,0,0,0,0,0,0,0,0,0,0,,,,,,,,,,,,,
,SUPPLY_REF,Maxime Forriere,PROCESS_PRACTICES,,,Global,Culture,Lean Management,Product & Process,User needs,,,,,,,,,,,,,,,,,,
,,Last Released Assessment,PROCESS_PRACTICES,2026-09-07,Score,"4,569",5,5,"4,722","1,667",,,,,,,,,,,,,,,,,,
,,Last Released Assessment,PROCESS_PRACTICES,2026-09-07,Level,0,3,3,0,0,,,,,,,,,,,,,,,,,,
,,Last Released Assessment -1,PROCESS_PRACTICES,2026-04-20,Score,5,5,5,5,0,,,,,,,,,,,,,,,,,,
,,Last Released Assessment -1,PROCESS_PRACTICES,2026-04-20,Level,3,3,3,3,0,,,,,,,,,,,,,,,,,,
,,Last Pending Assessment snapshot,PROCESS_PRACTICES,null,Percentage,0,0,0,0,0,,,,,,,,,,,,,,,,,,
,,Last Pending Assessment snapshot -1,PROCESS_PRACTICES,null,Percentage,0,0,0,0,0,,,,,,,,,,,,,,,,,,
,SUPPLY_REF,Maxime Forriere,QUALITY,,,Global,Integration Tests,Organization,Performance Tests,Practices,Qualimetry,Static Code Analysis,Unit Tests,,,,,,,,,,,,,,,
,,Last Released Assessment,QUALITY,2026-05-22,Score,"3,46","3,75",5,"3,125","3,667",5,5,5,,,,,,,,,,,,,,,
,,Last Released Assessment,QUALITY,2026-05-22,Level,2,3,3,2,3,3,4,4,,,,,,,,,,,,,,,
,,Last Released Assessment -1,QUALITY,2026-04-21,Score,"3,002","3,75",5,"2,5",2,"2,5",5,5,,,,,,,,,,,,,,,
,,Last Released Assessment -1,QUALITY,2026-04-21,Level,0,3,3,2,0,3,4,4,,,,,,,,,,,,,,,
,,Last Pending Assessment snapshot,QUALITY,null,Percentage,0,0,0,0,0,0,0,0,,,,,,,,,,,,,,,
,,Last Pending Assessment snapshot -1,QUALITY,null,Percentage,0,0,0,0,0,0,0,0,,,,,,,,,,,,,,,
,SUPPLY_REF,Unknown - ???,SECURITY,,,Global,Code/Build,Design,Operate/Monitor,Organisation,Requirement,Test,,,,,,,,,,,,,,,,
,,Last Released Assessment,SECURITY,2026-04-21,Score,"3,542","2,5","2,5",5,"4,167",0,5,,,,,,,,,,,,,,,,
,,Last Released Assessment,SECURITY,2026-04-21,Level,1,1,1,4,1,0,3,,,,,,,,,,,,,,,,
,,Last Released Assessment -1,SECURITY,2025-07-21,Score,"3,125","2,5","1,667",5,"2,5",0,5,,,,,,,,,,,,,,,,
,,Last Released Assessment -1,SECURITY,2025-07-21,Level,1,1,1,4,0,0,3,,,,,,,,,,,,,,,,
,,Last Pending Assessment snapshot,SECURITY,2026-09-11,Percentage,1,0,0,0,0,0,0,,,,,,,,,,,,,,,,
,,Last Pending Assessment snapshot -1,SECURITY,null,Percentage,0,0,0,0,0,0,0,,,,,,,,,,,,,,,,
,SUPPLY_REF,Maxime Forriere,STREAMING,,,Global,Event Streams,Infrastructure,Observability,Security,,,,,,,,,,,,,,,,,,
,,Last Released Assessment,STREAMING,2026-09-07,Score,"2,725","2,625","3,75",4,5,,,,,,,,,,,,,,,,,,
,,Last Released Assessment,STREAMING,2026-09-07,Level,1,1,3,4,4,,,,,,,,,,,,,,,,,,
,,Last Released Assessment -1,STREAMING,2026-04-20,Score,"2,4","2,625","2,5",3,5,,,,,,,,,,,,,,,,,,
,,Last Released Assessment -1,STREAMING,2026-04-20,Level,1,1,2,3,4,,,,,,,,,,,,,,,,,,
,,Last Pending Assessment snapshot,STREAMING,null,Percentage,0,0,0,0,0,,,,,,,,,,,,,,,,,,
,,Last Pending Assessment snapshot -1,STREAMING,null,Percentage,0,0,0,0,0,,,,,,,,,,,,,,,,,,
,SUPPLY_REF,Maxime Forriere,ACCESSIBILITY,,,Global,Accessibility,,,,,,,,,,,,,,,,,,,,,
,,Last Released Assessment,ACCESSIBILITY,2026-09-07,Score,"0,833","0,833",,,,,,,,,,,,,,,,,,,,,
,,Last Released Assessment,ACCESSIBILITY,2026-09-07,Level,0,0,,,,,,,,,,,,,,,,,,,,,
,,Last Released Assessment -1,ACCESSIBILITY,2026-04-20,Score,"0,833","0,833",,,,,,,,,,,,,,,,,,,,,
,,Last Released Assessment -1,ACCESSIBILITY,2026-04-20,Level,0,0,,,,,,,,,,,,,,,,,,,,,
,,Last Pending Assessment snapshot,ACCESSIBILITY,null,Percentage,0,0,,,,,,,,,,,,,,,,,,,,,
,,Last Pending Assessment snapshot -1,ACCESSIBILITY,null,Percentage,0,0,,,,,,,,,,,,,,,,,,,,,