Pillar,Topic,Level,Order,Question,Documentation #Markdown,Status,Question ID,Backend,Mobile,SAAS,Front,AI,DataPipeline,Embedded,Tag 1,Doc Tag 1 #Markdown,Tag 2,Doc Tag 2 #Markdown,Tag 3,Doc Tag 3 #Markdown,Tag 4,Doc Tag 4 #Markdown,Tag 5,Doc Tag 5 #Markdown,Tag 6,Doc Tag 6 #Markdown,Mobile ref,Comments,Who,Review,
DEV,Analytics,Level 1,A,Tracking is implemented. Tracking events are sent to the collector.,"### Why ?
Avoid external tracking solution that are not compliant with local regulation or the product radar.
### What ?
For example, you can integrate the [Clickstream API and tools](https://decathlon.atlassian.net/l/cp/JmrN5cwg)
### How ?
Getting started with [Clickstream front integration for developers](https://decathlon.atlassian.net/l/cp/mDoUwFY0)",Update,#0-A000-CPTTIIMD-6735efe1,FALSE,TRUE,FALSE,TRUE,FALSE,FALSE,FALSE,,,,,,,,,,,,,,,Marc DELÉGLISE -CROIX-,Gilles DI GUGLIELMO -PARIS-,
DEV,Analytics,Level 2,A,Variables for your tracking system are documented.,"### Why ?
Documentation should make easier to maintain and debug the tracking events and the data layer content for external tiers or new onbording developers.
### What ?
Each tc_vars properties should be documented with the input datasource, and typing/formating information of the values.
### How ?
Create a dedicated wiki page where the tc_vars properties are listed and documented.",Update,#1-A000-EDLVADFW-9f863adf,FALSE,TRUE,FALSE,TRUE,FALSE,FALSE,FALSE,,,,,,,,,,,,,,,Marc DELÉGLISE -CROIX-,Gilles DI GUGLIELMO -PARIS-,
DEV,Analytics,Level 3,A,Tracking elements are included in non regression tests.,"### Why ?
Tracking regression are very usual in front application, we should ensure that each application change are not impacting the reliability of the produced data.
### What ?
Each tracking event should be part of the front application test suite with dedicated tests of the datalayer variables and data integrity check.
### How ?
Automated unit test before each deployment. Tests should be implemented for each component for each use cases.",Update,#2-A000-TEEADLVA-57cbecd4,FALSE,TRUE,FALSE,TRUE,FALSE,FALSE,FALSE,,,,,,,,,,,,,,,Marc DELÉGLISE -CROIX-,Gilles DI GUGLIELMO -PARIS-,
DEV,Analytics,Level 4,A,APIs are not used directly from the client application.,"### Why ?
The clickstream APIs are regulary evolving and the library will ensure some backward compatibility with future APIs evolutions.
 The library is also ensuring some data integrity check to avoid some unexpected usage of the tracker.
### How ?
See (Front integration for developers)[https://decathlon.atlassian.net/l/cp/t1Xuigc6] documentation on the Clickstream wiki.
",Update,#3-A000-TROTCLPT-a8d967e5,FALSE,FALSE,FALSE,TRUE,FALSE,FALSE,FALSE,,,,,,,,,,,,,,,Marc DELÉGLISE -CROIX-,Gilles DI GUGLIELMO -PARIS-,
DEV,Analytics,Level 3,B,Tracking error handling is implemented based on the application observability.,"### Why ?
To identify potential issue on front end related to the tracking integration.
### How ?
Use your observability system to log front application errors with dedicated categories for tracking.
",Keep,#2-A000-TEHIIBOT-99d3e822,FALSE,TRUE,FALSE,TRUE,FALSE,FALSE,FALSE,,,,,,,,,,,,,,,Marc DELÉGLISE -CROIX-,Gilles DI GUGLIELMO -PARIS-,
DEV,Observability,Level 5,A,Alerting system inform the dev team when an event or a data layer variable is not correct.,"### Why ?
To reduce the mean time to detect (MTTD) and reduce the data loss.
### How ?
Use your observability system (Datadog is recommended) and configure alerting on tracking errors.",Update,#4-A000-ASITDTWA-e78fc812,FALSE,TRUE,FALSE,TRUE,FALSE,FALSE,FALSE,,,Reliability,,,,,,,,,,,,Marc DELÉGLISE -CROIX-,Gilles DI GUGLIELMO -PARIS-,
DEV,API,Level 3,A,"* Public API are registered on QuAPI portal
* API contracts (Swagger/OpenAPI) are part of the code base
* A depreciation policy is defined and followed, with all breaking changes logged and communicated","### Why ?
* All public APIs must be exposed by APIM gravity to guarantee security, reliability, centralization, life cycle. etc...
* API will move over the time, new versions or evolution will come. To ensure the quality of our API and avoid breaking changes all consumers must review the change.
* You must have a docAPI with your openapi/swagger, it will enable your consumers to obtain all the information on your API.

### What ?
To fulfill this requirement:
* all projects have to declare their API in the quality portal.
* you must communicate to your consumer all the change from your API through a release note for example. Do not forget to update our docAPI.
* your swagger must be uploaded to the repository in which your docAPI is located. We can use the [docAPI template](https://github.com/dktunited/apim-docapi-template). You should also tag deprecated endpoints, if you want more information follow [best-practices-for-deprecating-apis](https://swagger.io/blog/api-strategy/best-practices-for-deprecating-apis/).


### How ?
* Using the QuAPI Portal : [https://quapi.decathlon.net/register](https://quapi.decathlon.net/register)
* The team must be able to demonstrate that the strategic communication is applied when releases new API version.
* In QuAPI you must validate the first criteria of design (D01) and be able to demonstrate that the deprecated strategy is well implemented in your openapi/swagger.",New,#2-A000-PAAROQPA-44f1043b,TRUE,FALSE,FALSE,FALSE,TRUE,FALSE,FALSE,,,,,,,,,,,,,,,,,
DEV,API,Level 1,A,Public API are registered on QuAPI portal,"### Why ?
All public APIs must be exposed by APIM gravity to guarantee security, reliability, centralization, life cycle. etc...


### What ?
To fulfill this requirement, all projects have to declare their API in the quality portal.

### How ?
Using the QuAPI Portal : [https://quapi.decathlon.net/register](https://quapi.decathlon.net/register)
",Delete,#1-A00000-AMEAAA-03bb5fb0,TRUE,FALSE,FALSE,FALSE,TRUE,FALSE,FALSE,GreenIT,"### Why ? 
This criteria contribute to Sustainable IT because respecting API good practices is being aligned with Green rules of optimization, sobriety and tracking.

### To go further 
By using the QuAPI portal wisely, developers can monitor and improve API performance. Better performing APIs consume fewer resources, which contributes to more efficient use of energy.",,,,,,,,,,,,Remove this question for the front ,Mathieu LEURQUIN -COWORKING PARIS-,Cyril GAMBIS -COWORKING PARIS-,
DEV,API,Level 2,A,API changes must be logged and communicate to your consumers the breaking changes,"### Why ?
API will move over the time, new versions or evolution will come. To ensure the quality of our API and avoid breaking changes all consumers must review the change.

### What ?
To fulfill this requirement, you must communicate to your consumer all the change from your API through a release note for example. Do not forget to update our docAPI.

### How ?
The team must be able to demonstrate that the strategic communication is applied when releases new API version.
",Delete,#1-A000-ACARBC00,TRUE,FALSE,FALSE,FALSE,TRUE,FALSE,FALSE,GreenIT,"### Why ?
Logging and communicating API changes is a sustainable practice that enhances transparency, documentation, stakeholder communication, risk management, maintenance, and version control.",,,,,,,,,,,,"01/02/2024 : We have to reformalize :

""API changes are reviewed by consumers""
to
""API changes must be log and communicate to your consumers the breaking changes.""",Mathieu LEURQUIN -COWORKING PARIS-,Cyril GAMBIS -COWORKING PARIS-,
DEV,API,Level 3,A,"* API contracts (Swagger/OpenAPI) are part of the code base
* Depreciation policy is described and respected for each public API","### Why ?
You must have a docAPI with your openapi/swagger, it will enable your consumers to obtain all the information on your API.
* Endpoints
* Versioning / Deprecating
* Inputs / Outputs
* Samples

### What ?
To fulfill this requirement, your swagger must be uploaded to the repository in which your docAPI is located. We can use the [docAPI template](https://github.com/dktunited/apim-docapi-template). You should also tag deprecated endpoints, if you want more information follow [best-practices-for-deprecating-apis](https://swagger.io/blog/api-strategy/best-practices-for-deprecating-apis/).

### How ?
In QuAPI you must validate the first criteria of design (D01) and be able to demonstrate that the deprecated strategy is well implemented in your openapi/swagger.",Delete,#2-A000-ACSAPOTC,TRUE,FALSE,FALSE,FALSE,TRUE,FALSE,FALSE,,,,,,,,,,,,,,"Merge the 2 topic on Swagger & documenation on QuAPI

01/02/2024 : work on the formalization the DOCUMENTATION",Mathieu LEURQUIN -COWORKING PARIS-,Cyril GAMBIS -COWORKING PARIS-,
DEV,API,Level 4,A,Contract First pattern is applied on each public API,"### Why ?
Contract First are a software development technique claims that openapi/swagger should be written first before writing any code. Advantages of this approach can be listed as:
* Reusability
* Separation of concerns
* Good and consistent communication between teams
* Easy documentation
* Consistent API models

### What ?
To fulfill this requirement, you must implement the contract first by using openapi generator plugin.

### How ?
The team must be able to demonstrate the implementation of the contract first through a dedicated solution.
",Keep,#3-A000-CFPIAOEP,TRUE,FALSE,FALSE,FALSE,TRUE,FALSE,FALSE,,,,,,,,,,,,,,,Mathieu LEURQUIN -COWORKING PARIS-,Cyril GAMBIS -COWORKING PARIS-,
DEV,API,Level 4,B,API Contract is fully tested,"### Why ?
Leverage the contract first approach to provide automated testing of your API contract.
### What ?
API contract informations could be verified automatically to prevent contract regression by leveraging test tooling.
### How ?
We recommend to integrate (schemathesis)[https://schemathesis.readthedocs.io/en/stable/] in your CD pipeline, but you could also rely on a collection of POSTMAN requests or other testing technologies that prevent regressions on API edge cases.",Keep,#3-A000-ACIFT000,TRUE,FALSE,FALSE,FALSE,TRUE,FALSE,FALSE,GreenIT,"### Why ? 
Testing an API completely can be considered an eco-responsible approach if it contributes to reduces bugs in production, and minimizes subsequent interventions

### To go further 
Extensive testing can reveal opportunities for code optimization, which can reduce the load on servers and improve the power consumption of the application in production.",,,,,,,,,,,,,Mathieu LEURQUIN -COWORKING PARIS-,Cyril GAMBIS -COWORKING PARIS-,
DEV,API,Level 4,C,Pen test has been implemented and documented on your API.,"### What 
 Conduct and document a penetration test on your API. 
 ### Why 
 To identify and address security vulnerabilities, ensuring the API is secure against attacks. 
 ### How 
 Engage a professional penetration testing team or use automated tools to perform the test. Document the findings, implement necessary security improvements, and maintain records for future reference.",Keep,#3-A000-PTHBIADO,FALSE,FALSE,FALSE,FALSE,TRUE,FALSE,FALSE,,,,,,,,,,,,,,,,,
DEV,API,Level 4,E,"For AI/ML use case, API  python module provide a way to store api calls (inputs and outputs) and feedback loop implementation.","### What 
 The API Python module should offer functionality to log API calls, including inputs and outputs, and implement a feedback loop mechanism. 
 ### Why 
 To enable monitoring, auditing, and continuous improvement of the AI/ML models by capturing real-world usage data and user feedback. 
 ### How 
 Implement logging mechanisms in the API to record inputs and outputs. Use databases or storage solutions like PostgreSQL, MongoDB, or cloud storage services to store this data. Integrate feedback loop capabilities to collect and utilize user feedback for model retraining and improvement.
Ex. Datadog and specific endpoint for feedback loop.",Keep,#3-A000-FAUCAPMP,FALSE,FALSE,FALSE,FALSE,TRUE,FALSE,FALSE,,,,,,,,,,,,,,,,,
DEV,API,Level 4,F,"For AI/ML use case, API provide interpretability insights of predictions.","### What 
 The API should offer insights into the interpretability of its predictions, making the decision-making process transparent and understandable to users. 
 ### Why 
 To build trust with users, ensure compliance with ethical and regulatory standards, and facilitate informed decision-making. 
 ### How 
 Integrate interpretability tools such as SHAP or LIME into the API. Provide endpoints that return interpretability information alongside predictions. Document the interpretability methods and how to access them via the API.",Keep,#3-A000-FAUCAPII,FALSE,FALSE,FALSE,FALSE,TRUE,FALSE,FALSE,,,,,,,,,,,,,,,,,
DEV,System Design Documents,Level 1,A,A System Design document exists,"### Why ?
 The purpose of the system design file is to describe your product in various aspects: business, technical... This document must be initialized in the first phase of the product and updated with each new product phase.

### What ?
To fulfill this requirement, create the document in github repository or on the a wiki page on the Decathlon's Confluence instance must be created by duplicate the existing template : [System Design Template](https://decathlon.atlassian.net/wiki/spaces/ENGINEERING/pages/184948248/System+Design)

### How ?
The team must be able to demonstrate that a wiki page based on the template is completed, with the technical architecture schemas expected ",Update,#1-A00000-CSAIYW-d2a40b60,TRUE,TRUE,FALSE,TRUE,TRUE,TRUE,FALSE,GreenIT,"### Why ?
Having a system design document in the GitHub repository or wiki can be a sustainable and beneficial solution, provided that appropriate processes are in place to ensure it is updated and regularly maintained.",,,,,,,,,,,,"29/01/2023 : 
Add the best practise to add it it GITHUB or WIKI

Change the title

Change the documentation",Mathieu LEURQUIN -COWORKING PARIS-,Cyril GAMBIS -COWORKING PARIS-,
DEV,System Design Documents,Level 2,A,The system design must contain diagrams using C4 format with level 1 and 2,"### Why ?
To know what is your dependencies with other (Decathlon) services and identify impact of a potential incident, a component diagram is very important for your project. Also these diagrams are very useful to quickly understand the architecture of the application.

### What ?
To fulfill the requirement, the team must present a wiki page, a web page from an external SaaS service or a C4 model hosted in a GitHub repository with all their dependencies. Don't forget to link it to the System Design document.

### How ?
You can use SaaS tools like [Draw.io] (https://www.diagrams.net/blog/c4-modelling) but if you want to use an « as code » solution, you can use C4 model with [Structurizr DSL] (e.g.: https://github.com/dktunited/dkt-retail-cartographie). If you are interested to use the « as code » solution but you don’t have a place to write your diagram, please contact the SIG Mobile members to help you.",Update,#2-A00000-CCDWOS-694a58ae,TRUE,TRUE,FALSE,TRUE,TRUE,TRUE,FALSE,,,,,,,,,,,,,78,Downgrade from Level 3 to Level 2,Laurent KACZMAREK -BTWIN VILLAGE LILLE-,Gilles DI GUGLIELMO -PARIS-,
DEV,System Design Documents,Level 2,B,System design documents are up to date with a regular review on each major release,"### Why ?
 The purpose of the system design file is to describe your product in various aspects: business, technical... This document must be initialized in the first phase of the product and updated with each new product phase.
It will help any newcomer and people that need to work with your application to understand the platform and help you to check that any important requirement of Decathlon is met (security, disaster recovery, cost ...).

### What ?
To fulfill this requirement, a wiki page on the Decathlon's Confluence instance must be created by duplicate the existing template : [System Deisgn Template] (https://decathlon.atlassian.net/wiki/spaces/ENGINEERING/pages/184948248/System+Design)

### How ?
The team must be able to demonstrate that a wiki page is available and up to date.",Keep,#3-A00000-SDUTD0-1ca55cf5,TRUE,TRUE,FALSE,TRUE,TRUE,TRUE,FALSE,GreenIT,"### Why ?
Versioning system design documents as code in a Git repository is a sustainable practice that enhances version control, collaboration, integration, automation, accessibility, historical context, consistency, and backup and recovery.",,,,,,,,,,,,Downgrade from Level 3 to Level 2,Laurent KACZMAREK -BTWIN VILLAGE LILLE-,Gilles DI GUGLIELMO -PARIS-,
DEV,System Design Documents,Level 3,A,"System Design documents include API consumers, stream data and external software components dependencies in the C4 diagrams","""### Why ?
To know what is your dependencies with other (Decathlon) services and identify impact of a potential incident, a component diagram is very important for your project. Also these diagrams are very useful to quickly understand the architecture of the application.

### What ?
To fulfill the requirement, the team must present a wiki page, a web page from an external SaaS service or a C4 model hosted in a GitHub repository with all their dependencies. Don't forget to link it to the System Design document.

### How ?
You can use SaaS tools like [Draw.io] (https://www.diagrams.net/blog/c4-modelling) but if you want to use an « as code » solution, you can use C4 model with [Structurizr DSL] (e.g.: https://github.com/dktunited/dkt-retail-cartographie). If you are interested to use the « as code » solution but you don’t have a place to write your diagram, please contact the SIG Mobile members to help you.""",Update,#2-A000-SDDIACAE-117652ad,TRUE,FALSE,FALSE,TRUE,TRUE,TRUE,FALSE,,,,,,,,,,,,,,,Gilles DI GUGLIELMO -PARIS-,,
DEV,System Design Documents,Level 4,A,"System design documents are using Markdown, versioned in a Git repository  and referenced in the IDP
","### Why ?
It has to be easy to identify system design changes, and thus to be able to identify differences between one version and another

### What ?
To fulfill this requirement, you have to store diagrams as code in a single repository for your business unit / business domain, using the Decathlon's standard tool (which could be [plantuml](https://plantuml.com/fr/), [structurizr](https://structurizr.com/) or [mermaidjs](https://mermaid.js.org/))

### How ?
The team must be able to demonstrate that a git repository exists and contains all business unit / business domain C level diagrams as code
The business unit / business domain wiki page has to refer to git repository",Change Level,#3-A000-SDDAAACA-f07f681c,TRUE,TRUE,FALSE,TRUE,TRUE,TRUE,FALSE,GreenIT,"### Why ?
Versioning system design documents as code in a Git repository is a sustainable practice that enhances version control, collaboration, integration, automation, accessibility, historical context, consistency, and backup and recovery.",,,,,,,,,,,,,Laurent KACZMAREK -BTWIN VILLAGE LILLE-,Gilles DI GUGLIELMO -PARIS-,
DEV,System Design Documents,Level 4,B,System design documents include deployment diagrams as code including the infrastructure layout,"### Why ?
It has to be easy to identify system design changes, and thus to be able to identify differences between one version and another

### What ?
To fulfill this requirement, you have to store diagrams as code in a single repository for your business unit / business domain, using the Decathlon's standard tool (which could be [plantuml](https://plantuml.com/fr/), [structurizr](https://structurizr.com/) or [mermaidjs](https://mermaid.js.org/))

### How ?
The team must be able to demonstrate that a git repository exists and contains all business unit / business domain C level diagrams as code
The business unit / business domain wiki page has to refer to git repository",New,#3-SDD0-SDDIDDAC-3008ae89,TRUE,FALSE,FALSE,TRUE,TRUE,TRUE,FALSE,,,,,,,,,,,,,,,,,
DEV,System Design Documents,Level 5,B,Software documentation is generated through a CI process from code assets,"### Why ?
A good documentation is up-to-date documentation. Update the software documentation in the CI to be as close as possible to the codebase changes.

### What ?
Integrate an open-source plugin in the CI to generate the doc-as-code.
They are no official Decathlon recommendations for the moment.

### How ?
Add this new step as a github action in your CI to generate the documentation assets in your project.
",Delete,#3-A000-SDIGTACP,TRUE,TRUE,FALSE,TRUE,TRUE,TRUE,FALSE,,,,,,,,,,,,,,,Mathieu LEURQUIN -COWORKING PARIS-,Cyril GAMBIS -COWORKING PARIS-,
DEV,Architecture Decision Record,Level 2,A,Architecture Decision Records (ADR) are hosted in a single place and reviewed by peers,"### Why ?
 An architecture decision record (ADR) is a document that captures an important architectural decision made along with its context and consequences. It is important because the people who took the decisions may not be still on the project some years after the decisions have been taken, and the new developpers may make new decisions that will break the design of the application because of the lack of information regarding the previous choices made.

### What ?
To fulfill this requirement, create and store your ADR in your application git repo, then create a macro in the wiki pages of the project to display them. Template can be found here : [ADR template](https://decathlon.atlassian.net/wiki/spaces/ENGINEERING/pages/184950621/Architecture+Decision+Record+ADR+-+Template)

### How ?
The team must be able to demonstrate that ADRs are present in the repository and a wiki page is available pointing to these records.
Peers can be teammate outside of your team. Staffs and EMs should be included when the impact is bigger than just a team.",Update,#2-A000-ADRAAFIA,TRUE,TRUE,FALSE,TRUE,TRUE,TRUE,FALSE,GreenIT,"### Why ? 
Architectural Decision Records (ADR) in one place and their peer review is a sustainable solution because:
A centralized location for ADRs facilitates the traceability of decisions. Every decision is formally documented, reviewed and approved, which is crucial for understanding the context and reasons behind each choice. Peers can contribute their expertise and experiences, ensuring that decisions are well-founded and relevant. All this will provide ease of understanding to keep the project alive in the long term in an efficient manner.",,,,,,,,,,,,"Downgrade from Level 3 to Level 2
To remove. duplicate with question level 3
",Laurent KACZMAREK -BTWIN VILLAGE LILLE-,Gilles DI GUGLIELMO -PARIS-,
DEV,Architecture Decision Record,Level 3,A,Architecture Decision Records (ADR) are present in a github repository and displayed in the component page of IDP,"### Why ?
It has to be easy to compare ADRs one with another, and to be able to identify differences between one version and another

### What ?
To fulfill this requirement, create and store your ADR in your application git repo.

### How ?
The team has to update records for every change on previous decisions
",Keep,#2-A000-ADRAFTMF-9ba07237,TRUE,TRUE,FALSE,TRUE,TRUE,TRUE,FALSE,GreenIT,"### Why ?
If the ADR follows the MADR format and is stored in the github repository, this initially allows for a common format, which facilitates understanding, but also access and consultation for all stakeholders.",,,,,,,,,,,,"Create new ADR constraint as ""as-code"" MADR",Laurent KACZMAREK -BTWIN VILLAGE LILLE-,Gilles DI GUGLIELMO -PARIS-,
DEV,Architecture Decision Record,Level 4,A,All new Architecture Decision Records (ADR) follow the MADR standard,"###Why ?
Markdown Architectural Decision Records (MADR) give a template fo structure the documents and rely on Markdown format to simplify edition/visualisation directly on Github.

### How ?
You could get more information on the [MADR website](https://adr.github.io/madr/)",Keep,#3-A000-ANADRAFT-72f18d3a,TRUE,FALSE,FALSE,TRUE,FALSE,TRUE,FALSE,,,,,,,,,,,,,,,Gilles DI GUGLIELMO -PARIS-,Wagner AMARAL -PARIS-,
DEV,Architecture Decision Record,Level 5,A,Cross domain or cross project Architecture Decision Records (ADR) are stored in a mutualized git repository,"### Why ?
ADRs may impact more than one component at a domain / business unit level 

### What ?
To fulfill this requirement, create and store your ADR in your business unit / business domain git repo, then use [MADR template](https://adr.github.io/madr/)

### How ?
Ensure every impacted component repository is identified
Ensure every impacted component refers to you business unit / business domain git ADR repository
",Update,#4-A000-ADRFABUA-31618acc,TRUE,TRUE,FALSE,TRUE,TRUE,TRUE,FALSE,GreenIT,"### Why ? 
Having a single repository for all ADRs allows information to be centralized, thus facilitating access and consultation by all stakeholders. This also promotes better versioning and decision history management.
A single repository encourages transparency and collaboration across different business unit teams. Everyone can see the decisions made, understand the reasons and potentially participate in the discussions.

### To go further
It is important to monitor and optimize the repository to ensure that it remains performant as it grows.",,,,,,,,,,,,"Create new ADR constraint as business unit / business domain level ADR repo

29/01/2023 : Notion of Business Unit ? 
Level 5 because we are not ready for the moment ?

",Laurent KACZMAREK -BTWIN VILLAGE LILLE-,Gilles DI GUGLIELMO -PARIS-,
DEV,Software Design,Level 2,B,Create modular diagram (if relevant),"### Why ?
 When you’ve a new comer in your team or if you want to improve your modular strategy, it is important to write your modular diagram to discuss about any improvements or to communicate with your team members what is the current modular strategy to follow.
### What ?
To fulfill the requirement, the team must present a wiki page with the modular diagram. It will be completed in a next level to write your modularization strategy.
### How ?
You can use SaaS tools like Miro or Figma but if you want to use an « as code » solution, you can use Mermaid compatible with GitHub or our Wiki to describe your modular diagram.",Change Level,#2-A000-CMDIR000,FALSE,TRUE,FALSE,FALSE,FALSE,FALSE,FALSE,,,,,,,,,,,,,,,,,
DEV,Software Design,Level 3,D,Avoid callbacks for background tasks,"### Why ?
In programming, callback hell refers to an ineffective way of writing asynchronous code. It takes place when you nest functions and create too many levels of nesting. This makes it harder to control access to the specific function and it becomes harder to debug the issues. Nesting means placing functions in another ones. By placing callback in a callback logic might get too messy.

### What ?
To fulfill this requirement, more modern ways to work with background/async code must be used like suspend method, combine framework, async/await framework, etc.

### How ?
The team must be able to demonstrate that they do not use callback for background tasks.",Delete,#2-TR00-ACFBT000,FALSE,FALSE,FALSE,FALSE,FALSE,FALSE,FALSE,,,,,,,,,,,,,,,,,
DEV,Software Design,Level 3,B,Create modularization strategy document in your wiki,"### Why ?
 According to the complexity of your modular diagram, it can be difficult to understand it well and know exactly what is the responsibilities of each module in your application. The modularization strategy explain all concepts included in your diagram.
### What ?
To fulfill the requirement, the team must present a wiki page with your modular diagram completed with the strategy.
### How ?
Explain all concepts in your wiki page, potential rules to follow in the dependencies between your modules and what is the responsibilities of each kind of module.",Change Level,#3-A000-CMSDIYW0,FALSE,TRUE,FALSE,FALSE,FALSE,FALSE,FALSE,,,,,,,,,,,,,,,,,
DEV,Software Design,Level 4,C,Using dependency injection to avoid strong coupling dependencies,"### Why ?
Strong coupling between your dependencies is a bad pattern in all applications (not only for mobile apps). Using a dependency injection will help your team to avoid this bad pattern.
### What ?
To fulfill the requirement, you should add Dependency Injection library in your project, use it in all layer of your architecture and everywhere (including in your legacy code).
### How ?
Check the Techradar to know which dependency injection has been referenced for your mobile platform and start to use it in your mobile project after a first learning in the official documentation if necessary.",Change Level,#3-TR00-UDITASCD,FALSE,TRUE,FALSE,FALSE,FALSE,FALSE,FALSE,,,,,,,,,,,,,,,,,
DEV,Authentication,Level 2,A,Access and/or Refresh Tokens are accessible to JavaScript,"### What?
(Disclaimer: if you're implementing a new frontend application and are looking at the best practice, please consider implementing the level 2 and skip level 1).

One of the most widely used way of storing tokens is through APIs accessible by the JavaScript.
Applications that are storing tokens this way are exposed to Cross Site Scripting (XSS) attacks.

### Why?
If you use localStorage for persisting access tokens and an attacker manages to run foreign JavaScript code within your application, the attacker can exfiltrate any tokens and call APIs directly.
Moreover, XSS also allows attackers to manipulate data in the local storage of the application, meaning attackers can change the token.

Note that data in local storage is stored permanently, which means that any tokens stored there reside on the file system of the user’s device (laptop, computer, mobile or other) and are accessible to other applications even after the browser is closed.

### How?
The tokens are stored in one of the followings browser Web APIs:
- Web Storage API (LocalStorage, SessionStorage)
- IndexDB
- any other web APIs accessible to Javascript",Update,#1-A000-AARTAATJ-8921b1a3,FALSE,FALSE,FALSE,TRUE,FALSE,FALSE,FALSE,,,,,,,,,,,,,,"Initialy proposed within the SECURITY
pillar but the Security SIG proposed to
move it here because of short notice.",Raphael TAHAR -CROIX-,,
DEV,Authentication,Level 3,A,Access and/or Refresh Tokens are set as HTTP Only Cookies,"### What?
One of the most widely used way of storing tokens is through APIs accessible by the JavaScript.
Applications that are storing tokens this way are exposed to Cross Site Scripting (XSS) attacks.
Use Cookies to store your tokens instead, but bear in mind that they must be configured correctly to limit the number of security vulnerabilities.

### Why?
Cookies are pieces of data that are stored in the browser. By design, the browser adds cookies to every request to the server. Therefore, an application must use cookies with caution. If not configured carefully, a browser may append cookies with cross-site requests and allow for cross-site request forgery (CSRF) attacks.

Cookies have attributes that control their security properties. For example, the SameSite attribute can help to mitigate the risk of CSRF attacks. When a cookie has the SameSite attribute set to Strict, the browser adds it to requests that originate from and target the same site as the site of the cookie’s origin. The browser will not add cookies when requests are embedded in any third-party site, like via links.

You can set and retrieve cookies via JavaScript. However, when using JavaScript to read cookies, the application becomes vulnerable to XSS (in addition to CSRF). Therefore, the preferred option is to have a backend component that sets the cookie and marks it as HttpOnly. That flag mitigates leaking data through XSS attacks because it indicates to the browser that the cookie must not be available via JavaScript.

To prevent cookies from leaking via a man-in-the-middle attack, which may lead to session hijacking, cookies should only be sent over encrypted connections (HTTPS). To instruct the browser to only send cookies in HTTPS requests, a cookie must have the Secure attribute set.

### How?
Set the following properties when sending to the browser a cookie creation order:
SameSite=Strict
Secure
HttpOnly

`Set-Cookie:token=myvalue;SameSite=Strict;Secure;HttpOnly`",Update,#2-A000-AARTASAH-0fb6db89,FALSE,FALSE,FALSE,TRUE,FALSE,FALSE,FALSE,,,,,,,,,,,,,,"Initialy proposed within the SECURITY
pillar but the Security SIG proposed to
move it here because of short notice.",Raphael TAHAR -CROIX-,,
DEV,Authentication,Level 4,A,Access and/or Refresh Tokens are encrypted and set as HTTP Only Cookies,"### What?
Encrypt tokens and store them into the cookie storage with HTTPOnly and secure options enabled.

### Why?
Previous levels allow to limit man-in-the-middle and XSS vulnerabilities but don't limit the risks of replay attacks outside the application.
Indeed a leaked token can be injected into a wide range of services exposed by Decathlon.

For instance, a token leaked on a mobile app could be used to hit a completely different app.
And the way the authentication system is build (avoid SPOF by distributing its public key) makes this possible.
If the stolen token happens to have sufficient scope accreditations it could authenticate malicous api calls.

Encrypting a pair of Access and Refresh tokens allows to limit the impact to the service that delivered them.
Replay attacks injecting stolen tokens won't work on other services.

### How?
First encrypt the Access and Refresh tokens.
Then set the following properties when sending to the browser the cookie creation order:
SameSite=Strict
Secure
HttpOnly

`Set-Cookie:token=myvalue;SameSite=Strict;Secure;HttpOnly`",Update,#4-A000-AARTAEAS-2dd922c9,FALSE,FALSE,FALSE,TRUE,FALSE,FALSE,FALSE,,,,,,,,,,,,,,,,,
DEV,Authentication,Level 5,A,Access and Refresh Tokens are not exposed to the end user.,"### What?
Store the access and refresh tokens in a server-side memory storage and map the access token with a random session identifier stored in the cookie storage.

### Why?
The previous level still allows temporary session theft through the theft of the access token (encrypted or not) as the access token can't be revoked.
In order to prevent this vulnerability and to be fully compliant with the OAuth2 specification, access and refresh tokens must be kept confidential among the resource server (the API), the client (the front-end application) and the authorization server (FedID or Member).

### How?
First, store the access and refresh tokens in a server-side memory storage (like Redis) available to the BFF.
Create a session identifier (session ID) using a Cryptographically Secure Pseudorandom Number Generator (CSPRNG) like [crypto.randomBytes()](https://nodejs.org/api/crypto.html#crypto_crypto_randombytes_size_callback).
Map the session ID with the access and refresh tokens.
Set the following attributes when sending the cookie to the browser:
+ SameSite=Strict
+ Secure
+ HttpOnly
+ Max-Age=$(lifetime of the access token in seconds)
When sending requests from the BFF to an API, use the access token to authenticate the user against the API.
When the cookie expires, get a new access token with the current refresh token. If the refresh token is invalid, redirect the user to the login flow.
If the user disconnects themselves, delete the tokens and the session identifier from the server-side memory storage.",New,#4-A000-AARTANET-a0355e9a,FALSE,FALSE,FALSE,TRUE,FALSE,FALSE,FALSE,,,,,,,,,,,,,,"Initialy proposed within the SECURITY
pillar but the Security SIG proposed to
move it here because of short notice.",Raphael TAHAR -CROIX-,,
DEV,BFF,Level 3,A,Your ADRs should contain one ADR which explains which kind of BFF your application implements.,"### Why?
There are several types of Backend For Frontends (BFF).
The traditional concept is about introducing a backend service dedicated to a frontend application, whose responsability is to build tailor made responses.
To do so, BFF will have to orchestrate one or several calls to backend APIs and cherry pick relevant data to be forwarded to the frontend app.

Since the early days of that design pattern, the industry moved on and many frameworks and libraries blurred the lines between BFFs and Server Side Rendering (SSR) techniques/tools.

### What?
Write an ADR providing the full rationale behind the choice and reasons for implementing a BFF. Especially regarding the BFF archetype you picked (CSR or SSR types).
More info on the [archetypes here](https://decathlon.atlassian.net/wiki/x/gwTLGQ).

### How?
Store this ADR in the same place as you would store any other ADR concerning your product.

",Update,#2-B000-YPIAAEWK-fe68193e,FALSE,FALSE,FALSE,TRUE,FALSE,FALSE,FALSE,,,,,,,,,,,,,,,Raphael TAHAR -CROIX-,,
DEV,BFF,Level 4,A,[For internal apps] Your BFF is placed behind a Firewall,"### Why?
Exposing a service to the web represents a risk that must be mitigated.
In order to do so, protect your BFFs by placing the WAF in front of them.

### What?
WAFs' managed rules offer advanced zero-day vulnerability protections.
Core OWASP rules block familiar “Top 10” attack techniques.
Custom rulesets deliver tailored protections to block any threat.
WAF Machine Learning complements WAF rulesets by detecting bypasses and attack variations of RCE, XSS and SQLi attacks.
Exposed credential checks monitor and block use of stolen/exposed credentials for account takeover. 
Sensitive data detection alerts on responses containing sensitive data.
WAF content scanning protects your web servers and enterprise network from malware by scanning files uploaded to your application in-transit.
Advanced rate limiting prevents abuse, DDoS, brute force attempts along with API-centric controls.
Flexible response options allow for blocking, logging, rate limiting or challenging.

### How?
Please consult the infra tech radar attached documentation under Firewall, CDN, WAF (Cloudflare in 2024).

### Who?
""Internal apps"" are applications intended to be used by Decathlon teammates.",Update,#3-B000-FIABIPBA-669f7417,FALSE,FALSE,FALSE,TRUE,FALSE,FALSE,FALSE,,,,,,,,,,,,,,,Raphael TAHAR -CROIX-,,
DEV,BFF,Level 4,B,[For external apps] Your BFF is placed behind the APIm,"### Why?
- The Web Application Firewall (WAF) comes out of the box (Cloudflare in 2024)
- Prevents DDoS attacks
- Allows rate limiting (limits the blast radius effect)
- Handles TLS and ceritificates
- Canary deployment Active-active easier with the APIm
- Consumers Identification (BFF should be mutualized as soon as same logic has to be implemented 3 times or more, APIm helps spotting routes and data consumption)
- Multi-domain (without the APIm a new dedicated domain name must be found for each BFF resulting in accidental complexity in the frontend app aka handling CORS)

As long as your BFF acts only as a proxy (resend the traffic to another API) and those API check the JWT, then I did not enforced to put the BFF behind the Gateway, avoiding useless north/south internet roundtrip (~35ms latency).

But if your BFF evolves, the risk is to add business logic or to proxify calls to unsecure endpoints after you took the decision, opening a breach in the information system.

Having your BFF behind an APIM Gateway and with a correct security control is a way to ensure long term security. But at a cost of latencies and APIM traffic cost.

If you're using a server side rendering engine or any meta framework that uses the server ( eg: server actions, rendering etc ), this is not required.

### What?

Register your BFF into the APIm.
Route your traffic to the APIm.


### How?
Depending on the type of BFF used, 1 or 2 plans can be used:
1. A public plan for static resources (Server Side Rendered or Client Side Rendered HTML, CSS, JS bundles etc.)
2. A private plan for the BFF private API routes

For use cases where performances are mandatory, please consider the following points:
- The API Gateway adds 50 to 70 ms latency (North-South)
- If you witness more latency have a look at the North-South vs East-West traffic
Frontend application should hit the Gateway once, which will then route the query to the BFF.
From that point the BFF should query other data sources and APIs through the East-West Gateway (and microGateways).
It'll save a lot of time and latency not to go back on internet and keep local traffic local (aka intra cluster).

Please consult the Tech Radar's current API Management/Gateway solution for complete documentation.

### Who?
""External apps"" are applications intended to be used by Decathlon customers.",Update,#3-B000-FEABIPBT-56a261a4,FALSE,FALSE,FALSE,TRUE,FALSE,FALSE,FALSE,,,,,,,,,,,,,,,Raphael TAHAR -CROIX-,,
DEV,Design System,Level 2,A,Usage of any Design System libraries of Vitamin Play Web,"### Why?
The incorporation of Design System libraries is essential for ensuring consistency, scalability, and efficiency in engineering products. By utilizing [Vitamin Play Web](https://github.com/dktunited/vitamin-play-web) libraries, we aim to establish a unified visual language and interaction patterns across our products, fostering a seamless user experience.

If you want to know why do we create a new implementation of our Design System called Vitamin Play, please refer to our [website](https://www.decathlon.design).

### What?
Our Design System libraries [Vitamin Play Web](https://github.com/dktunited/vitamin-play-web), encapsulate a set of pre-designed UI components, styles, and guidelines. 
These resources empower development teams to maintain a cohesive design language, streamline development efforts, and enhance collaboration between design and engineering.

### How?
To integrate these Design System libraries into our engineering products, teams should follow the comprehensive documentation provided. This includes importing the necessary components, adhering to styling guidelines, and staying updated with any library enhancements. Regular collaboration with the design team ensures alignment with the overall product vision and consistent implementation of design principles.

For more detailed information, you can refer to the documentation on the usage of [Vitamin Play Web](https://github.com/dktunited/vitamin-play-web).",Update,#1-DS00-UOADSLVW-1a5e9639,FALSE,FALSE,FALSE,TRUE,FALSE,FALSE,FALSE,,,,,,,,,,,,,,,"Thibault MAHE -NANTES-
Laurent THIEBAULT -CAMPUS-
Raphael TAHAR -CROIX-",,
DEV,Design System,Level 3,A,"Usage of any Design System libraries of Vitamin Play Web + one of the three component libraries available (React, Svelte or Vue)","### Why?
The incorporation of Design System libraries is essential for ensuring consistency, scalability, and efficiency in engineering products. By utilizing [Vitamin Play Web](https://github.com/dktunited/vitamin-play-web) libraries, we aim to establish a unified visual language and interaction patterns across our products, fostering a seamless user experience.

If you want to know why do we create a new implementation of our Design System called Vitamin Play, please refer to our [website](https://www.decathlon.design).

### What?
Our Design System libraries [Vitamin Play Web](https://github.com/dktunited/vitamin-play-web), encapsulate a set of pre-designed UI components, styles, and guidelines. 
These resources empower development teams to maintain a cohesive design language, streamline development efforts, and enhance collaboration between design and engineering.

### How?
To integrate these Design System libraries into our engineering products, teams should follow the comprehensive documentation provided. This includes importing the necessary components, adhering to styling guidelines, and staying updated with any library enhancements. Regular collaboration with the design team ensures alignment with the overall product vision and consistent implementation of design principles.

For more detailed information, you can refer to the documentation on the usage of [Vitamin Play Web](https://github.com/dktunited/vitamin-play-web).",Update,#2-DS00-UOVPWLDS-200af8b8,FALSE,FALSE,FALSE,TRUE,FALSE,FALSE,FALSE,,,,,,,,,,,,,,,"Thibault MAHE -NANTES-
Laurent THIEBAULT -CAMPUS-
Raphael TAHAR -CROIX-",,
DEV,Design System,Level 4,A,"Usage of any Design System libraries of Vitamin Play Web + one of the three component libraries available (React, Svelte or Vue) + follow the guidelines (do/don't, etc.) from https://decathlon.design ","### Why?
The incorporation of Design System libraries is essential for ensuring consistency, scalability, and efficiency in engineering products. By utilizing [Vitamin Play Web](https://github.com/dktunited/vitamin-play-web) libraries, we aim to establish a unified visual language and interaction patterns across our products, fostering a seamless user experience.

If you want to know why do we create a new implementation of our Design System called Vitamin Play, please refer to our [website](https://www.decathlon.design).

### What?
Our Design System libraries [Vitamin Play Web](https://github.com/dktunited/vitamin-play-web), encapsulate a set of pre-designed UI components, styles, and guidelines. 
These resources empower development teams to maintain a cohesive design language, streamline development efforts, and enhance collaboration between design and engineering.

### How?
To integrate these Design System libraries into our engineering products, teams should follow the comprehensive documentation provided. This includes importing the necessary components, adhering to styling guidelines, and staying updated with any library enhancements. Regular collaboration with the design team ensures alignment with the overall product vision and consistent implementation of design principles.

For more detailed information, you can refer to the documentation on the usage of [Vitamin Play Web](https://github.com/dktunited/vitamin-play-web).",Update,#3-DS00-UOVPWLDS-200af8b8,FALSE,FALSE,FALSE,TRUE,FALSE,FALSE,FALSE,,,,,,,,,,,,,,,,,
DEV,Design System,Level 5,A,Usage of Vitamin Play Web libraries (Design System) with an engineering adoption score > 40%,"### Why?
The incorporation of Design System libraries is essential for ensuring consistency, scalability, and efficiency in engineering products. By utilizing [Vitamin Play Web](https://github.com/dktunited/vitamin-play-web) libraries, we aim to establish a unified visual language and interaction patterns across our products, fostering a seamless user experience.

If you want to know why do we create a new implementation of our Design System called Vitamin Play, please refer to our [website](https://www.decathlon.design).

### What?
Our Design System libraries [Vitamin Play Web](https://github.com/dktunited/vitamin-play-web), encapsulate a set of pre-designed UI components, styles, and guidelines. 
These resources empower development teams to maintain a cohesive design language, streamline development efforts, and enhance collaboration between design and engineering.

### How?
To integrate these Design System libraries into our engineering products, teams should follow the comprehensive documentation provided. This includes importing the necessary components, adhering to styling guidelines, and staying updated with any library enhancements. Regular collaboration with the design team ensures alignment with the overall product vision and consistent implementation of design principles.

For more detailed information, you can refer to the documentation on the usage of [Vitamin Play Web](https://github.com/dktunited/vitamin-play-web).",Delete,#4-DS00-UOVPWLDS-200af8b8,FALSE,FALSE,FALSE,TRUE,FALSE,FALSE,FALSE,,,,,,,,,,,,,,,,,
DEV,Observability,Level 1,A,"* Logs are stored in a single collector (Datadog, Google Cloud Logging, Splunk) without redondancy
* Logs retention is managed with relevance in all environnements (prod, staging ...), they are stored on cold storage if a longer retention policy if mandatory","### Why ?
Logging is generate important FinOps cost and we should optimise the storage and indexation of the logs to enable troubleshooting capabilities in a single tool.

### What ?
Ensure that the application and infrastructure  logs are collected in a single log tool (Datadog, Google Cloud Logging, Splunk ...) and avoid multiple storage.

No matter the tool and the infrastructure considered, the team should have a single UI to use in order to access all of its components logs",Update,#2-A00000-IHALCT-55b15faf,TRUE,FALSE,FALSE,TRUE,FALSE,TRUE,FALSE,GreenIT,"### Why ?
This criteria contribute to Sustainable IT by optimising storage.  
Furthermore it improve user experience and team efficiency wich save ressources.

### To go further
Challenge or change your logging tool depending on its servers location.",Reliability,,,,,,,,,,,"Add constraint to log in only one tool

Formulation
about short/medium/long term LOG

Question of the retention on INFRA TEAM?
Conf infra ?",Benoit LEFEVRE -CAMPUS-,Cyril GAMBIS -COWORKING PARIS-,
DEV,Observability,Level 1,B,Setup crash monitoring tool in your application,"### Why ? 
>Crash monitoring is very important to understand the stability of an app which is deployed in production. It saves troubleshooting time by intelligently grouping crashes and highlighting the circumstances that lead up to them. According to the usage and the capabilities of the tool used, fatal and no fatal issues may be monitored. These tools allow software engineers to follow a very important KPIs for the stability of the app like:
* Crash-free users which is the percentage of users that have not experienced a crash in the given timeframe
* Crash-free sessions which is the percentage of total sessions that have not resulted in a crash in the given timeframe.

### What ?
To fulfill this requirement, a crash monitoring (such as Firebase Crashlytics) must be lived in the production binary and must monitor at least fatal issues.

### How ?
The team must be able to demonstrate that a crash monitoring tool has been implemented in the source code of the application and that data are correctly logged into a dedicated dashboard in order to be able to read some information like:
* stacktrace
* app version
* device details
* Crash-free user rate",Keep,#0-Q000-SCMIYA00,FALSE,TRUE,FALSE,FALSE,FALSE,FALSE,FALSE,,,Reliability,,,,,,,,,,,,,,
DEV,Observability,Level 1,C,Setup telemetry SDK (dkt-otel) configured to observe http calls,"TBD
### Why ?

### What ?
Can be either Datadog Mobile SDK (if you need advanced features like RUM), Opentelemetry otherwise

### How ?
",Update,#0-O000-STSCTOHC-4a84b8cc,FALSE,TRUE,FALSE,FALSE,FALSE,FALSE,FALSE,,,Reliability,,,,,,,,,,,,,,
DEV,Observability,Level 1,A,Synthetic tests are in place. ,"### Why ?
Being blind is not acceptable. Having synthetic tests will permit to have a feedback on what's runnnig into your production.

### What ?
The goal is to simulate real users that will request your app. It should permit to see runtime errors that impact your users. The requests should have a minimum checks (at least on status code) to ensure the answered page is correct for your users.

### How?
- Use the Tech Radar's Observability Monitoring tool under the ADOPTED status.",Keep,#0-O000-STAIP000-b85134a9,FALSE,FALSE,FALSE,TRUE,FALSE,FALSE,FALSE,,,Reliability,,,,,,,,,,,,Térence HOLLANDER -CROIX-,,
DEV,Observability,Level 2,A,Real User Monitoring is used.,"### Why ?
To understand the user experience in real-time. Identify performance issues and frustrations.
Make data-driven decisions and foster a culture of continuous enhancement.

### What ?
- Error Stack Traces
- Metrics & Alerting
- Session replays
- Frustration events (Heatmaps)

### How?
- Use the Tech Radar's Observability Monitoring tool under the ADOPTED status.
- Integrate RUM scripts into applications and Collect and aggregate data with user consent.",Keep,#1-O000-RUMIU000-c8c17a76,FALSE,FALSE,FALSE,TRUE,FALSE,FALSE,FALSE,GreenIT,"### Why ?  
That monitoring is a prerequisite to better know your user comportment and needs and better answer them.  

### To go further  
Define a decommissioning strategy -using Real User Monitoring- for unused feature.  ",Reliability,,,,,,,,,,,,Vish,,
DEV,Observability,Level 2,A,"Tracing library is implemented in my code, in addition to logs.","### Why ?
To gain detailed visibility into the flow and performance of individual requests across your system, beyond what logs alone can offer for debugging and optimization. 

### What?
Your codebase is instrumented with a library that automatically or manually creates and reports traces and spans, capturing the execution path and timing of operations.

### How?
You've integrated a tracing SDK (like OpenTelemetry or datadog agent) into your application code to generate and send trace data to a backend (datadog, ... ) for visualization and analysis.",Keep,#1-O000-TLIIIMCI-62d3a41d,TRUE,FALSE,FALSE,TRUE,FALSE,FALSE,FALSE,,,,,,,,,,,,,,,,,
DEV,Observability,Level 2,B,"Logs retention is managed with relevance in all environnements (prod, staging ...), they are stored on cold storage if a longer retention policy if mandatory.
","### Why ?
It's twofolded : 
On one hand, developpers can sometimes get wild regarding log production

No matter the relevency of such a practice, it can quickly lead to :
- at best a disk space exhaustion ... that most certainly an OPS will complain about sooner or later ;)
- at worst an expensive bill, whenever the log storage is externalized on a SAAS solution, like Datadog.

On the other hand, your logs can contains valuable informations. For example :
- in order to perform post mortem analysis
- to keep track of which IP accessed your web server when

In such a case you'll want to make certain that you keep track of a certain time frame of logs.

As you can see, if you don't make things clear, you can get caught between the hammer and the anvil ! 

### What ?
Addressing the retention problematic necessitate :
- To have your team clearly specify 
    - which logic it wants to apply regarding its past, present and future log retention policy definition
    - which functional requirements and financial constraints should be taken into account to do so.
- Choose current log retention accordingly
- Apply this retention on the centralized tool it use

### How ?
- The team should pocess an up to date document that specify this policy
- It should be able to easily check that its actual log retention is configured accordingly 
- For example, log storage is limited to 7 days (Datadog) or 30 days (Splunk and GCL) ",Delete,#2-A00000-IHALRP-80388741,TRUE,FALSE,FALSE,TRUE,FALSE,TRUE,FALSE,GreenIT,"### Why ?
This criteria contribute to Sustainable IT by optimising storage and ressources by limiting useless data retention.

### To go further
Define multiple retention periods that feat your different environments.  
For exemple : data retention in PROD environment is 7 days, but dev environment is 1 day.",Reliability,,,,,,,,,,,merge in Level 1,Benoit LEFEVRE -CAMPUS-,Cyril GAMBIS -COWORKING PARIS-,
DEV,Observability,Level 2,C,Traces and retention management,"### Why?
Efficiently managing the volume and lifespan of trace data is crucial for controlling storage costs and ensuring relevant information is available for analysis and troubleshooting.

### What? 
You have policies and processes for determining the volume of traces that are ingested and indexed, to have to proper amount of traces vs the cost

### How? 
This involves configuring retention periods in your observability tool (datadog, ...). ",Update,#1-O000-TARM0000-38e6f549,TRUE,FALSE,FALSE,TRUE,FALSE,FALSE,FALSE,,,,,,,,,,,,,,,,,
DEV,Observability,Level 2,A,Configure crash monitoring SDK to push logs for every crashs,"### Why ? 
Pushing logs with your crashs give you more context and can help you to identify its root cause.
### What ? 
To fulfill this requirement, configure a logger compatible with crash monitoring tools to centralized all your logs and implement the way to push your logs when you are in release mode.
### How ?
For Android, you can use library as Timber to log what you want and if your BuildConfig said that you are in release mode, use Crashlytics library to push your logs.
For iOS, you can directly use Crashlytics library where you want to push your log message but we recommend to develop an abstraction if you want to be compatible with multiple Crashlitics platforms and don’t push logs in debug mode.",Delete,#1-Q000-CCMTPLWC,FALSE,FALSE,FALSE,FALSE,FALSE,FALSE,FALSE,,,Reliability,,,,,,,,,,,,,,
DEV,Observability,Level 2,B,"Configure crash monitoring tool to push pertinent custom keys (user id, country, etc.) for every crash","### Why ? 
Pushing custom keys with your crashs give your more context about the device configuration, the users and the specific context of your app. But take care about GDPR rules and equivalents for other countries.
### What ? 
To fulfill this requirement, you should reuse your implementation to publish your logs in Crashlytics platform but add your custom keys.
### How ?
For Android, in your Timber implementation to publish your logs, add your custom keys before the push.
For iOS, in your abstraction layer of Crashlytics platforms, add your custom keys before the push.",Update,#1-Q000-CCMTPCUS,FALSE,TRUE,FALSE,FALSE,FALSE,FALSE,FALSE,,,Reliability,,,,,,,,,,,,,,
DEV,Observability,Level 2,C,"Split crash reports by build variants (debug, release, etc..)","### Why ? 
At the minimum, all mobile applications have two variants: Debug and Release. You shouldn’t publish your crashs to Crashlytics platform at the same place for all your variants to know if it is a crash in production or in development.
### What ? 
Some mobile projects can have more than two variants: beta phase, TNR phase, QA phase, etc. It depends the project and feature teams. So it is important to know in which version come from your crash when you work on their resolution.
### How ?
Use a package id (Android) or bundle id (iOS) adapted to your variant to give this information to the Crashlytics platform. They will split your crashs for you according to this id if you pre-configured your Crashlytics platform first.",Keep,#1-Q000-SCRBBVDR,FALSE,TRUE,FALSE,FALSE,FALSE,FALSE,FALSE,,,Reliability,,,,,,,,,,,,,,
DEV,Observability,Level 2,D,"Configure telemetry SDK (dkt-otel) to push pertinent custom keys (user id, country, etc.)","TBD
### Why ?

### What ?

### How ?
",Update,#1-O000-CTSTPPCK-1c7d786d,FALSE,TRUE,FALSE,FALSE,FALSE,FALSE,FALSE,,,Reliability,,,,,,,,,,,,,,
DEV,Observability,Level 2,E,Configure telemetry SDK (dkt-otel) to push logs as span attached to a trace,"TBD
### Why ?

### What ?

### How ?
",Update,#1-O000-CTSTPLAS-c9e0c2a5,FALSE,TRUE,FALSE,FALSE,FALSE,FALSE,FALSE,,,Reliability,,,,,,,,,,,,,,
DEV,Observability,Level 2,F,Configure telemetry SDK (dkt-otel) to track performance issues,"TBD
### Why ?

### What ?

### How ?
",Keep,#1-O000-CTSTTPI0-08045630,FALSE,TRUE,FALSE,FALSE,FALSE,FALSE,FALSE,,,Reliability,,,,,,,,,,,,,,
DEV,Observability,Level 2,G,"If you have a BFF, setup telemetry SDK configured to observe http request received","TBD
### Why ?

### What ?

### How ?
",Delete,#1-O000-IYHABSTS-0604e0af,FALSE,FALSE,FALSE,FALSE,FALSE,FALSE,FALSE,,,Reliability,,,,,,,,,,,,,,
DEV,Observability,Level 3,A,"Log level is restricted to ERROR and WARN for dev/staging/production environments, DEBUG and INFO usages are deprecated and should be replaced by tracing/APM tools","### Why ?
The Application Performance Management tools take the observability of your system one step beyond.
In a nutshell, they aim to gather in one place all information it can gather about it, and propose several advanced tools based on collected metrics, such as :
- end to end tracing of a user's action.
- AI powered monitoring & alerting of the health of the whole system
- support of your own SLI / SLO definition, in order to turn them into metrics and eventually alerts whenever they are not fullfiled
- time series & multidimentional oriented analysis dashboards, I.E. can relate thru time your logs, technical & functional metrics
- log centralization & searching
- etc

Although it comes at a (financial) cost, it can greatly enhance your capacity to quickly analyze any kind of trouble.

### What ?
- Choose your APM tool. Right now Datadog is available in Decathlon tech radar. You can also rely on OpenTelemetry as a standard format for traces.
- Choose on which system components to activate it.
- Have thoses system components instrumented with it
- Have your team trained in the use of your APM's UI : it can sometime get overwhelming the first time you see it ;)
- Configure your SLI / SLO
- Configure customized dashboards
- Configure alerts based on collected metrics.
- Have those alerts redirected to a dedicated Slack channel

### How ?
Your team must be able to demonstrate that :
- An APM tool is configred on key part of the system it's running
- Your Devs and / or Production Experts are familiar with the usage of the APM's UI",Keep,#2-O000-LLIRTEAW-ed2813dd,TRUE,FALSE,FALSE,FALSE,FALSE,FALSE,FALSE,,,,,,,,,,,,,,,Gilles DI GUGLIELMO -PARIS-,,
DEV,Observability,Level 2,B,Log level usages is documented in the project dev guidelines,"### Why ?
Being able to address problems in criticity order is a smart move.
But doing so require first that each developpers in your team uses the same ""criticity scale"" definition !

### What ?
Your team should aggree on the way it want to define its logs criticity level scale, and write it down in a policy document.

You can get inspiration from [this Medium article](https://medium.com/@edouard.cattez/the-art-of-talkative-application-489f03bd89f4) for example, and adapt it to your team's functional specificites.

It will serve as a reminder for each team members, and as a guideline regarding log production for newcomers.

And, to a certain extent, you can also include in this document extra log related information, such as :
- which rules have to be applied regarding the choice of log level that has been activated in each of your environments : production / qualification / preproduction / pic / etc
- specify the various kind of logs your code can produce whenever you need to distinguish them. For exemple, access logs / code logs / alcatrace logs / logs enabling kpi & dashboard productions

### How ?
The team must be able to : 
- present an up to date version of this document
- demonstrate that each of its developers knows this document & is familiar with the policy it describes",Change Level,#2-O000-LPIDWIU0,TRUE,FALSE,FALSE,FALSE,FALSE,FALSE,FALSE,,,,,,,,,,,,,,Low success rate 35%,Gilles DI GUGLIELMO -PARIS-,,
DEV,Observability,Level 3,A,Are your dashboards optimized?,"### Why?
A dashboard is a tool for visually tracking, analyzing, and displaying key performance metrics, which enable you to monitor the health of your infrastructure.


### What?
Dashboards are on a grid-based layout, which can include a variety of objects such as images, graphs, and logs.
They are commonly used as status boards or storytelling views which update in realtime, and can represent fixed points in the past. They are used for monitoring and debugging.

### How?
Timeboards have automatic layouts, and represent a single point in time—either fixed or real-time—across the entire dashboard. They are commonly used for troubleshooting, correlation, and general data exploration.

Screenboards are dashboards with free-form layouts which can include a variety of objects such as images, graphs, and logs. They are commonly used as status boards or storytelling views that update in real-time or represent fixed points in the past.",Keep,#2-O000-AYDO0000-cb584c20,FALSE,FALSE,FALSE,TRUE,FALSE,FALSE,FALSE,,,,,,,,,,,,,,,Raphael TAHAR -CROIX-,,
DEV,Observability,Level 3,A,Configure crash monitoring tool to report controlled error as non fatal,"### Why ? 
Crash are one of the most important thing to monitor for mobile applications and Crashlytics platform report them automatically but there are some cases where you catch by yourself errors and implement a deteriorated scenario for your usecase. These exceptions should be catch as non fatal error and publish to Crashlytics platform to investigate why you need to use the deteriorated scenario.
### What ? 
To fulfill the requirement, all your try/catch inside your mobile application should publish the exception as non fatal error to the Crashlytics platform or should be tagged as an ignored exception.
### How ?
Improve your Crashlytics abstraction to handle non fatal error to catch this kind of exception.
Otherwise, name your exception variable ""ignored"" to inform team members that you want to ignore this specific exception and add a comment to explain why. ",Update,#3-Q000-0OECASTF,FALSE,TRUE,FALSE,FALSE,FALSE,FALSE,FALSE,,,Reliability,,,,,,,,,,,,,,
DEV,Observability,Level 3,B,Configure telemetry SDK (dkt-otel) to measure performance,"TBD
### Why ?

### What ?

### How ?
",Update,#2-O000-CTSTMRT0-91133045,FALSE,TRUE,FALSE,FALSE,FALSE,FALSE,FALSE,,,,,,,,,,,,,,,,,
DEV,Observability,Level 3,C,Configure telemetry SDK (dkt-otel) to report controlled error as event,"TBD
### Why ?

### What ?

### How ?
",Keep,#2-O000-CTSTRCEA-77382eb0,FALSE,TRUE,FALSE,FALSE,FALSE,FALSE,FALSE,,,,,,,,,,,,,,,,,
DEV,Observability,Level 4,A,Traces are enriched with functional data that are relevant for the process,"### Why?
Adding business-specific context to traces provides deeper insights into the ""what"" and ""why"" behind performance and behavior, enabling more meaningful analysis and targeted troubleshooting.

### What?  
Relevant business information (like user IDs, order numbers, product IDs, etc.) is attached as tags or attributes to spans within the traces.

### How?
Application code is modified to extract and inject this functional data into the tracing context as spans are created or processed. This step depends on which tools you are using (open Telemetry https://opentelemetry.io/docs/zero-code/java/spring-boot-starter/annotations/  or  Datadog  https://docs.datadoghq.com/tracing/trace_collection/custom_instrumentation/java/dd-api / ...) ",Keep,#3-O000-TAEWFDTA-9c71d2a5,TRUE,FALSE,FALSE,TRUE,FALSE,TRUE,FALSE,,,,,,,,,,,,,,,Gilles DI GUGLIELMO -PARIS-,Valentin MARTIN -CROIX-,
DEV,Observability,Level 4,B,RUM insights are used to compute a SLI for you main user journey,"### Why ? 
The best measure point for SLOs are the ones closest to your users, aka their devices. 

### What ? 
You have an SLI that measures the global availability of your process, and the SLI is the ratio of complying sessions, based on your criteria

### How ?
* [How-to](https://decathlon.atlassian.net/wiki/x/QoIHd)
* [TechDay talk to have more context and see an MVP](https://drive.google.com/file/d/1_etTwErH5aT4hn0Amw31vxgnz-WdqTH6/view?usp=sharing)",New,#3-O000-RIAUTCAS-103af676,FALSE,FALSE,FALSE,TRUE,FALSE,FALSE,FALSE,,,Reliability,,,,,,,,,,,,,,
DEV,Observability,Level 4,C,Main business code calculation have custom trace to measure processing time ,"### Why ? 
Observability platform allows you to measure the processing time on specific code with custom traces. It helps your team to know if your code is optimized or not for a specific use case.
### What ? 
To fulfill the requirement, your domain layer should be monitored with custom traces for new code and legacy code.
### How ?
Check the Techradar to know which observability library you should use to write your custom trace in your codebase and add them at the domain layer of your mobile architecture. If you want, you can create sub trace in your data layer to identify exactly which request or algorithm take too much time.",Update,#3-Q000-MBCCHCTT,FALSE,TRUE,FALSE,FALSE,FALSE,FALSE,FALSE,,,Reliability,,,,,,,,,,,,,,
DEV,Observability,Level 5,A,Standard application logs are phased out in favor of natively instrumented traces (eg: OpenTelemetry). Manual instrumentation is limited to enriching traces with business attributes,"### Why ?
To achieve focused observability and streamlined troubleshooting by directly tracking request flow and performance through distributed tracing (APM), minimizing the noise and management overhead of traditional application logs.

### What ?
The application code intentionally omits manual instrumentation and standard logs, relying primarily on automatically generated or strategically placed traces and the analytical capabilities of an Application Performance Monitoring (APM) system for understanding application behavior and resolving issues.
Troubleshooting relies on distributed tracing and APM metadata rather than manual logs. Application-specific logs are strictly reserved for non-functional requirements (audit, security, compliance), while business context is injected directly into trace spans

### How ? 
Your application use a tracing libraries and APM agents. You did configure them to capture request lifecycles and performance metrics, while explicitly avoiding the inclusion of general-purpose logging statements in the core codebase (with specific exceptions for critical audit trails).",Update,#4-O000-ACDNCAMI-c3207a1a,TRUE,FALSE,FALSE,TRUE,FALSE,TRUE,FALSE,,,Reliability,,,,,,,,,,,,Gilles DI GUGLIELMO -PARIS-,Valentin MARTIN -CROIX-,
DEV,Performance,Level 1,A,Performance assessment is performed,"### Why ?
Minimum perfomance assessment is crucial for any frontend application to ensure optimal user experience. It improves application usability and satisfaction.

### What ?
Manually measure page load times, page rendering speed, and network efficiency.
Identify and resolve performance bottlenecks.

Metrics to pay attention are the [Web Core Vitals](https://developers.google.com/search/docs/appearance/core-web-vitals).

### How ?
Use mannual ad hoc tooling like the devtools within your browser (no automatized included).
Follow techniques such as code minification, image compression, and caching strategies.",Update,#0-P000-PAIP0000-fa1f1790,FALSE,FALSE,FALSE,TRUE,FALSE,FALSE,FALSE,GreenIT,"### Why ?  
Have the lowest environmental footprint for your project and reduce its ressources consumption.  

### To go further  
Define some actions to optimize your product and improve performances monitored.",,,,,,,,,,,,,Vish,,
DEV,Performance,Level 2,A,Performance assessment automatized in Production,"### Why ?
Ad hoc manual performance assessments are a good start but aren't enough.
Performance must be continuously assesed especially on production environments.

There are 2 main objectives here:
- Monitor and analyze the user experience quality
- Measure the impact of freshly released new features

### What ?
Gather frontend performance metrics in an automated fashion.

### How ?
Use the Tech Radar's Observability Monitoring tool under the ADOPTED status.
",Update,#1-P000-PAAIP000-4f51b953,FALSE,FALSE,FALSE,TRUE,FALSE,FALSE,FALSE,,,Reliability,,,,,,,,,,,,Raphael TAHAR -CROIX-,,
DEV,Performance,Level 3,A,"Performance assessment automatized in the CI
","Performance assessment automatized in the CI
",Keep,#2-P000-PAAITC00-0d099896,FALSE,FALSE,FALSE,TRUE,FALSE,FALSE,FALSE,,,,,,,,,,,,,,,Térence HOLLANDER -CROIX-,,
DEV,Performance,Level 4,A,"Best in class performances measured automatically
","### Why ?
Decathlon aims at becoming a Tech Giant.
To do so, among many other things, applications must reach the industry standards, especially in terms of User eXperience performance.

### What ?
Core Web Vitals is a set of metrics that measure real-world user experience for loading performance, interactivity, and visual stability of the page.
We highly recommend site owners achieve good Core Web Vitals for success with Search and to ensure a great user experience generally.
This, along with other page experience aspects, aligns with what this core ranking systems seek to reward.

### How ?
Use the Tech Radar's Observability Monitoring tool under the ADOPTED status.
Metrics to pay attention are the [Web Core Vitals](https://developers.google.com/search/docs/appearance/core-web-vitals).",Keep,#3-P000-BICPMA00-dcd2e26e,FALSE,FALSE,FALSE,TRUE,FALSE,FALSE,FALSE,,,,,,,,,,,,,,,Raphael TAHAR -CROIX-,,
DEV,Source Control,Level 1,A,"* Code repository hosted on dktunited GitHub org with all requirements (topics, description, etc.). 
* README file in the repository 
* .gitignore file to skip all local build files
* Admin permissions on the repository are given to a team and not individually
* Every Pull Request triggers a code review",TBD,Keep,#0-SC00-CRHODGOW-1bfaf981,TRUE,TRUE,FALSE,TRUE,TRUE,TRUE,FALSE,,,,,,,,,,,,,,,,,
DEV,Source Control,Level 1,E,No Secrets should be pushed to the repo.,"### Why ?
Private keys shouldn't appear in the repo  
### What
git-crypt is the recommended tool in the Tech Radar to encrypt secrets
### How
https://medium.com/@sumitkum/securing-your-secret-keys-with-git-crypt-b2fa6ffed1a6
",Update,#0-SC00-NSSBPTTR,FALSE,FALSE,FALSE,TRUE,TRUE,FALSE,FALSE,,,,,,,,,,,,,,We do not have SECURITY Pillar for AI maturity matrix,Corentin VASSEUR -CROIX-,Gilles DI GUGLIELMO -PARIS-,
DEV,Source Control,Level 2,A,"* Source control workflow is documented
* Commit comments and branch naming are using a documented convention
* Source code formating is documented with a common IDE setup for the team","### Why ?
* Sharing the git workflow between all members of a team helps to align the way work is done.
This concerns the technical management of the repository (e.g. creation of feature branches, merge in main etc.) but also the management of the product / project (e.g. after the creation of a tag, the version will go into production).
‍* Using conventions allows better collaboration across committers.
It also makes the most of git utilities: with normalized commits, it's easier to work with history and commands and automation are easiez (generate changelog ...) 
* Sharing a configuration for format code is important to automatically respect the formatting conventions. It reduces discussions around conventions, in Pull request reviews ...

### What ?
* A documentation based on a diagram and/or explanations.
Ex: (https://www.atlassian.com/git/tutorials/comparing-workflows)[https://www.atlassian.com/git/tutorials/comparing-workflows]
* In a team, a convention for commit comments and branch naming must be defined.
* If you can, use an IDE agnostic tool like prettier, editorconfig etc. You can use an IDE specific configuration too.

### How ?
* Add documentation directly on repository (or if not possible in another medium), through, for instance, an ADR (Architecture Decision Record).
* Choose a convention and document it as an ADR in the repo or at least in the readme.
Ex: for commits, you can use [conventionnal commits](https://www.conventionalcommits.org/en/v1.0.0/) or a simpler way like just start with jira ticket number.
* Use and share configuration in repository. Document usage",Update,#0-SC00-SCWID000,TRUE,TRUE,FALSE,TRUE,FALSE,TRUE,FALSE,,,,,,,,,,,,,,Switch to level 2,Damien CAMUS -COWORKING PARIS-,Cyril GAMBIS -COWORKING PARIS-,
DEV,Source Control,Level 2,B,Commit comments and branch naming are using a documented convention,"### Why ?
‍Using conventions allows better collaboration across committers.
It also makes the most of git utilities: with normalized commits, it's easier to work with history and commands and automation are easiez (generate changelog ...) 

### What ?
In a team, a convention for commit comments and branch naming must be defined.

### How ?
Choose a convention and document it as an ADR in the repo or at least in the readme.
Ex: for commits, you can use [conventionnal commits](https://www.conventionalcommits.org/en/v1.0.0/) or a simpler way like just start with jira ticket number.",Merge,#1-SC00-CCABNAUA,TRUE,TRUE,FALSE,TRUE,TRUE,TRUE,FALSE,GreenIT,"### Why
A good commit message is useful to better understand the evolution and the state of the code, so the code is easier to maintain, and maintainance is the key of sustainable IT (compared to refont project)",,,,,,,,,,,,,Damien CAMUS -COWORKING PARIS-,Cyril GAMBIS -COWORKING PARIS-,
DEV,Source Control,Level 3,C,Source code formating is documented with a common IDE setup for the team,"### Why ?
Sharing a configuration for format code is important to automatically respect the formatting conventions. It reduces discussions around conventions, in Pull request reviews ...

### What ?
If you can, use an IDE agnostic tool like prettier, editorconfig etc.
You can use an IDE specific configuration too

### How ?
Use and share configuration in repository. Document usage",Merge,#1-SC00-SCFIDWAC,TRUE,FALSE,FALSE,TRUE,TRUE,TRUE,FALSE,,,,,,,,,,,,,,"Small success rate 55%
problem with different IDE

Proposition of standard

on the editor (tooling / IDE)

(question 3 in the CI)
",Damien CAMUS -COWORKING PARIS-,Cyril GAMBIS -COWORKING PARIS-,
DEV,Source Control,Level 3,A,Technical release notes are generated automatically for each production release,"### Why ?
Having defined release notes help your consumers/users (production leaders, OPS, ...) to know about when and what have been released in the past to communicate about technical changes.

### What ?
A generated release note.

### How ?
Generate a changelog, release note github ... via CI
Ex: 
https://docs.github.com/en/repositories/releasing-projects-on-github/automatically-generated-release-notes",Keep,#2-SC00-RNAGAFEP,TRUE,TRUE,FALSE,TRUE,TRUE,TRUE,FALSE,,,,,,,,,,,,,,"Release note TECH vs PRODUCT

Naming : 
On the documentation : 
""Technical"" release note
add notes 
mindset : explain the changes with
the new version",Damien CAMUS -COWORKING PARIS-,Cyril GAMBIS -COWORKING PARIS-,
DEV,Source Control,Level 2,B,Code formatting is setup on the project and applied in the CI,"### Why ?
To ensures that the formatting is respected to prevent merge conflict and improve efficiency of code review.

### What ?
Formatting/linting the code automatically in CI.

### How ?
Configure the formatting / linting steps (depends on the language / technology used) in the repository and then configure the CI to run it.

### Examples
 * (Editor config plugin)[https://editorconfig.org/]
",Change Level,#2-SC00-PALISOTP,FALSE,TRUE,FALSE,TRUE,TRUE,TRUE,FALSE,,,,,,,,,,,,,,"Not for all langages
Modify documentation 

For Java world ?

Risk of diff code : sharing of the tool.
All same IDE Conf ? (intelliJ)

Less use on CI

https://github.com/jhipster/prettier-java ?
Check style on JAVA ?
https://editorconfig.org/ ?

REVIEW of the documentation on the question 
(Contact : Jonathan on VC BU)

Mindset : Team formatting to help ",Damien CAMUS -COWORKING PARIS-,Cyril GAMBIS -COWORKING PARIS-,
DEV,Source Control,Level 3,D,Do you follow Frontend SIG recommendation on Prettier?,"### Why ? 
To ensures that the formatting is respected and is the same for all projects
### What ? 
Formatting defined by SIG
### How ? 
Follow https://decathlon.atlassian.net/wiki/spaces/TO/pages/1356824904/Prettier+configuration",Update,#2-SC00-DYFSROP0,FALSE,FALSE,FALSE,TRUE,TRUE,FALSE,FALSE,,,,,,,,,,,,,,,,,
DEV,Source Control,Level 4,A,"Commit history is part of the code review for each branch
","### Why ?
Git history is the first code documentation: intentions, explanations ...
So having a clean history is important to share information on the code.

### What ?
Practice to rewrite history & and verify it on code review

### How ?
Team members should use interactive rebases to rewrite and clean history.
On a pull request review, we should verify that the history is clean.
We can add this notion in the ""Definition of Done"" (github template or other method).",Keep,#3-SC00-CHIPOTCR,TRUE,TRUE,FALSE,TRUE,TRUE,TRUE,FALSE,,,,,,,,,,,,,,,Damien CAMUS -COWORKING PARIS-,Cyril GAMBIS -COWORKING PARIS-,
DEV,Source Control,Level 4,B,Hooks are documented and shared with the team,"TBD

### Why ?

### What ?

### How ?
",New,#3-SC00-HADASWTT-c756f803,FALSE,TRUE,FALSE,FALSE,FALSE,FALSE,FALSE,,,,,,,,,,,,,,,Adrien HUMILIERE -PARIS-,,
DEV,Team,Level 1,A,"* Onboarding process for new developers
* Development setup could be performed in less than 1 day included in the onboarding documentation","### Why ?
Onboarding process is necessary in order to reduce the amount of time an engineer will spend in the learning and adaptation bracket. The aims: 
* Quicker integration in order to have software engineers that ship production code faster. 
* Consistency in the produced code with the existing code practices of the team
* Reduce turnover (for internals): Software Engineers who have a great onboarding experience tend to stay with the company longer.

### What ?
To fulfill this requirement, an onboarding process must be defined for the project, through a dedicated documentation/platform, such as: 
* Heyteam 
* Wiki page / Checklist

### How ?
The team must be able to demonstrate that an onboarding process exists and can be applied",Update,#0-T00000-OPFND0-588f0d99,TRUE,TRUE,FALSE,TRUE,FALSE,TRUE,FALSE,,,,,,,,,,,,,55,,FLORIAN DEGRAND -CROIX-,Cyril GAMBIS -COWORKING PARIS-,
DEV,Team,Level 3,A,Contributing file to explain how to contribute to your project from external team,"### Why ?
A contributing file is a guideline to external contributers to know how to process to submit contribution to the project.

### What ?
To fulfill this requirement, the [CONTRIBUTING.md](http://contributing.md/) file should be filled in and at the root of the Github repository.
* Write code of conduct [template from Github](https://github.com/dktunited/mpe-documentation/blob/main/docs/contributing/code_of_conduct.md)
* Write [CONTRIBUTING.md](https://github.com/dktunited/mpe-documentation/tree/main/docs/contributing) should be in your root directory
* Add the licence : [License Decathlon](https://github.com/dktunited/.github/blob/main/LICENSE.md) 

### How ?
The team must be able to demonstrate that a [CONTRIBUTING.md](https://github.com/dktunited/mpe-documentation/tree/main/docs/contributing) file exists in the repository and that all requirements are filled and up-to-date.",Keep,#2-T00000-CFTEHT-81782d15,TRUE,TRUE,FALSE,TRUE,FALSE,TRUE,FALSE,,,,,,,,,,,,,60,"Specification in the documentation with the ""dev"" contribution file template

Mindset : formalization
Add the licences of the documentation",FLORIAN DEGRAND -CROIX-,Cyril GAMBIS -COWORKING PARIS-,
DEV,Team,Level 2,A,Development setup could be performed in less than 1 day included in the onboarding documentation,"### Why ?
 
The way a new developer starts to work with his new machine is a very important process. A development environment complex to set up can be very demotivating since a newcomer may be uncomfortable to ask for help repetitively, he/she probably will try to prove his capacities by being autonomous.
Also, in case the team occasionally needs to ask an expert about an issue with the application, the setup process should be easy and quick to avoid losing too much time with the step with no added value.

### What ?
To fulfill this requirement, an new operating development environment should be setup in less than 1 hour. For instance, these could be the steps for a typical project:
* install the tools/software: programmation language(s) in the correct version(s) (Java, JavaScript, Python...), building tools (Maven, npm...), other tools (docker...)
* configure accounts on services appropriately (Google Cloud Provider, Github...)
* get the code base (from github)
* automatically configure environment if needed, with scripts
* initialize a development app (database...)
* explanation on ""How to test that the environment is correctly setup"" (Postman collection with a key use case for an API, scenario for a front-end application...)

### How ?
The team must be able to provide documentation and scripts demonstrating that a new software engineering is able to start to an operating development environment in less than 1 hour.",Merge,#2-T00000-NDMSUI-11df7a8e,TRUE,TRUE,FALSE,TRUE,FALSE,TRUE,FALSE,,,,,,,,,,,,,61,"Title different in MPE case
1h is not realistic

Maybe reformulate: 
Fast setup in last 1/2 day? Autonomous ?",FLORIAN DEGRAND -CROIX-,Cyril GAMBIS -COWORKING PARIS-,
DEV,Tech Radar,Level 1,A,"All New languages, frameworks, data engineering solutions (database, messaging, and cache solutions) with status WATCH, FORBIDDEN or outside Tech Radar, are being processed to become a standard (Ongoing Standard Proposal Process) or being migrated (Action plan and Budget defined) ","### Why ? 
Standardization helps us be more efficient by providing better support on reduced scope of technical solutions, reduce risks by not using unwanted or unsecure solutions, and accelerate at scale by developping product easily exportable and deployable (more compatible with everyone landscape). We aim to create synergy !

### What ?
First, we want to ensure all non-compliant technical solutions are identifed on your scope (you are aware of them) and that you have an action plan (standardization or migration) to reach better compliance.

### How ?
The team must be able to demonstrate that all technical solutions are :
- existing in the [Tech Radar](https://airtable.com/appWhu5K3NTs5XURY/pagyttV838v5dvazI) under the status ADOPT, TRIAL or ON HOLD,
- not existing in the [Tech Radar](https://airtable.com/appWhu5K3NTs5XURY/pagyttV838v5dvazI) or under the status WATCH or FORBIDDEN but are part of a standard proposal process or identified as to be migrated in the product roadmap.",Delete,#0-TR00-NTSWFOOT,TRUE,TRUE,FALSE,TRUE,FALSE,TRUE,FALSE,GreenIT,"### Why 
As standardization provide better support, the product will be easier to maintain so it lasts longer and can adapt at scale. It avoid production of a new product.  
  
Production phase is the most consuming one.",,,,,,,,,,,,You don't use ?,Kristel MHANNA -CROIX-,Cyril GAMBIS -COWORKING PARIS-,
DEV,Tech Radar,Level 2,A,"100% of languages, frameworks, data engineering solutions (database, messaging, and cache solutions) used have the ring """"ADOPT"""" or """"ON HOLD"""" in the Tech Radar.","### Why ? 
Standardization makes us more efficient by narrowing down technical solutions, minimizing risks from insecure options, and accelerating scalability through easily exportable and deployable products. The goal is to create synergy!

### What ? 
We want to ensure all the languages are compliant (ADOPT or ON HOLD) without exceptions. Cf. Tech Radar. 

### How ? 
The team must be able to demonstrate that all the languages used exist in the Tech Radar under the status ADOPT or ON HOLD.
100% of my On Hold Technical Solutions are identified (Action Plan and Migration cost assessment)",Delete,#1-TR00-0OLUHTRA-f609126c,TRUE,TRUE,FALSE,TRUE,FALSE,TRUE,FALSE,GreenIT,"### Why 
As standardization provide better support, the product will be easier to maintain so it lasts longer and can adapt at scale. It avoid production of a new product.  
  
Production phase is the most consuming one.",,,,,,,,,,,,,Kristel MHANNA -CROIX-,Cyril GAMBIS -PARIS-,
DEV,Tech Radar,Level 2,B,Prefer Typescript for JS stacks,"### Why ?
TypeScript enhances code quality and maintainability by introducing static typing, which reduces runtime errors and improves developer productivity. It also fosters better collaboration through clear interfaces and strong tooling support. By standardizing on TypeScript, we ensure consistency, scalability, and long-term maintainability in our JavaScript stacks.

### What ?
We aim to ensure that all JavaScript-based projects prioritize TypeScript as the default choice, leveraging its benefits for reliability, scalability, and developer experience.

### How ?
All new JavaScript projects must default to TypeScript unless a strong, justified exception is provided.
Existing JavaScript projects should have a migration plan toward TypeScript, assessing feasibility and benefits.",Keep,1-TR00-DYUT0000,FALSE,FALSE,FALSE,TRUE,FALSE,FALSE,FALSE,,,,,,,,,,,,,,,,,
DEV,Tech Radar,Level 3,A,"100% of languages, frameworks, data engineering solutions (database, messaging, and cache solutions) used have the ring """"ADOPT"""" in the Tech Radar.","### Why ? 
Standardization helps us to be more efficient by providing better support on reduced scope of technical solutions, reduce risks by not using unwanted or unsecure solutions and accelerate at scale by developping product easily exportable and deployable (more compatible with everyone landscape). We aims to create synergy !

### What ?
We want to ensure that databases, messaging, cache solutions have the status ADOPT in the Tech Radar.

### How ? 
The team must be able to demonstrate that all databases, messaging, cache solutions used exist in the Tech Radar under the status ADOPT.",Keep,#2-TR00-0ODESDMA-8b5e0bd9,TRUE,TRUE,FALSE,TRUE,FALSE,TRUE,FALSE,GreenIT,"### Why 
As standardization provide better support, the product will be easier to maintain so it lasts longer and can adapt at scale. It avoid production of a new product.  
  
Production phase is the most consuming one.",,,,,,,,,,,,,,,
DEV,Tech Radar,Level 4,B,Do you use Typescript in strict mode ?,"### Why ?
The strict flag enables a wide range of type checking behavior that results in stronger guarantees of program correctness.
Turning this on is equivalent to enabling all of the strict mode family options.
You can then turn off individual strict mode family checks as needed.

Future versions of TypeScript may introduce additional stricter checking under this flag, so upgrades of TypeScript might result in new type errors in your program.
When appropriate and possible, a corresponding flag will be added to disable that behavior.

### What ?
The strict mode can either be set with the strict alias (CF: How section) or be incrementally added.
`strict` is an alias which represents the following list of flags:

allowUnreachableCode
allowUnusedLabels
alwaysStrict
exactOptionalPropertyTypes
noFallthroughCasesInSwitch
noImplicitAny
noImplicitOverride
noImplicitReturns
noImplicitThis
noPropertyAccessFromIndexSignature
noUncheckedIndexedAccess
noUnusedLocalsnoUnusedParameters
strictBindCallApply
strictFunctionTypes
strictNullChecks
strictPropertyInitialization
useUnknownInCatchVariables

### How ?
To enable the strict mode you have 2 options:
1 - [One Shot] In your project's tsconfig.json configuration file, set the compilerOptions `strict` value to true.
2 - [Iterative] In that same file manually add one at a time each options listed in the `What ?`section, compile your app with that new flag and fix any type error you might have.",Keep,#3-TR00-DYUTISM0,FALSE,FALSE,FALSE,TRUE,FALSE,FALSE,FALSE,,,,,,,,,,,,,,"Corentin VANSON -CROIX- 
Could you help us to field the ""documentation"" about typescript strict mode question ?",,,
DEV,Tech Radar,Level 4,A,Process to review dependencies obsolescence and/or relevance,"### Why ?
Software development changes very fast and it's very important to be up-to-date as much as possible in order to avoid security issues and be able to use latest features in a project. To be sure to be up-to-date, it's important to be able to monitor dependencies obsolescence.

### What ?
To fulfill this requirement, a process to review dependencies obsolescence must be implemented. It can be through the implementation of a dedicated tools like Renovate or Dependabot (check the company/tech radar compliancy).

### How ?
The team must be able to demonstrate that they have a process to review dependencies obsolescence.",Update,#4-Q000-PTRDOAR0,TRUE,TRUE,FALSE,TRUE,FALSE,TRUE,FALSE,GreenIT,"### Why ?  
Reducing obsolescence is one of Sustainable IT best pratice. That way you reinforce your product so it will last longer, being more efficient and secured for a long term use.",,,,,,,,,,,,"Proposition to add on FRONTEND AND BACKEND to begin rituals about 
process to review dependencies obsolescence and/or relevance
Remove renovate from the documentation,  
To fulfill this requirement, a process to review dependencies obsolescence must me implemented. It can be through the implementation of a dedicated tools like Snyk or Dependabot (check the company/tech radar compliancy).

""Depedancy management""
",,,
DEV,Reliability,Level 1,A,Graceful shutdown (no bad events when pod is terminating / rollout),"### Why ? 
To prevent data loss and service interruptions, for example: during pod termination or rollouts.

### What?
A controlled process allowing a graceful shutdown (no bad events when termination / rollout), for example: a pod to finish tasks and disconnect gracefully before termination.

### How ?
By using lifecycle hooks (e.g., preStop) and proper signal handling  (kill -1) within the application if it is not already managed by the framework.",Delete,#1-R000-GSNBEWPI-22f64c65,TRUE,FALSE,FALSE,TRUE,FALSE,TRUE,FALSE,,,Reliability,,,,,,,,,,,,Valentin MARTIN -CROIX-,,
DEV,Reliability,Level 1,B,"Relevant timeouts policy is set on my application, across components (APIM / app / partners)","### Why ?
To prevent cascading failures, resource exhaustion, and ensure a responsive user experience by limiting the time components wait for each other.

### What?
Establishing appropriate time limits for requests and connections between all involved systems (APIM, application, partners).

### How ?
Configuring timeout settings within each component's configuration, considering expected response times and potential network latency.",Change Level,#2-R000-RTPISOMA-7dbb0bf8,TRUE,FALSE,FALSE,TRUE,FALSE,TRUE,FALSE,,,Reliability,,,,,,,,,,,,Valentin MARTIN -CROIX-,,
DEV,Reliability,Level 3,A,Have a robust Retries policy / circuit breaker mechanism,"### Why? 
To improve system resilience and availability by automatically recovering from transient failures and preventing cascading failures when downstream services are unavailable.

### What? 
Implementing strategies to automatically re-attempt failed requests (retries) and stop sending requests to failing services for a period (circuit breaker).

### How?
 Utilizing libraries or frameworks that provide configurable retry policies (backoff, jitter) and circuit breaker patterns (open, closed, half-open states) within your application.",Change Level,#3-R000-HARRPCBM-a19be02d,TRUE,FALSE,FALSE,TRUE,FALSE,TRUE,FALSE,,,Reliability,,,,,,,,,,,,Valentin MARTIN -CROIX-,,
DEV,Reliability,Level 3,B,Implement idempotency mechanism whenever it’s relevant (if your clients use retries for example),"### Why ?
To prevent unintended side effects and data corruption when clients retry requests, ensuring an operation has the same effect no matter how many times it's executed.

### What ?
 Designing operations so that multiple identical requests produce the same outcome as a single request.

### How ?
One option may be to assign or use a natural (orderId, ...) unique identifiers to requests and checking if a request with the same ID has already been processed, returning the previous result instead of re-executing.",Change Level,#3-R000-IIMWIRIY-a5cb3fe0,TRUE,FALSE,FALSE,TRUE,FALSE,TRUE,FALSE,,,,,,,,,,,,,,,Valentin MARTIN -CROIX-,,
DEV,Reliability,Level 5,A,Relevant timeouts on the Global journey (with the other applications on the path),"### Why?
To prevent a single slow or unresponsive application in the chain from causing cascading delays or failures across the entire user flow.

### What? 
Defining appropriate maximum wait times for interactions between all applications involved in a complete user journey.

### How ?
Configuring timeouts at each integration point, considering the expected performance of each application and potential network latency within the overall path.",Keep,#4-R000-RTOTGJWT-88778f72,TRUE,FALSE,FALSE,TRUE,FALSE,TRUE,FALSE,,,,,,,,,,,,,,,Valentin MARTIN -CROIX-,,
DEV,Business & strategy,Level 1,A,Initiate or be aware of content in ML Design Doc Google doc.,"### What
Guideline / checklist for machine learning systems; it is not meant to be exhaustive. The intent of the design doc is to help you think better about the problem, design and solution and get feedback. Adopt whichever sections—and add new sections—to meet this goal.
### How
https://docs.google.com/document/d/1cjuA6BsRIMGjsIHjRaiST28R5z2SFtzjerqj_gsjMk0/edit?usp=sharing",Keep,#0-BS00-IOBAOCIM-3f67a1ee,FALSE,FALSE,FALSE,FALSE,TRUE,FALSE,FALSE,,,,,,,,,,,,,,,Corentin VASSEUR -CROIX-,,
DEV,Business & strategy,Level 1,B,"Ensure that the project, product in AI Radar / AI Inventory as json or markdown file.","### How
https://github.com/dktunited/ai-radar/tree/main
The process is automated if you are using v8.1.0 of ml code template. ",Keep,#0-BS00-ETTPPIAR-86db0e05,FALSE,FALSE,FALSE,FALSE,TRUE,FALSE,FALSE,,,,,,,,,,,,,,,Corentin VASSEUR -CROIX-,,
DEV,Business & strategy,Level 1,C,Describe the overview and business motivation of the project.,"### How
See ML Design Doc.",Keep,#0-BS00-DTOABMOT-436bd096,FALSE,FALSE,FALSE,FALSE,TRUE,FALSE,FALSE,,,,,,,,,,,,,,,Corentin VASSEUR -CROIX-,,
DEV,Business & strategy,Level 1,D,"Understand the need - Define the project: objectives, challenges, constraints, end users (planification)","### How
Involving stakeholders : individual interviews with requestiers, understanding the need in the organization and the project
### What
Business Analysis, Prroduct vision board, DSM Alignement
### Souce
https://docs.google.com/presentation/d/1odaNArmU7XlyoKRjNt_Ppwz7tZzgJ6tK63hzLsXNdi4/edit#slide=id.g1e96518207f_0_60",Keep,#0-BS00-UTNDTPOC-96ae844f,FALSE,FALSE,FALSE,FALSE,TRUE,FALSE,FALSE,,,,,,,,,,,,,,,Corentin VASSEUR -CROIX-,,
DEV,Business & strategy,Level 1,E,"Understand the need - Understanding user needs, constraints, context","### How 
Interveiw, focus group, observation, survey
### Deliverable
User research plan, interview, focus group, survey
### Souce ?
https://docs.google.com/presentation/d/1odaNArmU7XlyoKRjNt_Ppwz7tZzgJ6tK63hzLsXNdi4/edit#slide=id.g1e96518207f_0_60",Keep,#0-BS00-UTNUUNCC-9e7806ba,FALSE,FALSE,FALSE,FALSE,TRUE,FALSE,FALSE,GreenIT,"### Why  
Better understanding of the contexte and precise need of a user is a prerequisite to choose the more appropriate solution to implement.  
(one that fits user's need and consume just the right amount of ressources #lowTech)",,,,,,,,,,,,,Corentin VASSEUR -CROIX-,,
DEV,Business & strategy,Level 1,F,"Supervize the value creation and budget control of the product - I can model & test, define and follow the business model of my products or features.","### How
VAT (value assessemnt template can help): https://docs.google.com/spreadsheets/d/1BwHONrJiGUm4ha1-lret9YFe71VX0WyKDohB63378Is/edit?usp=drive_link",Keep,#0-BS00-STVCABCO-1cd16905,FALSE,FALSE,FALSE,FALSE,TRUE,FALSE,FALSE,,,,,,,,,,,,,,,Corentin VASSEUR -CROIX-,,
DEV,Business & strategy,Level 2,A,Define sucess metrics (business goals).,"### How 
See ML Design Doc.",Keep,#1-BS00-DSMBG000-727344a5,FALSE,FALSE,FALSE,FALSE,TRUE,FALSE,FALSE,,,,,,,,,,,,,,,Corentin VASSEUR -CROIX-,,
DEV,Business & strategy,Level 2,B,Detail the methodology of the project (scientific part),"### How
See ML Design Doc.",Keep,#1-BS00-DTMOTPSP-c812ad2b,FALSE,FALSE,FALSE,FALSE,TRUE,FALSE,FALSE,,,,,,,,,,,,,,,Corentin VASSEUR -CROIX-,,
DEV,Business & strategy,Level 2,C,"Understand the need - Identify data, Understand data quality, understand complexity (volume, location gold, insight, etc.)","### How
Meeting with data owners and analytics engineer if necessary
### Deliverable
Metting + notes report
### Souce
https://docs.google.com/presentation/d/1odaNArmU7XlyoKRjNt_Ppwz7tZzgJ6tK63hzLsXNdi4/edit#slide=id.g1e96518207f_0_60",Keep,#1-BS00-UTNIDUDQ-1f1578e3,FALSE,FALSE,FALSE,FALSE,TRUE,FALSE,FALSE,,,,,,,,,,,,,,,Corentin VASSEUR -CROIX-,,
DEV,Business & strategy,Level 2,D,Descibe data sources used.,"### What
Enumerate the required data, their functional domain, and storage location.
### How 
Conluence and/or ML Design Doc",Keep,#1-BS00-DDSU0000-77d05cbe,FALSE,FALSE,FALSE,FALSE,TRUE,FALSE,FALSE,,,,,,,,,,,,,,,Corentin VASSEUR -CROIX-,,
DEV,Business & strategy,Level 2,E,Design the product -Transforming collected data into ideas and design solutions,"### How 
Co-designing workshops
### Deliverable
Brainstorming, personnas, flow charts (tasks flow, user flow, wireframe, design flow), Experience map
### Souce
https://docs.google.com/presentation/d/1odaNArmU7XlyoKRjNt_Ppwz7tZzgJ6tK63hzLsXNdi4/edit#slide=id.g1e96518207f_0_60",Keep,#1-BS00-DTPTCDII-ffadc382,FALSE,FALSE,FALSE,FALSE,TRUE,FALSE,FALSE,,,,,,,,,,,,,,,Corentin VASSEUR -CROIX-,,
DEV,Business & strategy,Level 2,F,Design the product - Find the most relevant data in order to create the best product. If necessary create the missing data,"### How
Finding ressources, data modeling and preparation, data quality assessment
### Deliverables 
Workshop with DE, AE an/or data orwner in order to get the data necessary for the end product
### Souce
https://docs.google.com/presentation/d/1odaNArmU7XlyoKRjNt_Ppwz7tZzgJ6tK63hzLsXNdi4/edit#slide=id.g1e96518207f_0_60",Keep,#1-BS00-DTPFTMRD-4881d3e3,FALSE,FALSE,FALSE,FALSE,TRUE,FALSE,FALSE,GreenIT,"### Why  
Having relevant data avoid having sleeping data that consume ressources without creating value",,,,,,,,,,,,,Corentin VASSEUR -CROIX-,,
DEV,Business & strategy,Level 2,G,Plan regular update of each AI Maturity Matrix pillars ,"### When
Every month or quarter.",Keep,#1-BS00-PRUOEAMM-332803be,FALSE,FALSE,FALSE,FALSE,TRUE,FALSE,FALSE,,,,,,,,,,,,,,,Corentin VASSEUR -CROIX-,,
DEV,Business & strategy,Level 2,H,"Budget (build, run, infra) definition for my project.","### How 
Monitor infrastructure and ressources needed to estimate the ROI of the project.",Keep,#1-BS00-BBRIDFMP-07bd2d87,FALSE,FALSE,FALSE,FALSE,TRUE,FALSE,FALSE,GreenIT,"### Why  
FinOps open the GreenOps scope, avoiding to consume ressources on useless periods ",,,,,,,,,,,,,Corentin VASSEUR -CROIX-,,
DEV,Business & strategy,Level 2,I,Monitor infrastructure budget of my experimentation of project,"### How 
Report biling Tableau (FinOps).
https://prod-uk-a.online.tableau.com/#/site/dktunited/views/ReportBilling_17031560490270/ReportBilling?:iid=1",Keep,#1-BS00-MIBOMEOP-7e82cb0c,FALSE,FALSE,FALSE,FALSE,TRUE,FALSE,FALSE,,,,,,,,,,,,,,,Corentin VASSEUR -CROIX-,,
DEV,Business & strategy,Level 2,J,Supervize the value creation and budget control of the product - I make budget forecasts & negotiate budgets.,TBD,Keep,#1-BS00-STVCABCO-924887c1,FALSE,FALSE,FALSE,FALSE,TRUE,FALSE,FALSE,,,,,,,,,,,,,,,Corentin VASSEUR -CROIX-,,
DEV,Business & strategy,Level 2,K,Listen to user needs and ensure continuous improvement of the product - I organize and prioritize the user research backlog,TBD,Keep,#1-BS00-LTUNAECI-c7fa01a0,FALSE,FALSE,FALSE,FALSE,TRUE,FALSE,FALSE,,,,,,,,,,,,,,,Corentin VASSEUR -CROIX-,,
DEV,Business & strategy,Level 2,L,Listen to user needs and ensure continuous improvement of the product - I synthesize the results of the experiments and deduce the solution choices,TBD,Keep,#1-BS00-LTUNAECI-aef3b67d,FALSE,FALSE,FALSE,FALSE,TRUE,FALSE,FALSE,GreenIT,"### Why  
Doing so, I avoid unecessary features that consume ressources without creating value.",,,,,,,,,,,,,Corentin VASSEUR -CROIX-,,
DEV,Business & strategy,Level 2,M,"Define the product vision and strategy - I provide transparency and communicate the Product vision to stakeholders (formalize the vision, Objectivey the impacts and communicate)",TBD,Keep,#1-BS00-DTPVASIP-b7f0e63b,FALSE,FALSE,FALSE,FALSE,TRUE,FALSE,FALSE,,,,,,,,,,,,,,,Corentin VASSEUR -CROIX-,,
DEV,Business & strategy,Level 2,N,"Define the product vision and strategy - I know how to co-construct my KR at the quarter with my team, and I animate them regularly (on a weekly basis ideally)",TBD,Keep,#1-BS00-DTPVASIK-6a6db9bf,FALSE,FALSE,FALSE,FALSE,TRUE,FALSE,FALSE,,,,,,,,,,,,,,,Corentin VASSEUR -CROIX-,,
DEV,Business & strategy,Level 2,O,Match the vision according to the positioning of the Product on the market - I perform competitive benchmarks,TBD,Keep,#1-BS00-MTVATTPO-4a897256,FALSE,FALSE,FALSE,FALSE,TRUE,FALSE,FALSE,,,,,,,,,,,,,,,Corentin VASSEUR -CROIX-,,
DEV,Business & strategy,Level 3,A,"Describe the solution implementation (e.g. high level design, infrastructure, data privacy, monitoring, alerts, cost estimation)","### How 
ML Design Doc / solution architecture / c4model. See example in AI Framework.",Keep,#2-BS00-DTSIEHLD-72fb5729,FALSE,FALSE,FALSE,FALSE,TRUE,FALSE,FALSE,,,,,,,,,,,,,,,Corentin VASSEUR -CROIX-,,
DEV,Business & strategy,Level 3,B,A technical design review (TDR) has been conducted and a clear architecture of the AI system is defined.,"### How
Schedule TDR with data platform team.",Keep,#2-BS00-ATDRTHBC-b48942f3,FALSE,FALSE,FALSE,FALSE,TRUE,FALSE,FALSE,,,,,,,,,,,,,,,Corentin VASSEUR -CROIX-,,
DEV,Business & strategy,Level 3,C,Desgin the product - Designing mockup of prototype.,"### How to 
Based on the previous work, build the prototype closest to the final product, knowing which approach to take MVP or not
### Deliverable
Prototype, Kickoff meeting, slides deck
### Souce ?
https://docs.google.com/presentation/d/1odaNArmU7XlyoKRjNt_Ppwz7tZzgJ6tK63hzLsXNdi4/edit#slide=id.g1e96518207f_0_60",Keep,#2-BS00-DTPDMOP0-7fc47a96,FALSE,FALSE,FALSE,FALSE,TRUE,FALSE,FALSE,,,,,,,,,,,,,,,Corentin VASSEUR -CROIX-,,
DEV,Business & strategy,Level 3,D,"Define the product vision and strategy - I co-construct the vision of the Product with the different teams involved on an ongoing basis (modus operandi to be followed, types of workshops, participants to be invited, deliverables, feedback templates etc.)",TBD,Keep,#2-BS00-DTPVASIC-552e3545,FALSE,FALSE,FALSE,FALSE,TRUE,FALSE,FALSE,,,,,,,,,,,,,,,Corentin VASSEUR -CROIX-,,
DEV,Business & strategy,Level 3,E,"Define the product vision and strategy - I define the short, medium and long term steps in the service of the product vision (Outcome Based Product Roadmap)",TBD,Keep,#2-BS00-DTPVASID-769cd054,FALSE,FALSE,FALSE,FALSE,TRUE,FALSE,FALSE,,,,,,,,,,,,,,,Corentin VASSEUR -CROIX-,,
DEV,Business & strategy,Level 3,F,Define the product vision and strategy - I use the Vision to adjust the strategic axes on a daily basis,TBD,Keep,#2-BS00-DTPVASIU-a79bfadd,FALSE,FALSE,FALSE,FALSE,TRUE,FALSE,FALSE,,,,,,,,,,,,,,,Corentin VASSEUR -CROIX-,,
DEV,Business & strategy,Level 3,G,Define the product vision and strategy - I help the organization to translate its strategic objectives into SMART tactical objectives in the product roadmap ,TBD,Keep,#2-BS00-DTPVASIH-ee10ed8f,FALSE,FALSE,FALSE,FALSE,TRUE,FALSE,FALSE,,,,,,,,,,,,,,,Corentin VASSEUR -CROIX-,,
DEV,Business & strategy,Level 3,H,"Match the vision according to the positioning of the Product on the market - I conduct the necessary market studies (launch, product pivot or major functionalities)",TBD,Keep,#2-BS00-MTVATTPO-2e9b290b,FALSE,FALSE,FALSE,FALSE,TRUE,FALSE,FALSE,,,,,,,,,,,,,,,Corentin VASSEUR -CROIX-,,
DEV,Business & strategy,Level 3,I,Match the vision according to the positioning of the Product on the market - I can identify my customer/user segments,TBD,Keep,#2-BS00-MTVATTPO-baa67d4c,FALSE,FALSE,FALSE,FALSE,TRUE,FALSE,FALSE,,,,,,,,,,,,,,,Corentin VASSEUR -CROIX-,,
DEV,Business & strategy,Level 3,J,Match the vision according to the positioning of the Product on the market - I build new offers or new products,TBD,Keep,#2-BS00-MTVATTPO-dc0e67a9,FALSE,FALSE,FALSE,FALSE,TRUE,FALSE,FALSE,,,,,,,,,,,,,,,Corentin VASSEUR -CROIX-,,
DEV,Business & strategy,Level 3,K,Determine the pricing of offers (know different product pricing techniques / model and test pricing hypotheses),TBD,Keep,#2-BS00-DTPOOKDP-1682f1f7,FALSE,FALSE,FALSE,FALSE,TRUE,FALSE,FALSE,,,,,,,,,,,,,,,Corentin VASSEUR -CROIX-,,
DEV,Business & strategy,Level 3,L,Listen to user needs and ensure continuous improvement of the product - I segment the uses made of the product,TBD,Keep,#2-BS00-LTUNAECI-234c7647,FALSE,FALSE,FALSE,FALSE,TRUE,FALSE,FALSE,,,,,,,,,,,,,,,Corentin VASSEUR -CROIX-,,
DEV,Business & strategy,Level 4,A,Risk & compliance review.,"### How 
Risk matrix not defined ",Keep,#3-BS00-RCR00000-8c1b3fdd,FALSE,FALSE,FALSE,FALSE,TRUE,FALSE,FALSE,,,,,,,,,,,,,,,Corentin VASSEUR -CROIX-,,
DEV,Business & strategy,Level 4,B,"Start to define KPI in line Group AI policy (e.g. disparate impact, pdp, etc.)","### How 
An example here : TODO",Keep,#3-BS00-STDKILGA-8521fd60,FALSE,FALSE,FALSE,FALSE,TRUE,FALSE,FALSE,,,,,,,,,,,,,,,Corentin VASSEUR -CROIX-,,
DEV,Business & strategy,Level 4,C,Calculate and monitor the AI product value (€),"### How 
ML Design Doc",Keep,#3-BS00-CAMTAPV0-37e8a7a5,FALSE,FALSE,FALSE,FALSE,TRUE,FALSE,FALSE,,,,,,,,,,,,,,,Corentin VASSEUR -CROIX-,,
DEV,Business & strategy,Level 4,D,Define and describre a human-in-the-loop strategy / user feedback.,"### How 
ML Design Doc",Keep,#3-BS00-DADAHSUF-d801f278,FALSE,FALSE,FALSE,FALSE,TRUE,FALSE,FALSE,,,,,,,,,,,,,,,Corentin VASSEUR -CROIX-,,
DEV,Business & strategy,Level 4,E,"Listen to user needs and ensure continuous improvement of the product - I maintain the user research deliverables: Personas, Journey Map, experimentation synthesis, mock-ups, ...",TBD,Keep,#3-BS00-LTUNAECI-cc36a3ef,FALSE,FALSE,FALSE,FALSE,TRUE,FALSE,FALSE,,,,,,,,,,,,,,,Corentin VASSEUR -CROIX-,,
DEV,Business & strategy,Level 4,F,"Explore solution hypothesis in a cost-effective and timely manner - I choose and prioritize the solution derisking methods adapted to each case (AB test, mock-ups, prototypes, ...)",TBD,Keep,#3-BS00-ESHIACAT-d743e848,FALSE,FALSE,FALSE,FALSE,TRUE,FALSE,FALSE,,,,,,,,,,,,,,,Corentin VASSEUR -CROIX-,,
DEV,Business & strategy,Level 4,G,Explore solution hypothesis in a cost-effective and timely manner - I co-define the user research with the UX designers and researchers,TBD,Keep,#3-BS00-ESHIACAT-e32d1264,FALSE,FALSE,FALSE,FALSE,TRUE,FALSE,FALSE,,,,,,,,,,,,,,,Corentin VASSEUR -CROIX-,,
DEV,Business & strategy,Level 4,H,"Collaborate with Designers to guide their work in designing the Product - I know how to choose between different user research methods adapted to each case (interviews, focus groups, etc.)",TBD,Keep,#3-BS00-CWDTGTWI-cec74a6d,FALSE,FALSE,FALSE,FALSE,TRUE,FALSE,FALSE,,,,,,,,,,,,,,,Corentin VASSEUR -CROIX-,,
DEV,Business & strategy,Level 5,A,Ongoing audits (external),"### How 
An example here : TODO",Keep,#4-BS00-OAE00000-d00c0a9b,FALSE,FALSE,FALSE,FALSE,TRUE,FALSE,FALSE,,,,,,,,,,,,,,,Corentin VASSEUR -CROIX-,,
DEV,Delivery,Level 1,A,"Prioritise and plan the evolution and development of the Product - I organize a backlog (Features, Epics, US, tasks etc.).",TBD,Keep,#0-D000-PAPTEADO-f5896c8f,FALSE,FALSE,FALSE,FALSE,TRUE,FALSE,FALSE,,,,,,,,,,,,,,,Corentin VASSEUR -CROIX-,,
DEV,Delivery,Level 2,A,Prioritise and plan the evolution and development of the Product - I organize a backlog taking into account roadmaps and release plans.,TBD,Keep,#1-D000-PAPTEADO-0647434a,FALSE,FALSE,FALSE,FALSE,TRUE,FALSE,FALSE,,,,,,,,,,,,,,,Corentin VASSEUR -CROIX-,,
DEV,Delivery,Level 2,B,Prioritise and plan the evolution and development of the Product - I can write a functional document for my features/products,TBD,Keep,#1-D000-PAPTEADO-9027b4e6,FALSE,FALSE,FALSE,FALSE,TRUE,FALSE,FALSE,,,,,,,,,,,,,,,Corentin VASSEUR -CROIX-,,
DEV,Delivery,Level 2,C,Prioritise and plan the evolution and development of the Product - I understand and know how to discuss technical choices,TBD,Keep,#1-D000-PAPTEADO-c9ecd769,FALSE,FALSE,FALSE,FALSE,TRUE,FALSE,FALSE,,,,,,,,,,,,,,,Corentin VASSEUR -CROIX-,,
DEV,Delivery,Level 2,D,Prioritise and plan the evolution and development of the Product - I understand and know how to discuss costings,TBD,Keep,#1-D000-PAPTEADO-c31a3098,FALSE,FALSE,FALSE,FALSE,TRUE,FALSE,FALSE,,,,,,,,,,,,,,,Corentin VASSEUR -CROIX-,,
DEV,Delivery,Level 2,E,"Guarantee the quality of the product, its safety and its DRP - I ensure the protection of my product's data",TBD,Keep,#1-D000-GTQOTPIS-002369eb,FALSE,FALSE,FALSE,FALSE,TRUE,FALSE,FALSE,,,,,,,,,,,,,,,Corentin VASSEUR -CROIX-,,
DEV,Delivery,Level 3,A,"Have a multi skills Team (e.g. DE, DS, MLE, Ops)","### How
See Role section in AI Framework (https://ai-framework.decathlon.net/)",Keep,#2-D000-HAMSTEDD-a64156dc,FALSE,FALSE,FALSE,FALSE,TRUE,FALSE,FALSE,,,,,,,,,,,,,,,Corentin VASSEUR -CROIX-,,
DEV,Delivery,Level 3,B,Prioritise and plan the evolution and development of the Product - I plan future developments in the short term (6 weeks) and medium term (3 months),TBD,Keep,#2-D000-PAPTEADO-978e24dc,FALSE,FALSE,FALSE,FALSE,TRUE,FALSE,FALSE,,,,,,,,,,,,,,,Corentin VASSEUR -CROIX-,,
DEV,Delivery,Level 3,C,Prioritise and plan the evolution and development of the Product - I know how to frame the features and their desired impact,TBD,Keep,#2-D000-PAPTEADO-a6a017ef,FALSE,FALSE,FALSE,FALSE,TRUE,FALSE,FALSE,,,,,,,,,,,,,,,Corentin VASSEUR -CROIX-,,
DEV,Delivery,Level 3,D,Prioritise and plan the evolution and development of the Product -I lead the writing of user stories and guarantee their functional consistency,TBD,Keep,#2-D000-PAPTEADO-df32f719,FALSE,FALSE,FALSE,FALSE,TRUE,FALSE,FALSE,,,,,,,,,,,,,,,Corentin VASSEUR -CROIX-,,
DEV,Delivery,Level 3,E,Prioritise and plan the evolution and development of the Product - I ensure collaboration with other teams in order to manage dependencies and adhesions,TBD,Keep,#2-D000-PAPTEADO-867221a4,FALSE,FALSE,FALSE,FALSE,TRUE,FALSE,FALSE,,,,,,,,,,,,,,,Corentin VASSEUR -CROIX-,,
DEV,Delivery,Level 3,F,"Guarantee the quality of the product, its safety and its DRP - I systematically validate the quality of the delivered functionalities",TBD,Keep,#2-D000-GTQOTPIS-39076eae,FALSE,FALSE,FALSE,FALSE,TRUE,FALSE,FALSE,,,,,,,,,,,,,,,Corentin VASSEUR -CROIX-,,
DEV,Delivery,Level 3,G,"Communicate the past and future progress of the Product, both externally and internally to the team - I maintain periodic Sprint Reviews open to stakeholders",TBD,Keep,#2-D000-CTPAFPOT-75dd8b39,FALSE,FALSE,FALSE,FALSE,TRUE,FALSE,FALSE,,,,,,,,,,,,,,,Corentin VASSEUR -CROIX-,,
DEV,Delivery,Level 3,H,"Communicate the past and future progress of the Product, both externally and internally to the team - I conduct a roadmapping, prioritization or storymapping workshop","### How
Product vision board
### Source
https://docs.google.com/presentation/d/1odaNArmU7XlyoKRjNt_Ppwz7tZzgJ6tK63hzLsXNdi4/edit#slide=id.g29164bcac97_1_159",Keep,#2-D000-CTPAFPOT-defb6f29,FALSE,FALSE,FALSE,FALSE,TRUE,FALSE,FALSE,,,,,,,,,,,,,,,Corentin VASSEUR -CROIX-,,
DEV,Delivery,Level 3,A,Define and supervise the key success data of the Product - Define and implement team and product success metrics,TBD,Keep,#2-D000-DASTKSDO-948275fc,FALSE,FALSE,FALSE,FALSE,TRUE,FALSE,FALSE,,,,,,,,,,,,,,,Corentin VASSEUR -CROIX-,,
DEV,Delivery,Level 4,A,"Prioritise and plan the evolution and development of the Product - I prioritize the backlog by integrating the notion of value for the user, and I know prioritization techniques (MOSCOW, ROI, ROE, RICE, WSJF, KANO etc.)",TBD,Keep,#3-D000-PAPTEADO-5d844097,FALSE,FALSE,FALSE,FALSE,TRUE,FALSE,FALSE,,,,,,,,,,,,,,,Corentin VASSEUR -CROIX-,,
DEV,Delivery,Level 4,B,"Guarantee the quality of the product, its safety and its DRP - I prioritize bugs and monitor the technical and functional debt",TBD,Keep,#3-D000-GTQOTPIS-7da6ea7f,FALSE,FALSE,FALSE,FALSE,TRUE,FALSE,FALSE,,,,,,,,,,,,,,,Corentin VASSEUR -CROIX-,,
DEV,Delivery,Level 4,C,"Guarantee the quality of the product, its safety and its DRP - I take into account the technical tasks and integrate them into the prioritization","### How
Check with the PM",Keep,#3-D000-GTQOTPIS-94d7212e,FALSE,FALSE,FALSE,FALSE,TRUE,FALSE,FALSE,,,,,,,,,,,,,,,Corentin VASSEUR -CROIX-,,
DEV,Delivery,Level 4,D,"Guarantee the quality of the product, its safety and its DRP - I define and manage the product's operational excellence commitments","### How
Check with the PM",Keep,#3-D000-GTQOTPIS-e3100e26,FALSE,FALSE,FALSE,FALSE,TRUE,FALSE,FALSE,,,,,,,,,,,,,,,Corentin VASSEUR -CROIX-,,
DEV,Delivery,Level 4,E,"Communicate the past and future progress of the Product, both externally and internally to the team - I communicate on the roadmap and its progress inside and outside the team (via Release Notes)",TBD,Keep,#3-D000-CTPAFPOT-7ec4cea1,FALSE,FALSE,FALSE,FALSE,TRUE,FALSE,FALSE,,,,,,,,,,,,,,,Corentin VASSEUR -CROIX-,,
DEV,Delivery,Level 4,F,Define and supervise the key success data of the Product - Track and monitor the right indicators for my product (e.g. traffic),TBD,Keep,#3-D000-DASTKSDO-0d46ee5e,FALSE,FALSE,FALSE,FALSE,TRUE,FALSE,FALSE,,,,,,,,,,,,,,,Corentin VASSEUR -CROIX-,,
DEV,Delivery,Level 4,G,"Define and supervise the key success data of the Product - I know how to build relevant dashboards adapted to the audience (Codir, Product Team etc.).",TBD,Keep,#3-D000-DASTKSDO-d0af3dcc,FALSE,FALSE,FALSE,FALSE,TRUE,FALSE,FALSE,,,,,,,,,,,,,,,Corentin VASSEUR -CROIX-,,
DEV,Delivery,Level 5,A,Define and supervise the key success data of the Product - I have advanced Dataviz (mastery of dedicated tools).,TBD,Keep,#4-D000-DASTKSDO-54550bb7,FALSE,FALSE,FALSE,FALSE,TRUE,FALSE,FALSE,,,,,,,,,,,,,,,Corentin VASSEUR -CROIX-,,
DEV,Delivery,Level 5,B,Know and improve user engagement paths - I know how to calculate the LTV (Life time value) of my users,"### How
Check with the PM",Keep,#4-D000-KAIUEPIK-845354b4,FALSE,FALSE,FALSE,FALSE,TRUE,FALSE,FALSE,,,,,,,,,,,,,,,Corentin VASSEUR -CROIX-,,
DEV,Delivery,Level 5,C,Know and improve user engagement paths - I know how to identify the parts of my engagement journey that need improvement,"### How
Check with the PM",Keep,#4-D000-KAIUEPIK-157cc20e,FALSE,FALSE,FALSE,FALSE,TRUE,FALSE,FALSE,,,,,,,,,,,,,,,Corentin VASSEUR -CROIX-,,
DEV,Documentation,Level 1,A,Data definition (what features are used in an ML model and what these features mean) is documented.,"### What
Established structured notations like ""datasheets for datasets"" are recommended here. Yes, with structured datasheets, including detailed information on: data handling, data collector, data collection method
### How 
Sphinx documentation or github (in addition to confluence). ",Keep,#0-D000-DDWFAUIA-1b230947,FALSE,FALSE,FALSE,FALSE,TRUE,FALSE,FALSE,,,,,,,,,,,,,,,Corentin VASSEUR -CROIX-,,
DEV,Documentation,Level 1,B,"Create comprehensive documentation outlining the project's goals, methodologies, and results.","### What 
 Develop detailed documentation that covers the project's objectives, the methodologies employed, and the results achieved. 
 ### Why 
 To provide a clear and comprehensive understanding of the project for stakeholders, facilitate knowledge transfer, and ensure transparency. 
 ### How 
 Use tools like Markdown, Google Docs (cf. ML Design Doc), or Confluence to structure the documentation. Include sections for project goals, detailed methodologies (data gathering, analysis, modeling), and results (key findings, metrics, visualizations). Ensure that the documentation is well-organized and easy to navigate.",Keep,#0-D000-CCDOTPGM-3888b023,FALSE,FALSE,FALSE,FALSE,TRUE,FALSE,FALSE,,,,,,,,,,,,,,,Corentin VASSEUR -CROIX-,,
DEV,Documentation,Level 2,A,"Steps of gathering, analyzing and cleaning data including motivation for each step should be documented (e.g. part of EDA)","### What 
 Document the steps involved in data gathering, analysis, and cleaning, providing the rationale for each step. 
 ### Why 
 To ensure reproducibility, transparency, and to provide context for the data preparation process, which is crucial for understanding the foundation of the analysis and modeling efforts. 
 ### How 
 Use tools like Jupyter Notebooks or a shared documentation platform to describe each step of the data preparation process. Include motivations, methods used, and any challenges encountered. Use visual aids like charts and graphs to illustrate data cleaning and EDA processes.
Markdown file or Sphinx documentation in github repository",Keep,#1-D000-SOGAACDI-b64b43af,FALSE,FALSE,FALSE,FALSE,TRUE,FALSE,FALSE,,,,,,,,,,,,,,,Corentin VASSEUR -CROIX-,,
DEV,Documentation,Level 2,C,"Choice of machine learning model is documented and justified (e.g. model tested, metrics used, etc.).","### What 
 Document the selection process for the machine learning model, including the models tested and the metrics used for evaluation. 
 ### Why 
 To provide a rationale for the chosen model, demonstrating that the selection was based on systematic testing and evaluation, which helps in building trust and understanding among stakeholders. 
 ### How 
 Create a detailed report or section in your documentation that lists all the models considered, the evaluation metrics used (e.g., accuracy, precision, recall, F1 score), and the results of the comparisons. Justify the final choice based on these results, and include visual comparisons like performance graphs or tables.
Slides, Notebooks or documented in Sphinx technical documentation, an example here:
https://fictional-adventure-woglmk1.pages.github.io/final_report.html",Keep,#1-D000-COMLMIDA-fbcb92a5,FALSE,FALSE,FALSE,FALSE,TRUE,FALSE,FALSE,,,,,,,,,,,,,,,Corentin VASSEUR -CROIX-,,
DEV,Documentation,Level 3,A,Document data pipeline.,"### What 
 Provide comprehensive documentation for the data pipeline, detailing each stage of the process. 
 ### Why 
 To ensure clear understanding, facilitate maintenance, and enable efficient troubleshooting and updates. 
 ### How 
 Use documentation tools like Markdown, Sphinx
Draw a diagram of steps in the data pipeline and their dependencies. Describe what append in each steps. Solution architecture can help.",Keep,#2-D000-DDP00000-c3457df5,FALSE,FALSE,FALSE,FALSE,TRUE,FALSE,FALSE,,,,,,,,,,,,,,,Corentin VASSEUR -CROIX-,,
DEV,Documentation,Level 3,B,Schedule regularly update of data definition or define checklist at each release (what features are used in an ML model and what these features mean).,"### What 
 Regularly update data definitions and maintain a checklist for each release that includes details on the features used in an ML model and their meanings. 
 ### Why 
 To ensure data consistency, improve model transparency, and facilitate communication among team members. 
 ### How 
 Establish a schedule for reviewing and updating data definitions. Create a checklist template to document features, their descriptions, and any changes for each release. Store these documents in a shared repository like Confluence or GitHub.
Ritual meeting or check when module is release",Keep,#2-D000-SRUODDOD-13cb3ec6,FALSE,FALSE,FALSE,FALSE,TRUE,FALSE,FALSE,,,,,,,,,,,,,,,Corentin VASSEUR -CROIX-,,
DEV,Documentation,Level 3,C,Generate detailed and organized code documentation using the documentation tool.,"### What 
 Produce detailed and well-organized documentation for the codebase using a documentation tool. 
 ### Why 
 To enhance code readability, facilitate onboarding of new developers, and improve overall project maintainability. 
 ### How 
 Use tools like Sphinx, or MkDocs to generate documentation. Ensure that comments and docstrings are comprehensive and up-to-date. Regularly update the documentation as the code evolves and publish it in a centralized location.",Keep,#2-D000-GDAOCDUT-e5dc011e,FALSE,FALSE,FALSE,FALSE,TRUE,FALSE,FALSE,,,,,,,,,,,,,,,Corentin VASSEUR -CROIX-,,
DEV,Documentation,Level 3,D,Design and document the overall architecture of the AI solution to ensure clarity and maintainability.,"### What 
 Create and maintain documentation of the overall architecture of the AI solution, outlining its components and their interactions. 
 ### Why 
 To provide a clear blueprint of the system for developers, stakeholders, and maintenance teams, ensuring ease of understanding and modification. 
 ### How 
 Use architectural diagram tools like Draw.io to visualize the architecture. Document each component's purpose, interactions, and data flow. Store the documentation in an accessible repository.
Solution Architecture example.",Keep,#2-D000-DADTOAOT-76079b88,FALSE,FALSE,FALSE,FALSE,TRUE,FALSE,FALSE,,,,,,,,,,,,,,,Corentin VASSEUR -CROIX-,,
DEV,Documentation,Level 4,A,Document and history report of meeting about technical choose (for modeling and deployment).,"### What 
 Maintain records and reports of meetings focused on technical decisions related to modeling and deployment. 
 ### Why 
 To ensure transparency, provide a historical reference, and facilitate informed decision-making in future developments. 
 ### How 
 Record meeting minutes and decisions using tools like Confluence or Google Docs. Include details on attendees, topics discussed, decisions made, and action items. Organize and store these documents chronologically.",Keep,#3-D000-DAHROMAT-91bce7d9,FALSE,FALSE,FALSE,FALSE,TRUE,FALSE,FALSE,,,,,,,,,,,,,,,Corentin VASSEUR -CROIX-,,
DEV,Documentation,Level 4,B,Share limits and fairness of each model release.,"### What 
 Provide documentation on the limitations and fairness considerations for each model release. 
 ### Why 
 To promote transparency, ensure ethical AI practices, and inform stakeholders about potential biases and limitations. 
 ### How 
 Include sections in the model documentation that discuss known limitations, fairness assessments, and any bias mitigation steps taken. Use tools like Markdown or Jupyter Notebooks to format and share these reports.",Keep,#3-D000-SLAFOEMR-cdca2c84,FALSE,FALSE,FALSE,FALSE,TRUE,FALSE,FALSE,,,,,,,,,,,,,,,Corentin VASSEUR -CROIX-,,
DEV,Documentation,Level 5,A,Document possible improvment can be done but not tested or integrated in the system yet.,"### What 
 List and describe potential improvements that have been identified but not yet tested or integrated. 
 ### Why 
 To keep track of enhancement ideas for future development and provide a roadmap for ongoing improvement. 
 ### How 
 Create a backlog or roadmap document using tools like Jira, or a shared document. Detail each potential improvement, including its expected benefits and any preliminary considerations.
Confluence and/or sphinx documentation",Keep,#4-D000-DPICBDBN-dc878681,FALSE,FALSE,FALSE,FALSE,TRUE,FALSE,FALSE,,,,,,,,,,,,,,,Corentin VASSEUR -CROIX-,,
DEV,Documentation,Level 5,B,Bias report has been conducted and available (ex. wiki or confluence).,"### What 
 Conduct and make available a bias report for the AI models. 
 ### Why 
 To identify, document, and address any biases in the models, ensuring ethical AI practices and building trust with users. 
 ### How 
 Perform bias analysis using tools like Fairness Indicators or Aequitas. Document the findings and mitigation steps in a report. Publish the report on platforms like Confluence or a project wiki for easy access.",Keep,#4-D000-BRHBCAAE-8320f34a,FALSE,FALSE,FALSE,FALSE,TRUE,FALSE,FALSE,,,,,,,,,,,,,,,Corentin VASSEUR -CROIX-,,
DEV,Documentation,Level 5,C,An interface with details about the AI system/application and the decision-making process is available and the AI application is globally interpretable.,"### What 
 An interface should provide comprehensive details about the AI system, including its decision-making process, ensuring the application is globally interpretable. 
 ### Why 
 To enhance transparency, build trust with users, and ensure compliance with regulatory and ethical standards. 
 ### How 
 Develop a user-friendly interface that explains the AI system's functionality, decision-making criteria, and provides visualizations of how decisions are made. Use frameworks like LIME or SHAP to support interpretability.",Keep,#4-D000-AIWDATAS-ff449253,FALSE,FALSE,FALSE,FALSE,TRUE,FALSE,FALSE,,,,,,,,,,,,,,,Corentin VASSEUR -CROIX-,,
DEV,Model Management,Level 1,A,"Use standard methodology of common data science project (e.g. descriptive analysis, eda, modeling, iterative, etc.).","### What 
 Follow standard methodologies for data science projects, including descriptive analysis, exploratory data analysis (EDA), modeling, and iterative development. 
 ### Why 
 To ensure a structured, systematic approach that improves the quality and reliability of data science projects. 
 ### How 
 Implement a project workflow that includes steps for data collection, cleaning, EDA, model selection, training, evaluation, and iteration. Use tools like Jupyter Notebooks for documentation and analysis.",Keep,#0-MM00-USMOCDSP-12cea5d0,FALSE,FALSE,FALSE,FALSE,TRUE,FALSE,FALSE,,,,,,,,,,,,,,,Corentin VASSEUR -CROIX-,,
DEV,Model Management,Level 1,B,"Estimate performance of your model on train, validation, test sets with appropriate metrics.","### What 
 Evaluate the performance of the machine learning model on training, validation, and test sets using relevant metrics. 
 ### Why 
 To assess the model's accuracy, generalization ability, and potential overfitting, ensuring it meets performance expectations. 
 ### How 
 Split the dataset into training, validation, and test sets. Use metrics such as accuracy, precision, recall, F1 score, ROC-AUC, and others appropriate for the problem. Document the results and compare performance across different sets.",Keep,#0-MM00-EPOYMOTV-0bd57d87,FALSE,FALSE,FALSE,FALSE,TRUE,FALSE,FALSE,,,,,,,,,,,,,,,Corentin VASSEUR -CROIX-,,
DEV,Model Management,Level 2,A,Determine key performance indicators (KPIs or metrics) to measure success.,"### What 
 Identify and define the key performance indicators (KPIs) or metrics that will be used to measure the success of the AI project. 
 ### Why 
 To provide clear, quantifiable goals that align with business objectives and allow for consistent performance tracking. 
 ### How 
 Work with stakeholders to determine relevant KPIs. These might include metrics like accuracy, precision, recall, F1 score for classification tasks, or RMSE, MAE for regression tasks. Ensure these metrics are documented and agreed upon by all parties.",Keep,#1-MM00-DKPIKOMT-20799280,FALSE,FALSE,FALSE,FALSE,TRUE,FALSE,FALSE,,,,,,,,,,,,,,,Corentin VASSEUR -CROIX-,,
DEV,Model Management,Level 2,B,Set a performance baseline to measure the effectiveness and improvements of machine learning models.,"### What 
 Establish a baseline performance metric that represents the minimum acceptable performance level for the machine learning model. 
 ### Why 
 To have a reference point for evaluating the effectiveness of new models and improvements over time. 
 ### How 
 Use simple models or historical data to set the baseline performance. Document the baseline metrics and use them to compare against the performance of new models or iterations.",Keep,#1-MM00-SAPBTMTE-67e9a7c2,FALSE,FALSE,FALSE,FALSE,TRUE,FALSE,FALSE,,,,,,,,,,,,,,,Corentin VASSEUR -CROIX-,,
DEV,Model Management,Level 2,C,Choose the most suitable machine learning model based on the problem requirements and characteristics.,"### What 
 Select the machine learning model that best fits the specific requirements and characteristics of the problem at hand. 
 ### Why 
 To ensure the chosen model effectively addresses the problem, meets performance criteria, and is practical to implement. 
 ### How 
 Evaluate different models considering factors like data type, size, complexity, and computational resources. Use techniques such as cross-validation and grid search to compare models and select the one that performs best on the validation set.",Keep,#1-MM00-CTMSMLMB-cd2c9cd1,FALSE,FALSE,FALSE,FALSE,TRUE,FALSE,FALSE,,,,,,,,,,,,,,,Corentin VASSEUR -CROIX-,,
DEV,Model Management,Level 2,D,Document and assess the outcomes and performance metrics of the trained machine learning model.,"### What 
 Thoroughly document the outcomes and performance metrics of the trained machine learning model. 
 ### Why 
 To provide a clear record of model performance, facilitate reproducibility, and enable stakeholders to understand and evaluate the results. 
 ### How 
 Create detailed reports that include the model's performance metrics, evaluation results on train, validation, and test sets, and any observations or insights. Use tools like Jupyter Notebooks, Markdown, or dedicated documentation platforms to present this information.",Keep,#1-MM00-DAATOAPM-4fec3cc0,FALSE,FALSE,FALSE,FALSE,TRUE,FALSE,FALSE,,,,,,,,,,,,,,,Corentin VASSEUR -CROIX-,,
DEV,Model Management,Level 2,E,"Record and monitor experiments, capturing details like hyperparameters and results for future reference.","### Why
Anything that wont make it into production should be recorded in a
knowledge repository so future projects dont waste time trying the
same thing.
### How 
MLflow tracking or Sagemaker Experiments are good candidates.",Keep,#1-MM00-RAMECDLH-9f59070e,FALSE,FALSE,FALSE,FALSE,TRUE,FALSE,FALSE,,,,,,,,,,,,,,,Corentin VASSEUR -CROIX-,,
DEV,Model Management,Level 3,A,"Automatically record and monitor experiments, capturing details like hyperparameters and results for future reference.","### Why
Anything that wont make it into production should be recorded in a
knowledge repository so future projects dont waste time trying the
same thing.
### How 
MLflow tracking or Sagemaker Experiments are good candidates.",Keep,#2-MM00-ARAMECDL-acafa23d,FALSE,FALSE,FALSE,FALSE,TRUE,FALSE,FALSE,,,,,,,,,,,,,,,Corentin VASSEUR -CROIX-,,
DEV,Model Management,Level 3,B,Develop a model pipeline.,"### What 
 Create a structured sequence of processes and stages for building, training, validating, and deploying machine learning models. 
 ### Why 
 To ensure a systematic, reproducible, and efficient workflow for model development and deployment. 
 ### How 
 Use tools like Apache Airflow, Sagemaker, or MLflow to design and implement the pipeline. Define stages such as data preprocessing, feature engineering, model training, validation, and deployment.",Keep,#2-MM00-DAMP0000-34fbddc9,FALSE,FALSE,FALSE,FALSE,TRUE,FALSE,FALSE,,,,,,,,,,,,,,,Corentin VASSEUR -CROIX-,,
DEV,Model Management,Level 4,A,Log training and validation set in experiments tools.,"### What 
 Record details of the training and validation datasets used in experiments to track and reproduce results. 
 ### Why 
 To maintain a clear history of experiments, facilitate reproducibility, and analyze model performance over time. 
 ### How 
 Utilize experiment tracking tools like MLflow, Weights & Biases, or TensorBoard to log datasets, parameters, and results. Ensure consistent logging practices across all experiments.",Keep,#3-MM00-LTAVSIET-733e7ef6,FALSE,FALSE,FALSE,FALSE,TRUE,FALSE,FALSE,,,,,,,,,,,,,,,Corentin VASSEUR -CROIX-,,
DEV,Model Management,Level 4,B,Implement interpretability of predictions (global and/or local) for data science or users (Global explaination can be logged into experiment tracking tool and local interpretability can be logged in a table).,"### What 
 Provide mechanisms to explain model predictions at both global and local levels for transparency and trust. 
 ### Why 
 To help data scientists and end-users understand and trust the model’s predictions, facilitating better decision-making. 
 ### How 
 Use interpretability tools like SHAP, LIME, or Explainable AI. Log global explanations in experiment tracking tools and store local explanations in a dedicated table for easy access and analysis.",Keep,#3-MM00-IIOPGALF-59f5f92a,FALSE,FALSE,FALSE,FALSE,TRUE,FALSE,FALSE,,,,,,,,,,,,,,,Corentin VASSEUR -CROIX-,,
DEV,Model Management,Level 4,C,Model provide information about robutness of prevision (e.g. confidence interval).,"### What 
 The model should output information indicating the robustness of its predictions, such as confidence intervals. 
 ### Why 
 To give users an understanding of the reliability and uncertainty of the model's predictions. 
 ### How 
 Implement methods to calculate confidence intervals or prediction intervals. Ensure this information is included in the model’s output and appropriately documented.
MAPIE python module can help.",Keep,#3-MM00-MPIAROPE-06b1254e,FALSE,FALSE,FALSE,FALSE,TRUE,FALSE,FALSE,,,,,,,,,,,,,,,Corentin VASSEUR -CROIX-,,
DEV,Model Management,Level 4,D,"For RAG approach (using LLM), evaluate model with honest, harmnest, helpfull, triad, etc. metrics. ","### What 
 Assess models using metrics like honesty, harmlessness, helpfulness, and other relevant measures for Responsible AI Governance (RAG) when using Large Language Models (LLMs). 
 ### Why 
 To ensure the model adheres to ethical standards and provides reliable, safe, and useful outputs. 
 ### How 
 Define and implement metrics for evaluating honesty, harmlessness, and helpfulness. Use these metrics in the model evaluation process and document the findings for review.
Giskard, trulens can help. 
https://github.com/EleutherAI/lm-evaluation-harness",Keep,#3-MM00-FRAULEMW-998bd744,FALSE,FALSE,FALSE,FALSE,TRUE,FALSE,FALSE,,,,,,,,,,,,,,,Corentin VASSEUR -CROIX-,,
DEV,Model Management,Level 5,A,Mitigate bias find in a dataset and model.,"### What 
 Identify and reduce bias in datasets and models to ensure fairness and accuracy. 
 ### Why 
 To prevent biased outcomes and ensure equitable model performance across different groups. 
 ### How 
 Conduct bias detection using tools like Fairness Indicators or Aequitas. Implement techniques such as re-sampling, re-weighting, or adversarial debiasing to mitigate identified biases.",Keep,#4-MM00-MBFIADAM-bef24d61,FALSE,FALSE,FALSE,FALSE,TRUE,FALSE,FALSE,,,,,,,,,,,,,,,Corentin VASSEUR -CROIX-,,
DEV,Model Management,Level 5,B,Setup and run a scan of models in order to detect potential vulnaribilities in the model.,"### What 
 Regularly scan models to detect and address potential security vulnerabilities. 
 ### Why 
 To ensure the model is secure and robust against adversarial attacks and other vulnerabilities. 
 ### How 
 Use tools like CleverHans or IBM Adversarial Robustness Toolbox to scan for vulnerabilities. Implement security measures and continuously monitor and update the model as needed.
MLflow evaluate and Giskard are good candidates",Keep,#4-MM00-SARASOMI-2ca87fa8,FALSE,FALSE,FALSE,FALSE,TRUE,FALSE,FALSE,,,,,,,,,,,,,,,Corentin VASSEUR -CROIX-,,
DEV,Model Management,Level 5,C,Write tests suite (with business interlocutor) and automaticly execute it at each model release.,"### What 
 Develop a comprehensive test suite in collaboration with business stakeholders and ensure it runs automatically with each model release. 
 ### Why 
 To validate model performance and ensure it meets business requirements and quality standards. 
 ### How 
 Define test cases covering various aspects of the model, including accuracy, performance, and business logic. Integrate automated testing into the CI/CD pipeline using tools like pytest or unittest.
MLflow evaluate and Giskard are good candidates",Keep,#4-MM00-WTSWBIAA-5d6f7c2f,FALSE,FALSE,FALSE,FALSE,TRUE,FALSE,FALSE,,,,,,,,,,,,,,,Corentin VASSEUR -CROIX-,,
DEV,Data Management,Level 1,A,"In case of Ad Hoc experimentation, data used are stored and versionned properly.","### What 
 Ensure that data used for ad hoc experimentation is stored and versioned correctly. 
 ### Why 
 To maintain reproducibility and traceability of experimental results. 
 ### How 
 Use data versioning tools like Delta (or DVC) to track and manage data used in experiments. Document and store data along with relevant metadata in a centralized repository.",Keep,#0-DM00-ICOAHEDU-50d588a2,FALSE,FALSE,FALSE,FALSE,TRUE,FALSE,FALSE,,,,,,,,,,,,,,,Corentin VASSEUR -CROIX-,,
DEV,Data Management,Level 2,A,"All data sources used provide to the datalake (e.g. silver, gold or insight zone).","### What 
 Integrate all data sources into the data lake, categorizing them into zones like silver, gold, or insight. 
 ### Why 
 To ensure centralized, organized, and accessible data management for analysis and processing. 
 ### How 
 Use ETL tools to ingest and categorize data into the appropriate zones within the data lake.",Keep,#1-DM00-ADSUPTTD-c32b3a8c,FALSE,FALSE,FALSE,FALSE,TRUE,FALSE,FALSE,,,,,,,,,,,,,,,Corentin VASSEUR -CROIX-,,
DEV,Data Management,Level 2,B,Utilize AWS Glue for efficient data ingestion and collection processes.,TBD,Keep,#1-DM00-UAGFEDIA-891600f7,FALSE,FALSE,FALSE,FALSE,TRUE,FALSE,FALSE,,,,,,,,,,,,,,,Corentin VASSEUR -CROIX-,,
DEV,Data Management,Level 3,A,Data source are monitored with data validation tools.,"### What 
 Continuously monitor data sources using data validation tools to ensure data quality and integrity. 
 ### Why 
 To detect and address data quality issues early, maintaining high data standards. 
 ### How 
 Implement data validation frameworks like Great Expectations or Deequ to monitor and validate data continuously. Set up alerts for any data quality issues detected.",Keep,#2-DM00-DSAMWDVT-4356239e,FALSE,FALSE,FALSE,FALSE,TRUE,FALSE,FALSE,,,,,,,,,,,,,,,Corentin VASSEUR -CROIX-,,
DEV,Data Management,Level 3,B,Develop a data pipeline.,"### What 
 Create a structured data pipeline to handle data ingestion, processing, and storage. 
 ### Why 
 To ensure efficient, scalable, and reliable data flow from source to destination. 
 ### How 
 Use data pipeline tools like Apache Airflow, Pyspark or DPT code template",Keep,#2-DM00-DADP0000-56d2ef34,FALSE,FALSE,FALSE,FALSE,TRUE,FALSE,FALSE,,,,,,,,,,,,,,,Corentin VASSEUR -CROIX-,,
DEV,Data Management,Level 3,C,"Define and categorize data zones, specifying quality levels for input data.","### What 
 Establish and define data zones (e.g., bronze, silver, gold) with specified quality levels for input data. 
 ### Why 
 To organize data based on quality and processing stages, ensuring clarity and consistency. 
 ### How 
 Implement data governance practices to categorize data zones. Define criteria for each zone and use tools like AWS Glue Data Catalog for organization.",Keep,#2-DM00-DACDZSQL-4e8593da,FALSE,FALSE,FALSE,FALSE,TRUE,FALSE,FALSE,,,,,,,,,,,,,,,Corentin VASSEUR -CROIX-,,
DEV,Data Management,Level 3,D,Data profiling is generated and available (ex. sphinx documentation).,"### What 
 Generate and provide access to data profiling reports to understand the characteristics and quality of the data. 
 ### Why 
 To facilitate data exploration, quality assessment, and informed decision-making. 
 ### How 
 Use data profiling tools like Pandas Profiling or DataProfiler. Document the profiling results and make them accessible using tools like Sphinx for creating detailed documentation.",Keep,#2-DM00-DPIGAAES-776ea2cd,FALSE,FALSE,FALSE,FALSE,TRUE,FALSE,FALSE,,,,,,,,,,,,,,,Corentin VASSEUR -CROIX-,,
DEV,Data Management,Level 4,A,Data source used have data contracts (with SLA).,"### What 
 Ensure that all data sources are governed by data contracts, including service level agreements (SLAs). 
 ### Why 
 To establish clear expectations for data quality, availability, and performance between data providers and consumers. 
 ### How 
 Define and document data contracts specifying SLAs for each data source. ",Keep,#3-DM00-DSUHDCWS-a00fd203,FALSE,FALSE,FALSE,FALSE,TRUE,FALSE,FALSE,,,,,,,,,,,,,,,Corentin VASSEUR -CROIX-,,
DEV,Data Management,Level 4,B,"Categorize and define output data zones, particularly those containing valuable insights.","### What 
 Define and categorize output data zones, emphasizing areas that contain valuable insights. 
 ### Why 
 To organize and manage data outputs effectively, ensuring that valuable insights are easily accessible and usable. 
 ### How 
 Establish criteria for categorizing output data zones. Use data cataloging tools like AWS Glue and document these zone",Keep,#3-DM00-CADODZPT-55c295ca,FALSE,FALSE,FALSE,FALSE,TRUE,FALSE,FALSE,,,,,,,,,,,,,,,Corentin VASSEUR -CROIX-,,
DEV,Data Management,Level 4,C,"Ouputs are pushed and monitored with metadata (e.g. performance, confidence interval, trust metrics, etc.) in insight zone.","### What 
 Ensure that outputs are pushed to the insight zone and monitored with relevant metadata such as performance, confidence intervals, and trust metrics. 
 ### Why 
 To provide a comprehensive understanding of data outputs, facilitating trust and informed decision-making. 
 ### How 
 Use monitoring tools to capture and record metadata for outputs. Ensure this metadata is stored in the insight zone and is accessible for analysis and review.",Keep,#3-DM00-OAPAMWME-e0a69b3e,FALSE,FALSE,FALSE,FALSE,TRUE,FALSE,FALSE,,,,,,,,,,,,,,,Corentin VASSEUR -CROIX-,,
DEV,Data Management,Level 4,D,"Implement data governance practices, potentially leveraging tools like Collibra for enhanced data management.","### What 
 Adopt data governance practices to manage data quality, compliance, and security effectively. 
 ### Why 
 To ensure data integrity, protect sensitive information, and comply with regulatory requirements. 
 ### How 
 Use data governance tools like Collibra",Keep,#3-DM00-IDGPPLTL-1d187e42,FALSE,FALSE,FALSE,FALSE,TRUE,FALSE,FALSE,,,,,,,,,,,,,,,Corentin VASSEUR -CROIX-,,
DEV,Data Management,Level 4,E,All the model features are sourced from the feature store or external libraries.,TBD,Keep,#3-DM00-ATMFASFT-80aced5a,FALSE,FALSE,FALSE,FALSE,TRUE,FALSE,FALSE,,,,,,,,,,,,,,,Corentin VASSEUR -CROIX-,,
DEV,Data Management,Level 4,F,"Map technicaly the flow of data from its source to its final output, understanding its journey and transformations.","### What
Data Lineage
### How
Marquez can help. See implementation here: https://github.com/dktunited/dps-ml-dml/blob/366c8bc43f3d757da05c1e402b006d9f745dc911/src/dps_ml_dml/jobs/training.py#L73",Keep,#3-DM00-MTTFODFI-770ad8b4,FALSE,FALSE,FALSE,FALSE,TRUE,FALSE,FALSE,,,,,,,,,,,,,,,Corentin VASSEUR -CROIX-,,
DEV,Code Management,Level 1,A,Create Ad-hoc analysis for business (notebooks documented) and push into a github repository.,TBD,Keep,#0-CM00-CAAFBNDA-2e86a669,FALSE,FALSE,FALSE,FALSE,TRUE,FALSE,FALSE,,,,,,,,,,,,,,,Corentin VASSEUR -CROIX-,,
DEV,Code Management,Level 2,A,Clearly define and manage software dependencies to ensure consistent and reproducible environments.,"### What
Dependency specification
### How
Poetry, pyenv (or requirements.txt)",Keep,#1-CM00-CDAMSDTE-0fdc0117,FALSE,FALSE,FALSE,FALSE,TRUE,FALSE,FALSE,,,,,,,,,,,,,,,Corentin VASSEUR -CROIX-,,
DEV,Code Management,Level 2,B,Analyze and summarize key characteristics of the dataset through Exploratory Data Analysis (EDA).,Exploratory Data Analysis (EDA) has been conducted / Notebook getstarted,Keep,#1-CM00-AASKCOTD-8304084c,FALSE,FALSE,FALSE,FALSE,TRUE,FALSE,FALSE,,,,,,,,,,,,,,,Corentin VASSEUR -CROIX-,,
DEV,Code Management,Level 3,A,The offline training data and online prediction data is transformed with the same code,"### What 
 Ensure that the code used for transforming offline training data is the same as that used for online prediction data. 
 ### Why 
 To maintain consistency in data processing and ensure that the model performs similarly during both training and inference. 
 ### How 
 Develop a shared codebase or library for data transformation. Use version control to manage and synchronize changes. Validate the transformations using tests to ensure they produce the same results in both offline and online environments.",Keep,#2-CM00-TOTDAOPD-ec43e6d2,FALSE,FALSE,FALSE,FALSE,TRUE,FALSE,FALSE,,,,,,,,,,,,,,,Corentin VASSEUR -CROIX-,,
DEV,Code Management,Level 3,B,"Develop an automated workflow that encompasses data preprocessing, model training, and evaluation.","### What 
 Create an automated workflow to handle data preprocessing, model training, and evaluation processes. 
 ### Why 
 To improve efficiency, reproducibility, and reduce the potential for human error in the model development lifecycle. 
 ### How 
Create ML pipeline or use workflow orchestration tools like Apache Airflow or sagemaker to automate the steps. Define and schedule tasks for each stage of the process, ensuring proper dependencies and data flow between tasks.
",Keep,#2-CM00-DAAWTEDP-db3f127d,FALSE,FALSE,FALSE,FALSE,TRUE,FALSE,FALSE,,,,,,,,,,,,,,,Corentin VASSEUR -CROIX-,,
DEV,Code Management,Level 3,C,Containerize the application using Docker to enhance portability and reproducibility across different environments.,"### What 
 Use Docker to containerize the application, ensuring it can run consistently across various environments. 
 ### Why 
 To enhance portability, reproducibility, and ease of deployment, minimizing environment-related issues. 
 ### How 
 Create a Dockerfile to define the application's environment. Build and test the Docker image locally. Use container orchestration tools like Kubernetes for managing deployments.",Keep,#2-CM00-CTAUDTEP-42bc473a,FALSE,FALSE,FALSE,FALSE,TRUE,FALSE,FALSE,,,,,,,,,,,,,,,Corentin VASSEUR -CROIX-,,
DEV,Code Management,Level 3,D,"Package code components to promote modularity, organization, and ease of development.","### What 
 Organize the code into modular packages to improve structure and maintainability. 
 ### Why 
 To facilitate easier development, testing, and reuse of code components. 
 ### How 
 Define clear boundaries for different components and package them accordingly. Use tools like setuptools for Python to create and manage packages. Ensure proper documentation and versioning for each package.",Keep,#2-CM00-PCCTPMOA-86a21521,FALSE,FALSE,FALSE,FALSE,TRUE,FALSE,FALSE,,,,,,,,,,,,,,,Corentin VASSEUR -CROIX-,,
DEV,Code Management,Level 3,E,Provide a standardized code template for consistency and efficiency in development practices.,"### What 
 Develop and distribute standardized code templates to be used across projects. 
 ### Why 
 To ensure consistency, improve development efficiency, and reduce onboarding time for new developers. 
 ### How 
 Create templates that include common structures, configurations, and best practices. Store these templates in a shared repository and encourage their use through documentation and training sessions.",Keep,#2-CM00-PASCTFCA-a0f9c110,FALSE,FALSE,FALSE,FALSE,TRUE,FALSE,FALSE,,,,,,,,,,,,,,,Corentin VASSEUR -CROIX-,,
DEV,Code Management,Level 3,F,"Tests coverage of all reposiroty (data, ml, api) is > 60%.","### What 
 Achieve and maintain test coverage of over 60% for all repositories, including data, ML, and API components. 
 ### Why 
 To ensure a basic level of code reliability and identify potential issues early in the development process. 
 ### How 
 Implement a comprehensive testing strategy using frameworks like pytest. Regularly measure test coverage using tools like coverage.py and address gaps by adding necessary test cases.
SonarCloud can help.",Keep,#2-CM00-TCOARDMA-de430174,FALSE,FALSE,FALSE,FALSE,TRUE,FALSE,FALSE,,,,,,,,,,,,,,,Corentin VASSEUR -CROIX-,,
DEV,Code Management,Level 3,G,Utilize a PySpark or DBT template for large-scale data processing to optimize efficiency and scalability.,"### What 
 Use PySpark or DBT templates for handling large-scale data processing tasks. 
 ### Why 
 To optimize efficiency, scalability, and maintainability in data processing workflows. 
 ### How 
 Develop standardized templates for common data processing tasks using PySpark or DBT. Ensure these templates are well-documented and reusable. Implement them in data pipelines to handle large datasets effectively.",Keep,#2-CM00-UAPODTFL-985b5173,FALSE,FALSE,FALSE,FALSE,TRUE,FALSE,FALSE,,,,,,,,,,,,,,,Corentin VASSEUR -CROIX-,,
DEV,Code Management,Level 3,H,Conf files are not part of python module.,"### What 
 Ensure that configuration files are separate from Python modules. 
 ### Why 
 To maintain a clear separation of code and configuration, making the codebase more modular and easier to manage. 
 ### How 
 Store configuration files in a dedicated directory or use environment variables. Load configurations at runtime using libraries like configparser See ML template",Keep,#2-CM00-CFANPOPM-004a79db,FALSE,FALSE,FALSE,FALSE,TRUE,FALSE,FALSE,,,,,,,,,,,,,,,Corentin VASSEUR -CROIX-,,
DEV,Code Management,Level 3,I,Enforce code quality standards using tools like mypy for type checking and linters for style enforcement.,"### What 
 Use tools like mypy for type checking and linters for enforcing code style standards. 
 ### Why 
 To ensure high code quality, readability, and maintainability. 
 ### How 
 Integrate mypy and linting tools (e.g., flake8, pylint) into the development workflow. Configure these tools in the CI/CD pipeline to enforce standards automatically. Provide training and documentation on their usage and benefits. Code quality (mypy, lint). See Ruff implementation in ML Template",Keep,#2-CM00-ECQSUTLM-e2c289e6,FALSE,FALSE,FALSE,FALSE,TRUE,FALSE,FALSE,,,,,,,,,,,,,,,Corentin VASSEUR -CROIX-,,
DEV,Code Management,Level 3,J,Validate configurations using data validation library in Python to ensure robustness and prevent errors.,"### What 
 Use a data validation library in Python to validate configurations, ensuring they are robust and error-free. 
 ### Why 
 To catch configuration errors early and prevent runtime issues. 
 ### How 
 Implement validation checks using libraries
Configuration validation (pydantic) - cf. ML template",Keep,#2-CM00-VCUDVLIP-e154f895,FALSE,FALSE,FALSE,FALSE,TRUE,FALSE,FALSE,,,,,,,,,,,,,,,Corentin VASSEUR -CROIX-,,
DEV,Code Management,Level 3,K,Conduct code testing using the pytest framework to validate the functionality of the code.,"### What 
 Use the pytest framework to write and run tests, validating the code's functionality. 
 ### Why 
 To ensure code reliability and correctness, and to identify issues early in the development cycle. 
 ### How 
 Write unit tests, integration tests, and functional tests using pytest. Integrate pytest into the CI/CD pipeline to automate test execution. Regularly review and update tests to cover new features and changes.",Keep,#2-CM00-CCTUTPFT-a44652b4,FALSE,FALSE,FALSE,FALSE,TRUE,FALSE,FALSE,,,,,,,,,,,,,,,Corentin VASSEUR -CROIX-,,
DEV,Code Management,Level 3,L,Perform regular security scans to identify and address potential vulnerabilities in the codebase.,"### What 
 Conduct regular security scans on the codebase to detect and mitigate vulnerabilities. 
 ### Why 
 To protect the application from security threats and ensure compliance with security standards. 
 ### How 
 Use security scanning tools like Snyk, Bandit, or OWASP Dependency-Check. Integrate these tools into the CI/CD pipeline for continuous monitoring. Review and address any identified vulnerabilities promptly.
Code security (scan with Giskard)",Keep,#2-CM00-PRSSTIAA-03679aea,FALSE,FALSE,FALSE,FALSE,TRUE,FALSE,FALSE,,,,,,,,,,,,,,,Corentin VASSEUR -CROIX-,,
DEV,Code Management,Level 3,M,Create a SonarCloud project for reporting code quality.,"### What 
 Set up a SonarCloud project to monitor and report on code quality metrics. 
 ### Why 
 To maintain high code quality standards, identify code issues early, and track improvements over time. 
 ### How 
 Configure SonarCloud to analyze the codebase. Integrate it with the CI/CD pipeline for automated code quality checks. Review and act on the reports generated by SonarCloud to improve code quality.
ML template: https://github.com/dktunited/dps-ml-databricks-template",Keep,#2-CM00-CASPFRCQ-a604fe2d,FALSE,FALSE,FALSE,FALSE,TRUE,FALSE,FALSE,,,,,,,,,,,,,,,Corentin VASSEUR -CROIX-,,
DEV,Code Management,Level 4,A,"Tests coverage of all reposiroty (data, ml, api) is > 70%.","### What 
 Ensure that the test coverage for all repositories, including data, machine learning (ML), and API, exceeds 70%. 
 ### Why 
 To guarantee a baseline level of code reliability and reduce the risk of undetected issues in the codebase. 
 ### How 
 Implement comprehensive testing strategies and use code coverage tools like Jest, PyTest, or Coverage.py. Regularly review and update test cases to maintain and improve coverage.
SonarCloud can help.",Keep,#3-CM00-TCOARDMA-de430174,FALSE,FALSE,FALSE,FALSE,TRUE,FALSE,FALSE,,,,,,,,,,,,,,,Corentin VASSEUR -CROIX-,,
DEV,Code Management,Level 4,B,"Maintability, code smells is A (provide y SonarCloud).","### What 
 Achieve and maintain an A rating for maintainability and code smells as reported by SonarCloud. 
 ### Why 
 To ensure high code quality, readability, and ease of maintenance, reducing technical debt. 
 ### How 
 Use SonarCloud to continuously analyze the codebase. Address and resolve code smells and maintainability issues as they are identified. Implement coding standards and best practices to maintain high code quality.",Keep,#3-CM00-MCSIAPYS-3604588b,FALSE,FALSE,FALSE,FALSE,TRUE,FALSE,FALSE,,,,,,,,,,,,,,,Corentin VASSEUR -CROIX-,,
DEV,Code Management,Level 4,C,Data scientist is autonomous to add features with a PR on ML github repository.,"### What 
 Allow data scientists to independently add new features by submitting pull requests (PRs) on the ML GitHub repository. 
 ### Why 
 To facilitate rapid iteration and innovation while maintaining code quality and review processes. 
 ### How 
 Set up contribution guidelines and review processes in the GitHub repository. Ensure proper branching strategies and CI/CD pipelines are in place to handle feature additions.",Keep,#3-CM00-DSIATAFW-7a984f14,FALSE,FALSE,FALSE,FALSE,TRUE,FALSE,FALSE,,,,,,,,,,,,,,,Corentin VASSEUR -CROIX-,,
DEV,Code Management,Level 4,D,"Features and/or outputs are shared with metadata (e.g., performance metrics, interpretability, ...) as code that can be shared across projects (e.g., embedding). Insight ML Zone can help.","### How
Put data processing in a separate artifact by using for example the pyspark template",Keep,#3-CM00-FAOASWME-e40c8fb8,FALSE,FALSE,FALSE,FALSE,TRUE,FALSE,FALSE,,,,,,,,,,,,,,,Corentin VASSEUR -CROIX-,,
DEV,Code Management,Level 4,E,Use a Domain-Drive-Design (DDD) code structure for ML projects.,"### What 
 Apply Domain-Driven Design (DDD) principles to structure code in ML projects. 
 ### Why 
 To improve the organization, maintainability, and scalability of ML projects by aligning the code structure with business domains. 
 ### How 
 Organize code into modules based on business domains. Use DDD patterns such as entities, aggregates, and repositories. Ensure collaboration between data scientists and domain experts to align code with business requirements.
Release v8.0.0 of ml template provide this code structure.",Keep,#3-CM00-UADDCSFM-d0bdaf24,FALSE,FALSE,FALSE,FALSE,TRUE,FALSE,FALSE,,,,,,,,,,,,,,,Corentin VASSEUR -CROIX-,,
DEV,Code Management,Level 5,A,"Tests coverage of all reposiroty (data, ml, api) is > 90%.","### What 
 Ensure that the test coverage for all repositories, including data, machine learning (ML), and API, exceeds 90%. 
 ### Why 
 To maximize code reliability and minimize the risk of undetected issues. 
 ### How 
 Implement thorough testing strategies and utilize code coverage tools to measure and improve coverage. Regularly review and update test cases to maintain high coverage.
SonarCloud can help.",Keep,#4-CM00-TCOARDMA-de430174,FALSE,FALSE,FALSE,FALSE,TRUE,FALSE,FALSE,,,,,,,,,,,,,,,Corentin VASSEUR -CROIX-,,
DEV,Code Management,Level 5,B,Your code is pushed into a public github repository and follow open source standard.,"### What 
 Publish your code in a public GitHub repository and adhere to open-source standards. 
 ### Why 
 To promote transparency, collaboration, and reuse of code within the open-source community. 
 ### How 
 Ensure the code follows best practices for open-source projects, including clear documentation, licensing, and contribution guidelines. Use tools like GitHub Actions for CI/CD and maintain a high standard of code quality.",Keep,#4-CM00-YCIPIAPG-3c8f0480,FALSE,FALSE,FALSE,FALSE,TRUE,FALSE,FALSE,,,,,,,,,,,,,,,Corentin VASSEUR -CROIX-,,
DEV,Versionning,Level 1,A,Placeholder: please validate ,TBD,Placeholder,#0-V000-PPV00000-de977cbb,FALSE,FALSE,FALSE,FALSE,TRUE,FALSE,FALSE,,,,,,,,,,,,,,,Corentin VASSEUR -CROIX-,,
DEV,Versionning,Level 2,A,Manage and track different versions of machine learning models to facilitate collaboration and experimentation.,"### What 
 Implement a system for managing and tracking different versions of machine learning models. 
 ### Why 
 To enable collaborative work, ensure reproducibility, and facilitate experimentation with various model versions. 
 ### How 
 Use model versioning tools like MLflow to track and manage different versions. Document changes and maintain a model registry for easy access and reference.",Keep,#1-V000-MATDVOML-420b9e41,FALSE,FALSE,FALSE,FALSE,TRUE,FALSE,FALSE,,,,,,,,,,,,,,,Corentin VASSEUR -CROIX-,,
DEV,Versionning,Level 3,A,Implement a system to version and track changes in outputs dataset for reproducibility and traceability.,"### What 
 Set up a system to version and track changes in output datasets. 
 ### Why 
 To ensure reproducibility and traceability of data transformations and model outputs. 
 ### How 
 Use data versioning tools like DVC or Delta Lake to manage versions of output datasets. Track changes and document metadata for each version to maintain a clear history.",Keep,#2-V000-IASTVATC-f2931060,FALSE,FALSE,FALSE,FALSE,TRUE,FALSE,FALSE,,,,,,,,,,,,,,,Corentin VASSEUR -CROIX-,,
DEV,Versionning,Level 3,B,Models in model registry have signature.,"### What 
 Ensure that models stored in the model registry include a signature. 
 ### Why 
 To verify the integrity and authenticity of models, facilitating secure and reliable deployments. 
 ### How 
 Implement model signing processes using cryptographic techniques. Store and verify signatures in the model registry to ensure models have not been tampered with.",Keep,#2-V000-MIMRHS00-ce8df8be,FALSE,FALSE,FALSE,FALSE,TRUE,FALSE,FALSE,,,,,,,,,,,,,,,Corentin VASSEUR -CROIX-,,
DEV,Data Factory,Level 1,A,"Is the legacy stack (Talend, Opcon, Redshift, etc.) removed from our pipeline?",https://dataplatform.dktapp.cloud/data-factory,New, #0-DF00-ITLSTORE-f33627fb,FALSE,FALSE,FALSE,FALSE,FALSE,TRUE,FALSE,,,,,,,,,,,,,,,,,
DEV,Data Factory,Level 1,B,Do we expose our data in the Datalake?,https://dataplatform.dktapp.cloud/doc/products/storage/zones/datalake_zones/datalake_zones.html,New,#0-DF00-DWEODITD-22f5ab45,FALSE,FALSE,FALSE,FALSE,FALSE,TRUE,FALSE,,,,,,,,,,,,,,,,,
DEV,Data Factory,Level 2,A,"Do we exclusively use Modern Data Stack tools (e.g., dbt, Airflow, Spark on Databricks, etc.) for data integration and transformation?",https://dataplatform.dktapp.cloud/data-factory,Update,#1-DF00-WPROLEAS-c6f0f30a,FALSE,FALSE,FALSE,FALSE,FALSE,TRUE,FALSE,,,,,,,,,,,,,,,MARTIN DELOBEL -CROIX-,,
DEV,Data Factory,Level 2,B,"Do we no longer use legacy zones (ods, cds) to expose our data?",https://dataplatform.dktapp.cloud/doc/products/storage/zones/datalake_zones/datalake_zones.html,New,#1-DF00-DWNLULZO-d86eef49,FALSE,FALSE,FALSE,FALSE,FALSE,TRUE,FALSE,,,,,,,,,,,,,,,,,
DEV,Data Factory,Level 3,A,"Do we use development standards to build our data pipelines (template, shared libraries, etc.)?",https://dataplatform.dktapp.cloud/doc/products/compute/template-products/overview.html,Update,#2-DF00-WUAOTFDL-a3c60882,FALSE,FALSE,FALSE,FALSE,FALSE,TRUE,FALSE,,,,,,,,,,,,,,,MARTIN DELOBEL -CROIX-,,
DEV,Data Factory,Level 3,B,Do we only use validated languages (Python & SQL) to build our data pipelines?,TBD,Update,#2-DF00-WLAMCDSI-8d9592ab,FALSE,FALSE,FALSE,FALSE,FALSE,TRUE,FALSE,,,,,,,,,,,,,,,MARTIN DELOBEL -CROIX-,,
DEV,Data Factory,Level 3,C,"Do we exclusively use the Medallion architecture (Bronze, Silver, Gold, Insight) with defined data governance policies?",https://dataplatform.dktapp.cloud/doc/products/storage/zones/datalake_zones/datalake_zones.html,Update,#2-DF00-WUTMABSG-547ae65f,FALSE,FALSE,FALSE,FALSE,FALSE,TRUE,FALSE,,,,,,,,,,,,,,,MARTIN DELOBEL -CROIX-,,
DEV,Data Factory,Level 3,D,Do we consistently apply optimization techniques (such as z-ordering and vacuuming) to enhance the performance of our data tables?,https://dataplatform.dktapp.cloud/doc/products/compute/compute-products/databricks-compute/concepts/optimize-costs.html#use-sql-warehouse-for-sql-workloads,Change Level,#3-DF00-WCAOTSAZ-731aeeb7,FALSE,FALSE,FALSE,FALSE,FALSE,TRUE,FALSE,,,,,,,,,,,,,,,MARTIN DELOBEL -CROIX-,,
DEV,Data Factory,Level 3,E,Do we use Unity Catalog?,https://dataplatform.dktapp.cloud/doc/products/storage/metastore/uc_migration/uc_roadmap/uc_roadmap.html,New,#2-DF00-DWUUC000-5479af03,FALSE,FALSE,FALSE,FALSE,FALSE,TRUE,FALSE,,,,,,,,,,,,,,,,,
DEV,Data Factory,Level 4,A,"Do we use a standardized, documented, and version-controlled template for data pipeline development?","### What
I make cruft update regularly on Templates",Delete,#3-DF00-WEASDAVT-a3845118,FALSE,FALSE,FALSE,FALSE,FALSE,TRUE,FALSE,,,,,,,,,,,,,,,MARTIN DELOBEL -CROIX-,,
DEV,Data Factory,Level 4,A,Do we perform regular infrastructure sizing (Kubernetes or Spark clusters) to optimize both costs and performance?,https://dataplatform.dktapp.cloud/doc/products/compute/compute-products/databricks-compute/concepts/optimize-costs.html,Update,#3-DF00-WPRISKOS-d5ae2401,FALSE,FALSE,FALSE,FALSE,FALSE,TRUE,FALSE,Monitoring,"Monitoring is tooling or a technical solution that allows teams to watch and understand the state of their systems. Monitoring is based on gathering predefined sets of metrics or logs.
Observability is tooling or a technical solution that allows teams to actively debug their system. Observability is based on exploring properties and patterns not defined in advance.",,,,,,,,,,,,,MARTIN DELOBEL -CROIX-,,
DEV,Data Factory,Level 4,B,Do we conduct regular monitoring of infrastructure costs through billing reports and implement optimization measures?,https://dataplatform.dktapp.cloud/doc/overview/billing/index.html,Update,#3-DF00-WCRMOICT-26af0083,FALSE,FALSE,FALSE,FALSE,FALSE,TRUE,FALSE,Monitoring,"Monitoring is tooling or a technical solution that allows teams to watch and understand the state of their systems. Monitoring is based on gathering predefined sets of metrics or logs.
Observability is tooling or a technical solution that allows teams to actively debug their system. Observability is based on exploring properties and patterns not defined in advance.",,,,,,,,,,,,,MARTIN DELOBEL -CROIX-,,
DEV,Data Factory,Level 4,C,Do we expose our data via a Unity Catalog Managed Table?,https://dataplatform.dktapp.cloud/doc/products/storage/metastore/uc_migration/uc_roadmap/uc_roadmap.html,New,#3-DF00-DWEODVAU-0afee7df,FALSE,FALSE,FALSE,FALSE,FALSE,TRUE,FALSE,,,,,,,,,,,,,,,,,
DEV,Data Factory,Level 5,A,Do we utilize advanced query optimization techniques to minimize data spills or distribution skews?,"### What
Skew and spill | Databricks Documentation",Update,#4-DF00-WUAQOTTM-994ccb8d,FALSE,FALSE,FALSE,FALSE,FALSE,TRUE,FALSE,,,,,,,,,,,,,,,MARTIN DELOBEL -CROIX-,,
,,,,,,,,,,,,,,,,,,,,,,,,,,,,,,,
,,,,,,,,,,,,,,,,,,,,,,,,,,,,,,,
,,,,,,,,,,,,,,,,,,,,,,,,,,,,,,,
,,,,,,,,,,,,,,,,,,,,,,,,,,,,,,,
,,,,,,,,,,,,,,,,,,,,,,,,,,,,,,,
,,,,,,,,,,,,,,,,,,,,,,,,,,,,,,,
,,,,,,,,,,,,,,,,,,,,,,,,,,,,,,,
,,,,,,,,,,,,,,,,,,,,,,,,,,,,,,,
,,,,,,,,,,,,,,,,,,,,,,,,,,,,,,,
,,,,,,,,,,,,,,,,,,,,,,,,,,,,,,,
,,,,,,,,,,,,,,,,,,,,,,,,,,,,,,,
,,,,,,,,,,,,,,,,,,,,,,,,,,,,,,,
,,,,,,,,,,,,,,,,,,,,,,,,,,,,,,,
,,,,,,,,,,,,,,,,,,,,,,,,,,,,,,,
,,,,,,,,,,,,,,,,,,,,,,,,,,,,,,,
,,,,,,,,,,,,,,,,,,,,,,,,,,,,,,,
,,,,,,,,,,,,,,,,,,,,,,,,,,,,,,,
,,,,,,,,,,,,,,,,,,,,,,,,,,,,,,,
,,,,,,,,,,,,,,,,,,,,,,,,,,,,,,,
,,,,,,,,,,,,,,,,,,,,,,,,,,,,,,,
,,,,,,,,,,,,,,,,,,,,,,,,,,,,,,,
,,,,,,,,,,,,,,,,,,,,,,,,,,,,,,,
,,,,,,,,,,,,,,,,,,,,,,,,,,,,,,,
,,,,,,,,,,,,,,,,,,,,,,,,,,,,,,,
,,,,,,,,,,,,,,,,,,,,,,,,,,,,,,,
,,,,,,,,,,,,,,,,,,,,,,,,,,,,,,,
,,,,,,,,,,,,,,,,,,,,,,,,,,,,,,,
,,,,,,,,,,,,,,,,,,,,,,,,,,,,,,,
,,,,,,,,,,,,,,,,,,,,,,,,,,,,,,,
,,,,,,,,,,,,,,,,,,,,,,,,,,,,,,,
,,,,,,,,,,,,,,,,,,,,,,,,,,,,,,,
,,,,,,,,,,,,,,,,,,,,,,,,,,,,,,,
,,,,,,,,,,,,,,,,,,,,,,,,,,,,,,,
,,,,,,,,,,,,,,,,,,,,,,,,,,,,,,,
,,,,,,,,,,,,,,,,,,,,,,,,,,,,,,,
,,,,,,,,,,,,,,,,,,,,,,,,,,,,,,,
,,,,,,,,,,,,,,,,,,,,,,,,,,,,,,,
,,,,,,,,,,,,,,,,,,,,,,,,,,,,,,,
,,,,,,,,,,,,,,,,,,,,,,,,,,,,,,,
,,,,,,,,,,,,,,,,,,,,,,,,,,,,,,,
,,,,,,,,,,,,,,,,,,,,,,,,,,,,,,,
,,,,,,,,,,,,,,,,,,,,,,,,,,,,,,,
,,,,,,,,,,,,,,,,,,,,,,,,,,,,,,,
,,,,,,,,,,,,,,,,,,,,,,,,,,,,,,,
,,,,,,,,,,,,,,,,,,,,,,,,,,,,,,,
,,,,,,,,,,,,,,,,,,,,,,,,,,,,,,,
,,,,,,,,,,,,,,,,,,,,,,,,,,,,,,,
,,,,,,,,,,,,,,,,,,,,,,,,,,,,,,,
,,,,,,,,,,,,,,,,,,,,,,,,,,,,,,,
,,,,,,,,,,,,,,,,,,,,,,,,,,,,,,,
,,,,,,,,,,,,,,,,,,,,,,,,,,,,,,,
,,,,,,,,,,,,,,,,,,,,,,,,,,,,,,,
,,,,,,,,,,,,,,,,,,,,,,,,,,,,,,,
,,,,,,,,,,,,,,,,,,,,,,,,,,,,,,,
DESIGN,Tools,Level 1,A,"Project hosted on Decathlon Figma org with all requirements (log with @decathlon.com, description, etc.)","### Why ?
For reasons of privacy, security and community, a Figma Decathlon space has been created. It allows Decathlon to ensure the security of its data, to create innerSource projects, and to distribute assets to all editors and viewers of the space. Access to this space is mandatory for all Figma users at Decathlon.

### What ? 
To fulfill this requirement, please follow [Get Starded/designers](https://www.decathlon.design/726f8c765/p/513d8e-designers) path on dedicated documentation

### How ? 
The team must be able to demonstrate that the repository is hosted on the Decathlon Figma organisation and that all requirements are filled.",Keep,#0-T000-PHODFOWA,FALSE,TRUE,FALSE,TRUE,FALSE,FALSE,FALSE,,,,,,,,,,,,,,,,,
DESIGN,Tools,Level 1,B,Permissions on the project are given to a team and not individually,"### Why ? 
For security reasons, it is important to assign permissions to all members of the figma team. The objective is to avoid the ""single point of failure"" and the loss of access / data during potential departures / changes of organization.

### What ? 
To fulfill this requirement, please add all teamates of your product able to used Figma. [Public documentation](https://help.figma.com/hc/en-us/articles/360039481034-Invite-team-members) here.

### How ? 
The team must be able to demonstrate that permission on the project are given to a team and not only one member.",Keep,#0-T000-POTPAGTA,FALSE,TRUE,FALSE,TRUE,FALSE,FALSE,FALSE,,,,,,,,,,,,,,,,,
DESIGN,Design,Level 1,C,All new librairies and plugins are Vitamin Play compliant,"### Why ? 
Plugins are subject to a radar at Decathlon, to ensure data security on the one hand, but also to avoid the multiplicity of methods and data sources. 
Concerning libraries, they are also subject to a name charter, as well as rules of construction / management of dependencies.

### What ? 
To fulfill this requirement, you can refer to public documentation regarding [Private and public Plugins](https://www.decathlon.design/726f8c765/p/513d8e-designers/t/97cb66), and public documentation regarding [Library contribution](https://www.decathlon.design/726f8c765/p/195920-contributing/b/14d247)
 
### How ? 
The team must be able to demonstrate a list of plugins / Libraries whose items are present in the list of plugins validated by the Design System",Keep,#0-D000-ANLAPAVC,FALSE,TRUE,FALSE,TRUE,FALSE,FALSE,FALSE,,,,,,,,,,,,,,,,,
DESIGN,Workflow,Level 1,A,"Major improvements designed on branches (with all requirements: name charter, issue or Jira number etc.)","### Why ?
For reasons of versioning, understanding the file and traceability.

### What ?
To fulfill this requirement, 

### How ?
The team must be able to demonstrate that prototype are in a dedicated page.",Keep,#0-W000-MIDOBWAR,FALSE,TRUE,FALSE,TRUE,FALSE,FALSE,FALSE,,,,,,,,,,,,,,,,,
DESIGN,Libraries & plugins,Level 1,B,Vitamin Play Figma libraries activated on project,"### Why ?
For homogenization reasons, and to connect to the decathlon design system.

### What ?
To fulfill this requirement, please activate ""Vitamin Android UI Kit"" / '""Vitamin iOS UI Kit"" as dependencies. [Public documentation](https://www.decathlon.design/726f8c765/p/513d8e-designers/t/61396e) here.

### How ?
The team must be able to demonstrate that ""Vitamin Android Ui Kit"" / ""Vitamin iOS Ui Kit"" is set as library.",Update,#1-LP00-VMLAOP00,FALSE,TRUE,FALSE,TRUE,FALSE,FALSE,FALSE,,,,,,,,,,,,,,,,,
DESIGN,Libraries & plugins,Level 2,D,Local component designed locally w/ Vitamin Play foundations,"### Why ?
When local assets are designed, they must consume at least the foundations distributed by the Design System

### What ?
To fulfill this requirement, please Design all your figma assets with Decathlon Design System's foundation.

### How ?
The team must be able to demonstrate that local components are based on Decathlon Design System's foundation",Delete,#1-LP00-SADLWVF0,FALSE,TRUE,FALSE,TRUE,FALSE,FALSE,FALSE,,,,,,,,,,,,,,,,,
DESIGN,Design,Level 2,B,"When required, pattern are based on native plateforms guidelines","### Why ? 
To facilitate development, ensure a high level of performance and allow users to navigate on an application that makes sense with the OS they consume daily

### What ? 
To fulfill this requirement, Design pattern should be based on platform recommendations. [iOS guidelines](https://developer.apple.com/design/human-interface-guidelines/platforms/designing-for-ios) here. [Android Guidelines](https://m2.material.io/design/navigation/understanding-navigation.html) here

### How ? 
The team must be able to demonstrate that the recommendations of the platforms are respected on the product (Figma or production)",Keep,#1-D000-PBOMOIG0,FALSE,TRUE,FALSE,TRUE,FALSE,FALSE,FALSE,,,,,,,,,,,,,,,,,
DESIGN,Documentation,Level 2,A,Create app architecture in your figma project,"### Why ?
For reasons of versioning, understanding the file and traceability.

### What ?
To fulfill this requirement, a workflow needs to be defined, listing the naming charts, the reading key of a branch (ticket number, Feat / improvement / Fix ).

### How ?
The team must be able to demonstrate that repository host a branch history.",Keep,#1-D000-CAAIYF00,FALSE,TRUE,FALSE,TRUE,FALSE,FALSE,FALSE,,,,,,,,,,,,,,,,,
DESIGN,Prototype,Level 2,A,Dedicated page for prototype,"### Why ?
To allow a better understanding of the files and avoid too limited prototypes

### What ?
To fulfill this requirement, Figma file shoud be composed of a dedicated page for prototype (and so components can be detached, ect.)

### How ?
The team must be able to demonstrate that figma file host a dedicated space for prototypes.",Keep,#1-P000-DPFP0000,FALSE,TRUE,FALSE,TRUE,FALSE,FALSE,FALSE,,,,,,,,,,,,,,,,,
DESIGN,Design for all,Level 1,A,Publish your local library to the global org.,"### Why ?
In order to allow everyone to benefit from the quality of individual production, a contribution model is proposed by the Design System, transforming local components into add on

### What ?
To fulfull this requirement, set up a contribution process for each component that you will define as available (documentation here)

### How ?
The team must be able to demonstrate that there are 3 dependencies to main, Vitamin core library, Add-ons, and local library.",Change Level,#3-DFA0-TYLLIDLB,FALSE,TRUE,FALSE,TRUE,FALSE,FALSE,FALSE,,,,,,,,,,,,,,,,,
DESIGN,Libraries & plugins,Level 3,A,Vitamin Play Figma libraries up to date on last release,"### Why ?
the libraries Vitamins are in constant evolution. In order to ensure the adoption of the latest quality standards and take advantage of the latest features, it is highly recommended to be up to date.

### What ?
To fulfill this requirement, please up-to-date libraries when a new release is available

### How ?
The team must be able to demonstrate vitamin libraries are up-to-date",Update,#2-LP00-VMLUTDOL,FALSE,TRUE,FALSE,TRUE,FALSE,FALSE,FALSE,,,,,,,,,,,,,,,,,
DESIGN,Libraries & plugins,Level 3,B,No deprecated libraries and plugins,"### Why ?
Some libraries may not be used in the future. In this sense, it is necessary for the team to detach itself from them as much as possible

### What ?
To fulfill this requirement, please refear to the validated & distribute library

### How ?
The team must be able to demonstrate the product Vitamin libraries are used",Keep,#2-LP00-NDLAP000,FALSE,TRUE,FALSE,TRUE,FALSE,FALSE,FALSE,,,,,,,,,,,,,,,,,
DESIGN,Design,Level 2,A,100% of the needs covered by Vitamin Play are instantiated,"### Why ? 
When a business gesture or interaction can be performed with a component from vitamin, the said component must be used.

### What ? 
To fulfill this requirement, actions that can be performed with vitamin are implemented from vitamin components and not from local components

### How ? 
The team must be able to demonstrate that local components are used in extreme necessity",Change Level,#2-D000-0OTNCBVA,FALSE,TRUE,FALSE,TRUE,FALSE,FALSE,FALSE,,,,,,,,,,,,,,,,,
DESIGN,Design,Level 2,B,100% specific assets are designed from Vitamin Play libraries,"### Why ?
 When a business gesture or interaction can be performed with a component from vitamin, the said component must be used.

### What ?
To fulfill this requirement, actions that can be performed with vitamin are implemented from vitamin components and not from local components

### How ?
The team must be able to demonstrate that local components are used in extreme necessity",Change Level,#2-D000-0SADFAIO,FALSE,TRUE,FALSE,TRUE,FALSE,FALSE,FALSE,,,,,,,,,,,,,,,,,
DESIGN,Design,Level 3,C,"Build your page as template, using component from Vitamin Play + local library","### Why ?
In order to create a maximum of consistency and recurrence, it is important to be able to templatize pages. The objective is to start a first step towards the centralization of pages and pattern cross products.

### What ?
To fulfill this requirement, fill in the architecture file with the main pages of your experience (checkout for example for a checkout team, or product page list & detail for an e-commerce team).

### How ?
The team must be able to demonstrate that main path are indentifiable in an architecture file.",Keep,#2-D000-ITMIPOYA,FALSE,TRUE,FALSE,TRUE,FALSE,FALSE,FALSE,,,,,,,,,,,,,,,,,
DESIGN,Documentation,Level 2,B,Write Read me for each delivery file,"### Why ?
In order to encourage contribution, it is important to draw up a contribution model, to allow each decathlon designer to integrate the project and advance the topics.

### What ?
To fulfull this requirement, pIease write a contribution process, specifying the workflow, the versioning rules if any, the profiles to contact, the validation rituals and the communication channels

### How ?
The team must be able to demonstrate that a contribution process is documented in a innersource documentation",Keep,#2-D000-CFTEHTCT,FALSE,TRUE,FALSE,TRUE,FALSE,FALSE,FALSE,,,,,,,,,,,,,,,,,
DESIGN,Prototype,Level 3,A,Prototypes use interactive components & variants,"### Why ?
In order to make the prototypes more realistic and allow a better handoff, the prototypes must be animated (interactive components).

### What ?
To fulfill this requirement, components (mainly local because the vitamin ones are already local) must be animated (and thus documented)

### How ?
The team must be able to demonstrate prototype are using interactive components",Keep,#2-P000-PUICV000,FALSE,TRUE,FALSE,TRUE,FALSE,FALSE,FALSE,,,,,,,,,,,,,,,,,
DESIGN,Workflow,Level 3,A,Review & merge process are set up in the delivery flow,"### Why ?
One of the best practices for an efficient handoff is to version your work. This is done by creating branches (often linked to a jira task), a review phase and then a merge phase. The objective here for the products that can do it is to set up this process

### What ?
To fulfull this requirement, please set up a review and merge process, with name charter, versionning, task costing, and definition of done.

### How ?
The team must be able to demonstrate that workflow is documented, and include a review process.",Keep,#2-W000-ISUTRMP0,FALSE,TRUE,FALSE,TRUE,FALSE,FALSE,FALSE,,,,,,,,,,,,,,,,,
DESIGN,Design,Level 4,B,Decline EcoDesign principles in your project,"### Why ?
The consideration of ecodesign standards is a must for decathlon products. In this sense, each business must apply to respect the best in class practices

### What ?
To fulfull this requirement, Please apply to your workflow and product eco-design standards that you are concerned (Documentation here)

### How ?
 The team must be able to demonstrate design is processing eco-design action (image treatment, Video treatment, best in class principles..)",Keep,#3-D000-DEPIYP00,FALSE,TRUE,FALSE,TRUE,FALSE,FALSE,FALSE,,,,,,,,,,,,,,,,,
DESIGN,Design,Level 4,C,Design with real data (from a database file),"### Why ?
One of the most complex subjects for a designer is to take into account the data model. In order to improve the quality of interfaces and user interface, it is important to work with real data and not mock.

### What ?
Connect your figma interfaces to the Decathlon data (via xls file or directly by API retrieval via the Decathlon datalake or image DB). Different methods exist : local plugin, G.Sheet sync .

### How ?
The team must be able to demonstrate that design file are not using mock data, but dynamic data.",Keep,#3-D000-DWRDFADF,FALSE,TRUE,FALSE,TRUE,FALSE,FALSE,FALSE,,,,,,,,,,,,,,,,,
DESIGN,Documentation,Level 3,B,Add Haptic feedback in your product,"### Why ?
The feedback allows to improve the communication between the system and the user thanks to the vibration system. It is to be used with parsimony on the important actions of the course.

### What ?
To fulfull this requirement, set up haptic feedback in the product on action that required one (documentation here)

### How ?
The team must be able to demonstrate if needed, haptive feedbacks are setup.",Change Level,#3-D000-HF000000,FALSE,TRUE,FALSE,TRUE,FALSE,FALSE,FALSE,,,,,,,,,,,,,,,,,
DESIGN,Documentation,Level 4,C,Add Sounds design in your product,"### Why ?
The Sound design is an integral part of the man-machine interaction, allowing to improve the communication with the user thanks to the sound system. It is to be used with parsimony on important actions.

### What ?
To fulfull this requirement, set up sound design on the actions that make the most sense. (documentation here)

### How ?
The team must be able to demonstrate that sound design has been setup and documented.",Keep,#3-D000-SD000000,FALSE,TRUE,FALSE,TRUE,FALSE,FALSE,FALSE,,,,,,,,,,,,,,,,,
DESIGN,Workflow,Level 4,A,Test are done before merging new interfaces,"### Why ?
In the interest of quality, UI interfaces must be tested before being merged onto the master.

### What ?
To fulfull this requirement, set up a verification action (Vitamin checker) in the DOD (To be added to the workflow) + Rely on UI non-regression test plugins ([regressor](https://www.figma.com/community/plugin/1213220990852681773) available)

### How ?
The team must be able to demonstrate that quality action are set up in the workflow.",Keep,#3-W000-IATBMD00,FALSE,TRUE,FALSE,TRUE,FALSE,FALSE,FALSE,,,,,,,,,,,,,,,,,
DESIGN,Design,Level 1,A,"Have you considered insights from UXResearch, market research or best practices that helped you uncovering pain points and highlight opportunities for customers/users?","### Why ?
To ensure not reinventing the wheel but also to rely on tangible data in design.

### What ?
Relying on data present in research, in Decathlon repositories, but also by conducting market analysis.

### How ?
The team should be able to present the analyzed data and the conclusions drawn",Keep,#3-W000-IATBMD01,FALSE,TRUE,FALSE,TRUE,FALSE,FALSE,FALSE,,,,,,,,,,,,,,,,,
DESIGN,Design,Level 1,A,Journeys and features built are connected to the experience principles of the Domain/Unit,"### Why ?
To ensure designing an experience facing the decathlon standard, attached to our NorthStar

### What ?
Make sure to attached each experience ou user interface to the Design pillar, spread in the Design System

### How ?
Design pillar should be recognizable through experience, content, but also user interface.",Update,#3-W000-IATBMD02,FALSE,TRUE,FALSE,TRUE,FALSE,FALSE,FALSE,,,,,,,,,,,,,,,,,
DESIGN,Design,Level 2,A,"Have you regularly aligned with product and tech counterparts to ensure good understanding of tech limitations and business objectives? (Is the experience the sweet spot between viable, feasible and viable?)","### Why ?
Because an experience is the result of the intersection between tech, design, and business.

### What ?
Ensure alignment of common goals, considering the principles specific to each discipline, and ensuring the possibility, profitability, and desirability of the created experience.

### How ?
The team should be able to present indicators attached to each of these elements: viable, desirable, feasible.",Keep,#3-W000-IATBMD03,FALSE,TRUE,FALSE,TRUE,FALSE,FALSE,FALSE,,,,,,,,,,,,,,,,,
DESIGN,Design,Level 2,A,Have you developed or have you followed a clear set of KPIs to ensure analytics tracking prior to and after deployment? Is your experience linked to domain-specific or global KPIs?,"### Why ?
To ensure the consistency of each action undertaken, thereby ensuring everyone's focus on common priorities.

### What ?
Make sure to attach KPIs and indicators consistent with global KPIs.

### How ?
The team must be able to present indicators reflecting the performance of their experience and product.",Keep,#3-W000-IATBMD04,FALSE,TRUE,FALSE,TRUE,FALSE,FALSE,FALSE,,,,,,,,,,,,,,,,,
,,,,,,,,,,,,,,,,,,,,,,,,,,,,,,,
,,,,,,,,,,,,,,,,,,,,,,,,,,,,,,,
,,,,,,,,,,,,,,,,,,,,,,,,,,,,,,,
,,,,,,,,,,,,,,,,,,,,,,,,,,,,,,,
,,,,,,,,,,,,,,,,,,,,,,,,,,,,,,,
,,,,,,,,,,,,,,,,,,,,,,,,,,,,,,,
,,,,,,,,,,,,,,,,,,,,,,,,,,,,,,,
,,,,,,,,,,,,,,,,,,,,,,,,,,,,,,,
,,,,,,,,,,,,,,,,,,,,,,,,,,,,,,,
,,,,,,,,,,,,,,,,,,,,,,,,,,,,,,,
,,,,,,,,,,,,,,,,,,,,,,,,,,,,,,,
,,,,,,,,,,,,,,,,,,,,,,,,,,,,,,,
,,,,,,,,,,,,,,,,,,,,,,,,,,,,,,,
,,,,,,,,,,,,,,,,,,,,,,,,,,,,,,,
,,,,,,,,,,,,,,,,,,,,,,,,,,,,,,,
,,,,,,,,,,,,,,,,,,,,,,,,,,,,,,,
,,,,,,,,,,,,,,,,,,,,,,,,,,,,,,,
,,,,,,,,,,,,,,,,,,,,,,,,,,,,,,,
,,,,,,,,,,,,,,,,,,,,,,,,,,,,,,,
,,,,,,,,,,,,,,,,,,,,,,,,,,,,,,,
,,,,,,,,,,,,,,,,,,,,,,,,,,,,,,,
,,,,,,,,,,,,,,,,,,,,,,,,,,,,,,,
,,,,,,,,,,,,,,,,,,,,,,,,,,,,,,,
,,,,,,,,,,,,,,,,,,,,,,,,,,,,,,,
,,,,,,,,,,,,,,,,,,,,,,,,,,,,,,,
,,,,,,,,,,,,,,,,,,,,,,,,,,,,,,,
,,,,,,,,,,,,,,,,,,,,,,,,,,,,,,,
,,,,,,,,,,,,,,,,,,,,,,,,,,,,,,,
,,,,,,,,,,,,,,,,,,,,,,,,,,,,,,,
,,,,,,,,,,,,,,,,,,,,,,,,,,,,,,,
,,,,,,,,,,,,,,,,,,,,,,,,,,,,,,,
,,,,,,,,,,,,,,,,,,,,,,,,,,,,,,,
,,,,,,,,,,,,,,,,,,,,,,,,,,,,,,,
,,,,,,,,,,,,,,,,,,,,,,,,,,,,,,,
,,,,,,,,,,,,,,,,,,,,,,,,,,,,,,,
,,,,,,,,,,,,,,,,,,,,,,,,,,,,,,,
,,,,,,,,,,,,,,,,,,,,,,,,,,,,,,,
,,,,,,,,,,,,,,,,,,,,,,,,,,,,,,,
,,,,,,,,,,,,,,,,,,,,,,,,,,,,,,,
,,,,,,,,,,,,,,,,,,,,,,,,,,,,,,,
,,,,,,,,,,,,,,,,,,,,,,,,,,,,,,,
,,,,,,,,,,,,,,,,,,,,,,,,,,,,,,,
,,,,,,,,,,,,,,,,,,,,,,,,,,,,,,,
,,,,,,,,,,,,,,,,,,,,,,,,,,,,,,,
,,,,,,,,,,,,,,,,,,,,,,,,,,,,,,,
,,,,,,,,,,,,,,,,,,,,,,,,,,,,,,,
,,,,,,,,,,,,,,,,,,,,,,,,,,,,,,,
,,,,,,,,,,,,,,,,,,,,,,,,,,,,,,,
,,,,,,,,,,,,,,,,,,,,,,,,,,,,,,,
,,,,,,,,,,,,,,,,,,,,,,,,,,,,,,,
,,,,,,,,,,,,,,,,,,,,,,,,,,,,,,,
,,,,,,,,,,,,,,,,,,,,,,,,,,,,,,,
,,,,,,,,,,,,,,,,,,,,,,,,,,,,,,,
,,,,,,,,,,,,,,,,,,,,,,,,,,,,,,,
,,,,,,,,,,,,,,,,,,,,,,,,,,,,,,,
,,,,,,,,,,,,,,,,,,,,,,,,,,,,,,,
,,,,,,,,,,,,,,,,,,,,,,,,,,,,,,,
,,,,,,,,,,,,,,,,,,,,,,,,,,,,,,,
,,,,,,,,,,,,,,,,,,,,,,,,,,,,,,,
,,,,,,,,,,,,,,,,,,,,,,,,,,,,,,,
,,,,,,,,,,,,,,,,,,,,,,,,,,,,,,,
,,,,,,,,,,,,,,,,,,,,,,,,,,,,,,,
,,,,,,,,,,,,,,,,,,,,,,,,,,,,,,,
,,,,,,,,,,,,,,,,,,,,,,,,,,,,,,,
,,,,,,,,,,,,,,,,,,,,,,,,,,,,,,,
,,,,,,,,,,,,,,,,,,,,,,,,,,,,,,,
,,,,,,,,,,,,,,,,,,,,,,,,,,,,,,,
,,,,,,,,,,,,,,,,,,,,,,,,,,,,,,,
,,,,,,,,,,,,,,,,,,,,,,,,,,,,,,,
,,,,,,,,,,,,,,,,,,,,,,,,,,,,,,,
,,,,,,,,,,,,,,,,,,,,,,,,,,,,,,,
,,,,,,,,,,,,,,,,,,,,,,,,,,,,,,,
,,,,,,,,,,,,,,,,,,,,,,,,,,,,,,,
,,,,,,,,,,,,,,,,,,,,,,,,,,,,,,,
,,,,,,,,,,,,,,,,,,,,,,,,,,,,,,,
,,,,,,,,,,,,,,,,,,,,,,,,,,,,,,,
,,,,,,,,,,,,,,,,,,,,,,,,,,,,,,,
,,,,,,,,,,,,,,,,,,,,,,,,,,,,,,,
,,,,,,,,,,,,,,,,,,,,,,,,,,,,,,,
,,,,,,,,,,,,,,,,,,,,,,,,,,,,,,,
,,,,,,,,,,,,,,,,,,,,,,,,,,,,,,,
,,,,,,,,,,,,,,,,,,,,,,,,,,,,,,,
,,,,,,,,,,,,,,,,,,,,,,,,,,,,,,,
,,,,,,,,,,,,,,,,,,,,,,,,,,,,,,,
,,,,,,,,,,,,,,,,,,,,,,,,,,,,,,,
,,,,,,,,,,,,,,,,,,,,,,,,,,,,,,,
,,,,,,,,,,,,,,,,,,,,,,,,,,,,,,,
,,,,,,,,,,,,,,,,,,,,,,,,,,,,,,,
,,,,,,,,,,,,,,,,,,,,,,,,,,,,,,,
,,,,,,,,,,,,,,,,,,,,,,,,,,,,,,,
,,,,,,,,,,,,,,,,,,,,,,,,,,,,,,,
,,,,,,,,,,,,,,,,,,,,,,,,,,,,,,,
,,,,,,,,,,,,,,,,,,,,,,,,,,,,,,,
,,,,,,,,,,,,,,,,,,,,,,,,,,,,,,,
,,,,,,,,,,,,,,,,,,,,,,,,,,,,,,,
,,,,,,,,,,,,,,,,,,,,,,,,,,,,,,,
,,,,,,,,,,,,,,,,,,,,,,,,,,,,,,,
,,,,,,,,,,,,,,,,,,,,,,,,,,,,,,,
,,,,,,,,,,,,,,,,,,,,,,,,,,,,,,,
,,,,,,,,,,,,,,,,,,,,,,,,,,,,,,,
,,,,,,,,,,,,,,,,,,,,,,,,,,,,,,,
,,,,,,,,,,,,,,,,,,,,,,,,,,,,,,,
,,,,,,,,,,,,,,,,,,,,,,,,,,,,,,,
,,,,,,,,,,,,,,,,,,,,,,,,,,,,,,,
,,,,,,,,,,,,,,,,,,,,,,,,,,,,,,,
,,,,,,,,,,,,,,,,,,,,,,,,,,,,,,,
,,,,,,,,,,,,,,,,,,,,,,,,,,,,,,,
,,,,,,,,,,,,,,,,,,,,,,,,,,,,,,,
,,,,,,,,,,,,,,,,,,,,,,,,,,,,,,,
,,,,,,,,,,,,,,,,,,,,,,,,,,,,,,,
,,,,,,,,,,,,,,,,,,,,,,,,,,,,,,,
,,,,,,,,,,,,,,,,,,,,,,,,,,,,,,,
,,,,,,,,,,,,,,,,,,,,,,,,,,,,,,,
,,,,,,,,,,,,,,,,,,,,,,,,,,,,,,,
,,,,,,,,,,,,,,,,,,,,,,,,,,,,,,,
,,,,,,,,,,,,,,,,,,,,,,,,,,,,,,,
,,,,,,,,,,,,,,,,,,,,,,,,,,,,,,,
,,,,,,,,,,,,,,,,,,,,,,,,,,,,,,,
,,,,,,,,,,,,,,,,,,,,,,,,,,,,,,,
,,,,,,,,,,,,,,,,,,,,,,,,,,,,,,,
,,,,,,,,,,,,,,,,,,,,,,,,,,,,,,,
,,,,,,,,,,,,,,,,,,,,,,,,,,,,,,,
,,,,,,,,,,,,,,,,,,,,,,,,,,,,,,,
,,,,,,,,,,,,,,,,,,,,,,,,,,,,,,,
,,,,,,,,,,,,,,,,,,,,,,,,,,,,,,,
,,,,,,,,,,,,,,,,,,,,,,,,,,,,,,,
,,,,,,,,,,,,,,,,,,,,,,,,,,,,,,,
,,,,,,,,,,,,,,,,,,,,,,,,,,,,,,,
,,,,,,,,,,,,,,,,,,,,,,,,,,,,,,,
,,,,,,,,,,,,,,,,,,,,,,,,,,,,,,,
,,,,,,,,,,,,,,,,,,,,,,,,,,,,,,,
,,,,,,,,,,,,,,,,,,,,,,,,,,,,,,,
,,,,,,,,,,,,,,,,,,,,,,,,,,,,,,,
,,,,,,,,,,,,,,,,,,,,,,,,,,,,,,,
,,,,,,,,,,,,,,,,,,,,,,,,,,,,,,,
,,,,,,,,,,,,,,,,,,,,,,,,,,,,,,,
,,,,,,,,,,,,,,,,,,,,,,,,,,,,,,,
,,,,,,,,,,,,,,,,,,,,,,,,,,,,,,,
,,,,,,,,,,,,,,,,,,,,,,,,,,,,,,,
,,,,,,,,,,,,,,,,,,,,,,,,,,,,,,,
,,,,,,,,,,,,,,,,,,,,,,,,,,,,,,,
,,,,,,,,,,,,,,,,,,,,,,,,,,,,,,,
,,,,,,,,,,,,,,,,,,,,,,,,,,,,,,,
,,,,,,,,,,,,,,,,,,,,,,,,,,,,,,,
,,,,,,,,,,,,,,,,,,,,,,,,,,,,,,,
,,,,,,,,,,,,,,,,,,,,,,,,,,,,,,,
,,,,,,,,,,,,,,,,,,,,,,,,,,,,,,,
,,,,,,,,,,,,,,,,,,,,,,,,,,,,,,,
,,,,,,,,,,,,,,,,,,,,,,,,,,,,,,,
,,,,,,,,,,,,,,,,,,,,,,,,,,,,,,,
,,,,,,,,,,,,,,,,,,,,,,,,,,,,,,,
,,,,,,,,,,,,,,,,,,,,,,,,,,,,,,,
,,,,,,,,,,,,,,,,,,,,,,,,,,,,,,,
,,,,,,,,,,,,,,,,,,,,,,,,,,,,,,,
,,,,,,,,,,,,,,,,,,,,,,,,,,,,,,,
,,,,,,,,,,,,,,,,,,,,,,,,,,,,,,,
,,,,,,,,,,,,,,,,,,,,,,,,,,,,,,,
,,,,,,,,,,,,,,,,,,,,,,,,,,,,,,,
,,,,,,,,,,,,,,,,,,,,,,,,,,,,,,,
,,,,,,,,,,,,,,,,,,,,,,,,,,,,,,,
,,,,,,,,,,,,,,,,,,,,,,,,,,,,,,,
,,,,,,,,,,,,,,,,,,,,,,,,,,,,,,,
,,,,,,,,,,,,,,,,,,,,,,,,,,,,,,,
,,,,,,,,,,,,,,,,,,,,,,,,,,,,,,,
,,,,,,,,,,,,,,,,,,,,,,,,,,,,,,,
,,,,,,,,,,,,,,,,,,,,,,,,,,,,,,,
,,,,,,,,,,,,,,,,,,,,,,,,,,,,,,,
,,,,,,,,,,,,,,,,,,,,,,,,,,,,,,,
,,,,,,,,,,,,,,,,,,,,,,,,,,,,,,,
,,,,,,,,,,,,,,,,,,,,,,,,,,,,,,,
,,,,,,,,,,,,,,,,,,,,,,,,,,,,,,,
,,,,,,,,,,,,,,,,,,,,,,,,,,,,,,,
,,,,,,,,,,,,,,,,,,,,,,,,,,,,,,,
,,,,,,,,,,,,,,,,,,,,,,,,,,,,,,,
,,,,,,,,,,,,,,,,,,,,,,,,,,,,,,,
,,,,,,,,,,,,,,,,,,,,,,,,,,,,,,,
,,,,,,,,,,,,,,,,,,,,,,,,,,,,,,,
,,,,,,,,,,,,,,,,,,,,,,,,,,,,,,,
,,,,,,,,,,,,,,,,,,,,,,,,,,,,,,,
,,,,,,,,,,,,,,,,,,,,,,,,,,,,,,,
,,,,,,,,,,,,,,,,,,,,,,,,,,,,,,,
,,,,,,,,,,,,,,,,,,,,,,,,,,,,,,,
,,,,,,,,,,,,,,,,,,,,,,,,,,,,,,,
,,,,,,,,,,,,,,,,,,,,,,,,,,,,,,,
,,,,,,,,,,,,,,,,,,,,,,,,,,,,,,,
,,,,,,,,,,,,,,,,,,,,,,,,,,,,,,,
,,,,,,,,,,,,,,,,,,,,,,,,,,,,,,,
,,,,,,,,,,,,,,,,,,,,,,,,,,,,,,,
,,,,,,,,,,,,,,,,,,,,,,,,,,,,,,,
,,,,,,,,,,,,,,,,,,,,,,,,,,,,,,,
,,,,,,,,,,,,,,,,,,,,,,,,,,,,,,,
,,,,,,,,,,,,,,,,,,,,,,,,,,,,,,,
,,,,,,,,,,,,,,,,,,,,,,,,,,,,,,,
,,,,,,,,,,,,,,,,,,,,,,,,,,,,,,,
,,,,,,,,,,,,,,,,,,,,,,,,,,,,,,,
,,,,,,,,,,,,,,,,,,,,,,,,,,,,,,,
,,,,,,,,,,,,,,,,,,,,,,,,,,,,,,,
,,,,,,,,,,,,,,,,,,,,,,,,,,,,,,,
,,,,,,,,,,,,,,,,,,,,,,,,,,,,,,,
,,,,,,,,,,,,,,,,,,,,,,,,,,,,,,,
,,,,,,,,,,,,,,,,,,,,,,,,,,,,,,,
,,,,,,,,,,,,,,,,,,,,,,,,,,,,,,,
,,,,,,,,,,,,,,,,,,,,,,,,,,,,,,,
,,,,,,,,,,,,,,,,,,,,,,,,,,,,,,,
,,,,,,,,,,,,,,,,,,,,,,,,,,,,,,,
,,,,,,,,,,,,,,,,,,,,,,,,,,,,,,,
,,,,,,,,,,,,,,,,,,,,,,,,,,,,,,,
,,,,,,,,,,,,,,,,,,,,,,,,,,,,,,,
,,,,,,,,,,,,,,,,,,,,,,,,,,,,,,,
,,,,,,,,,,,,,,,,,,,,,,,,,,,,,,,
,,,,,,,,,,,,,,,,,,,,,,,,,,,,,,,
,,,,,,,,,,,,,,,,,,,,,,,,,,,,,,,
,,,,,,,,,,,,,,,,,,,,,,,,,,,,,,,
,,,,,,,,,,,,,,,,,,,,,,,,,,,,,,,
,,,,,,,,,,,,,,,,,,,,,,,,,,,,,,,
,,,,,,,,,,,,,,,,,,,,,,,,,,,,,,,
,,,,,,,,,,,,,,,,,,,,,,,,,,,,,,,
,,,,,,,,,,,,,,,,,,,,,,,,,,,,,,,
,,,,,,,,,,,,,,,,,,,,,,,,,,,,,,,
,,,,,,,,,,,,,,,,,,,,,,,,,,,,,,,
,,,,,,,,,,,,,,,,,,,,,,,,,,,,,,,
,,,,,,,,,,,,,,,,,,,,,,,,,,,,,,,
,,,,,,,,,,,,,,,,,,,,,,,,,,,,,,,
,,,,,,,,,,,,,,,,,,,,,,,,,,,,,,,
,,,,,,,,,,,,,,,,,,,,,,,,,,,,,,,
,,,,,,,,,,,,,,,,,,,,,,,,,,,,,,,
,,,,,,,,,,,,,,,,,,,,,,,,,,,,,,,
,,,,,,,,,,,,,,,,,,,,,,,,,,,,,,,
,,,,,,,,,,,,,,,,,,,,,,,,,,,,,,,
,,,,,,,,,,,,,,,,,,,,,,,,,,,,,,,
,,,,,,,,,,,,,,,,,,,,,,,,,,,,,,,
,,,,,,,,,,,,,,,,,,,,,,,,,,,,,,,
,,,,,,,,,,,,,,,,,,,,,,,,,,,,,,,
,,,,,,,,,,,,,,,,,,,,,,,,,,,,,,,
,,,,,,,,,,,,,,,,,,,,,,,,,,,,,,,
,,,,,,,,,,,,,,,,,,,,,,,,,,,,,,,
,,,,,,,,,,,,,,,,,,,,,,,,,,,,,,,
,,,,,,,,,,,,,,,,,,,,,,,,,,,,,,,
,,,,,,,,,,,,,,,,,,,,,,,,,,,,,,,
,,,,,,,,,,,,,,,,,,,,,,,,,,,,,,,
,,,,,,,,,,,,,,,,,,,,,,,,,,,,,,,
,,,,,,,,,,,,,,,,,,,,,,,,,,,,,,,
,,,,,,,,,,,,,,,,,,,,,,,,,,,,,,,
,,,,,,,,,,,,,,,,,,,,,,,,,,,,,,,
,,,,,,,,,,,,,,,,,,,,,,,,,,,,,,,
,,,,,,,,,,,,,,,,,,,,,,,,,,,,,,,
,,,,,,,,,,,,,,,,,,,,,,,,,,,,,,,
,,,,,,,,,,,,,,,,,,,,,,,,,,,,,,,
,,,,,,,,,,,,,,,,,,,,,,,,,,,,,,,
,,,,,,,,,,,,,,,,,,,,,,,,,,,,,,,
,,,,,,,,,,,,,,,,,,,,,,,,,,,,,,,
,,,,,,,,,,,,,,,,,,,,,,,,,,,,,,,
,,,,,,,,,,,,,,,,,,,,,,,,,,,,,,,
,,,,,,,,,,,,,,,,,,,,,,,,,,,,,,,
,,,,,,,,,,,,,,,,,,,,,,,,,,,,,,,
,,,,,,,,,,,,,,,,,,,,,,,,,,,,,,,
,,,,,,,,,,,,,,,,,,,,,,,,,,,,,,,
,,,,,,,,,,,,,,,,,,,,,,,,,,,,,,,
,,,,,,,,,,,,,,,,,,,,,,,,,,,,,,,
,,,,,,,,,,,,,,,,,,,,,,,,,,,,,,,
,,,,,,,,,,,,,,,,,,,,,,,,,,,,,,,
,,,,,,,,,,,,,,,,,,,,,,,,,,,,,,,
,,,,,,,,,,,,,,,,,,,,,,,,,,,,,,,
,,,,,,,,,,,,,,,,,,,,,,,,,,,,,,,
,,,,,,,,,,,,,,,,,,,,,,,,,,,,,,,
,,,,,,,,,,,,,,,,,,,,,,,,,,,,,,,
,,,,,,,,,,,,,,,,,,,,,,,,,,,,,,,
,,,,,,,,,,,,,,,,,,,,,,,,,,,,,,,
,,,,,,,,,,,,,,,,,,,,,,,,,,,,,,,
,,,,,,,,,,,,,,,,,,,,,,,,,,,,,,,
,,,,,,,,,,,,,,,,,,,,,,,,,,,,,,,
,,,,,,,,,,,,,,,,,,,,,,,,,,,,,,,
,,,,,,,,,,,,,,,,,,,,,,,,,,,,,,,
DELIVERY,Accelerate,Level 1,A,Place holder: please validate,TBD,Placeholder,#0-A000-PHPV0000-bf91045a,TRUE,TRUE,FALSE,TRUE,TRUE,TRUE,FALSE,,,,,,,,,,,,,,,,,
DELIVERY,Accelerate,Level 2,A,Place holder: please validate,TBD,Placeholder,#1-A000-PHPV0000-bf91045a,TRUE,TRUE,FALSE,TRUE,TRUE,TRUE,FALSE,,,,,,,,,,,,,,,,,
DELIVERY,Accelerate,Level 3,A,Accelerate metrics are captured and sent to delivery-metrics tools.,"### What is expected ?
You have the K8s-to-github tool setup, you use github environment for serverless, you declare your failure on the delivery-metrics UI",Delete,#2-A000-AMACASTD,TRUE,TRUE,FALSE,TRUE,TRUE,TRUE,FALSE,,,,,,,,,,,,,,,,,
DELIVERY,Accelerate,Level 4,A,Some actions are put in the backlogs to improve delivery,"### What is expected ?
Your backlog has some tickets to improve the delivery. It can be around development process, automation, ...",Delete,#3-A000-SAAPITBT,TRUE,TRUE,FALSE,TRUE,TRUE,TRUE,FALSE,,,,,,,,,,,,,,,,,
DELIVERY,Accelerate,Level 3,A,"Your manager / tech lead uses the IDP to select capabilities to improve. Actions are defined, shared and changes are planned.","### What is expected ?
You follow the KPIs around the delivery in the Internal Developer Platform and you follow the changes.",Update,#3-A000-YMTLUTDM,TRUE,TRUE,FALSE,TRUE,TRUE,TRUE,FALSE,,,Visual Management,Visual management boards can create a shared understanding of where the team is in terms of its operational effectiveness. They can also help identify and remove obstacles in the path to higher performance.,,,,,,,,,,,,,
DELIVERY,Accelerate,Level 4,A,You have defined your goal (KR) with accelerate metrics in the IDP and they are debriefed by the management,"### What is expected ?
You have defined the good level (Key Result) your application should reach and it is animated by your management",Update,#4-A000-YHDYGWAM,TRUE,TRUE,FALSE,TRUE,TRUE,TRUE,FALSE,,,Visual Management,Visual management boards can create a shared understanding of where the team is in terms of its operational effectiveness. They can also help identify and remove obstacles in the path to higher performance.,,,,,,,,,,,,,
DELIVERY,Application Configuration Management,Level 1,A,Application configuration is documented,"### What is expected?
Each contributor know how to configure the software to run in development, staging, production or any other environment. The procedure to get the environment values is documented.",Keep,#0-SCM000-ACID00-628570cc,TRUE,TRUE,FALSE,TRUE,FALSE,TRUE,FALSE,,,,,,,,,,,,,,,,,
DELIVERY,Application Configuration Management,Level 2,A,Production and non production configurations (technical) are versioned in a different repository than your app's source code,"### What is expected ?
The same build has to be run in staging and production, the technical configuration is provided at runtime (via configmap / secret / ...)

",Delete,#1-SCM000-PANPCI-7ae1e704,TRUE,FALSE,FALSE,TRUE,FALSE,TRUE,FALSE,,,,,,,,,,,,,,,,,
DELIVERY,Application Configuration Management,Level 3,A,Production and non production configurations (technical and applicative ) are versioned,"### What is expected ?
Configuration is versionned (can be configmap or secret or vault for technical aspect, can be database for functional one). The staging applicative configuration is on par from the production one. ( eg: on a transport application, delivery are setup the same way in staging and production, on a payment application, payment method are the same with the same limit on staging and production ... )",Delete,#2-ACM0-PANPCTAA,TRUE,FALSE,FALSE,TRUE,FALSE,TRUE,FALSE,,,,,,,,,,,,,,,,,
DELIVERY,Application Configuration Management,Level 4,A,Production and non production configuration (technical and applicative ) deployment is automated,"### What is expected ?
When you have an applicative configuration, you can promote one configuration from staging to production. eg: on a payment application, you may change a limit on a payment provider, test it on staging then click a button to push the same change in production). For this level, a configuration server may be involved.",Delete,#2-SCM000-PANPCD-fa64c73f,TRUE,FALSE,FALSE,TRUE,FALSE,TRUE,FALSE,,,,,,,,,,,,,,,,,
DELIVERY,Application Configuration Management,Level 2,A,The deployment package includes the environment-specific configuration (one build per environment),"### What is expected?
You build specific package per environment, containing the appropriate variable values for each environment. You may choose the environment to setup when starting your package, but it is still embeded in your package.",New,#1-ACM0-TDPITECO-032a3c5d,TRUE,FALSE,FALSE,TRUE,TRUE,FALSE,FALSE,,,CD,"Continuous delivery is the ability to release changes of all kinds on demand quickly, safely, and sustainably. Teams that practice continuous delivery well are able to release software and make changes to production in a low-risk way at any time—including during normal business hours—without impacting users.",Deployment Automation,Deployment automation is what enables you to deploy your software to testing and production environments with the push of a button. Automation is essential to reduce the risk of production deployments. It’s also essential for providing fast feedback on the quality of your software by allowing teams to do comprehensive testing as soon as possible after changes.,,,,,,,,,,,
DELIVERY,Application Configuration Management,Level 3,A,"The individual configuration properties can be granularly overridden via the infrastructure (env vars, configMaps)","#### What is expected?
You can dynamically set up your configuration, variable per variable, using the same package in each environment (from dev to prod). Warning: having the ability to choose a global environement set up doesn't comply with this critera, you need to be able to set up individual values",New,#2-ACM0-TICPCBGO-c5248ed9,TRUE,FALSE,FALSE,TRUE,TRUE,FALSE,FALSE,,,CD,"Continuous delivery is the ability to release changes of all kinds on demand quickly, safely, and sustainably. Teams that practice continuous delivery well are able to release software and make changes to production in a low-risk way at any time—including during normal business hours—without impacting users.",Deployment Automation,Deployment automation is what enables you to deploy your software to testing and production environments with the push of a button. Automation is essential to reduce the risk of production deployments. It’s also essential for providing fast feedback on the quality of your software by allowing teams to do comprehensive testing as soon as possible after changes.,,,,,,,,,,,
DELIVERY,Chaos Engineering,Level 1,A,Place holder: please validate,TBD,Delete,#0-CE00-PHPV0000-bf91045a,TRUE,FALSE,FALSE,TRUE,FALSE,TRUE,FALSE,,,,,,,,,,,,,,,,,
DELIVERY,Chaos Engineering,Level 2,A,Place holder: please validate,TBD,Delete,#1-CE00-PHPV0000-bf91045a,TRUE,FALSE,FALSE,TRUE,FALSE,TRUE,FALSE,,,,,,,,,,,,,,,,,
DELIVERY,Chaos Engineering,Level 3,A,"Manually destroy some instance randomly. Validate the application sanity (availability, no data corruption, ... )","### What is expected ?
You successfully destroyed some of your application instances in production without noticing issue. Instances came back to life automatically",Delete,#2-CE00-MDSIRVTA,TRUE,FALSE,FALSE,TRUE,FALSE,TRUE,FALSE,Reliability,,,,,,,,,,,,,,,,
DELIVERY,Chaos Engineering,Level 4,A,"Manually destroy some technical component such as Database, load balancing, compute ... ","### What is expected ?
You already destroyed a technical component in production and expected a full recovery in your objective. (component may have been recreated by relaunching some terraform / IaC process)",Delete,#3-CE00-MDSTCSAD,TRUE,FALSE,FALSE,TRUE,FALSE,TRUE,FALSE,Reliability,,,,,,,,,,,,,,,,
DELIVERY,Chaos Engineering,Level 5,A,Chaos testing automation is setup,"### What is expected ?
You have a running chaos testing tool set up on your infra, this tool breaks things randomly",Delete,#4-SA0000-CTAIS0-0ca1a18f,TRUE,FALSE,FALSE,TRUE,FALSE,TRUE,FALSE,Reliability,,,,,,,,,,,,,,,,
DELIVERY,Continous Integration,Level 1,A,Your builds are automated using Github Actions with Decathlon runners (exception: use Bitrise for Mobile),"### What is expected?
Software packages are built by using Github Actions and internal self-hosted runners referenced as the only solution. Any other tool is fordidden, including (but not exhaustive) Google Cloud Build or Jenkins. For mobile builds, Bitrise can be used.",Update,#0-CI0000-ABUJGO-d88f8d1d,TRUE,TRUE,FALSE,TRUE,TRUE,TRUE,FALSE,,,CI,"Software systems are complex, and an apparently simple, self-contained change to a single file can have unintended side effects on the overall system. When a large number of developers work on related systems, coordinating code updates is a hard problem, and changes from different developers can be incompatible. The practice of continuous integration (CI) was created to address these problems. ",,,,,,,,,,,,,
DELIVERY,Continous Integration,Level 2,A,"Your automated build contains the mandatory step (build, test, quality, security). Build are also triggered on every pull request. Pull requests cannot be merged without a success on the build
","### What is expected ?
CI is composed with the steps described here: https://decathlon.atlassian.net/wiki/x/-K8GCw",Update,#1-CI0000-UTAAPS-13c13a07,TRUE,TRUE,FALSE,TRUE,FALSE,TRUE,FALSE,,,CI,"Software systems are complex, and an apparently simple, self-contained change to a single file can have unintended side effects on the overall system. When a large number of developers work on related systems, coordinating code updates is a hard problem, and changes from different developers can be incompatible. The practice of continuous integration (CI) was created to address these problems. ",,,,,,,,,,,,,
DELIVERY,Continous Integration,Level 2,B,"A vulnerability scan is set in the CI build. For code, sonarcloud has to be used. Docker image has to be scanned (with a Prisma scan or a new tools proposed by security team)",TBD,Delete,#2-CI0000-VSICSP-3e8f7e8b,TRUE,TRUE,FALSE,TRUE,TRUE,TRUE,FALSE,,,,,,,,,,,,,,,,,
DELIVERY,Continous Integration,Level 4,A,Your are using a reusable workflow managed by your domain,"### What is expected?
Your build pipeline is using a reusable implementation of CI/CD managed at your domain domain. /!\ It is not about copy/paste existing Github action workflow but using a reusable one.
Implementations exists in ecommerce, instore, cpe, bcp, ...",New,#3-CI00-YAUARWMB-7ca8ad29,TRUE,FALSE,FALSE,TRUE,TRUE,TRUE,FALSE,,,CI,"Software systems are complex, and an apparently simple, self-contained change to a single file can have unintended side effects on the overall system. When a large number of developers work on related systems, coordinating code updates is a hard problem, and changes from different developers can be incompatible. The practice of continuous integration (CI) was created to address these problems. ",,,,,,,,,,,,,
DELIVERY,Continous Integration,Level 5,A,Your are using the Decathlon reusable workflow (supported by the SIG Delivery) for your CI (will be available in the dktunited/.github repo in 2026).,"### What is expected?
Your build pipeline is using the reusable implementation of CI managed centrally by the SIG Delivery community and the CPE domain to build your software.
This workflow is available in the dktunited/.github repository",New,#4-CI00-YAUTDRWS-9b3f4eb5,TRUE,FALSE,FALSE,TRUE,TRUE,TRUE,FALSE,,,CI,"Software systems are complex, and an apparently simple, self-contained change to a single file can have unintended side effects on the overall system. When a large number of developers work on related systems, coordinating code updates is a hard problem, and changes from different developers can be incompatible. The practice of continuous integration (CI) was created to address these problems. ",,,,,,,,,,,,,
DELIVERY,Continuous Deployment,Level 1,A,Build and deployment pipeline is described and documented (Github or Wiki page),TBD,Delete,#0-CD0000-BADPID-5f1a6ec8,TRUE,TRUE,FALSE,TRUE,TRUE,TRUE,FALSE,,,,,,,,,,,,,,,,,
DELIVERY,Continuous Deployment,Level 1,B,"A staging environment exists. Tests can be run in this environment, other applications may use this staging for their own test.",TBD,Delete,#0-CD00-ASEETCBR,TRUE,FALSE,FALSE,TRUE,FALSE,TRUE,FALSE,,,,,,,,,,,,,,,,,
DELIVERY,Continuous Deployment,Level 1,A,"Deployments (staging / production) are automated. Tools can be flux for Kubernetes, GitHub actions for serverless/PaaS servers","### What is expected?
You deployment approach is based on GitOps principle, resulting from automatic deployment of the software on the infrastructure by FluxCD for Kubernetes or Github Action for serverless. ",Change Level,#1-CD0000-ADWATA-add983a7,TRUE,FALSE,FALSE,TRUE,FALSE,TRUE,FALSE,,,CD,"Continuous delivery is the ability to release changes of all kinds on demand quickly, safely, and sustainably. Teams that practice continuous delivery well are able to release software and make changes to production in a low-risk way at any time—including during normal business hours—without impacting users.",Deployment Automation,Deployment automation is what enables you to deploy your software to testing and production environments with the push of a button. Automation is essential to reduce the risk of production deployments. It’s also essential for providing fast feedback on the quality of your software by allowing teams to do comprehensive testing as soon as possible after changes.,,,,,,,,,,,
DELIVERY,Continuous Deployment,Level 1,B,"Projects are built on a CI, artifacts are stored in an approved registry (GCP GAR or AWS CodeArtifacts only)  then deployed in staging and prod.
","### What is expected ?
You store your artifact in Google Artifact Registry or AWS CodeArtifacts. The push trigger the deployment automatically in staging (snapshots) or in production (releases)",Update,#1-CD0000-PRPAIA-e0181e2e,TRUE,FALSE,FALSE,TRUE,TRUE,TRUE,FALSE,,,CD,"Continuous delivery is the ability to release changes of all kinds on demand quickly, safely, and sustainably. Teams that practice continuous delivery well are able to release software and make changes to production in a low-risk way at any time—including during normal business hours—without impacting users.",Deployment Automation,Deployment automation is what enables you to deploy your software to testing and production environments with the push of a button. Automation is essential to reduce the risk of production deployments. It’s also essential for providing fast feedback on the quality of your software by allowing teams to do comprehensive testing as soon as possible after changes.,,,,,,,,,,,
DELIVERY,Continuous Deployment,Level 2,A,Artifact are not stored on Corporate Nexus ( http://nexus.osiris.withoxylane.com ) but on a Google Artifact Registry,TBD,Delete,#1-CD00-AANSOCNA,TRUE,TRUE,FALSE,TRUE,TRUE,TRUE,FALSE,,,,,,,,,,,,,,,,,
DELIVERY,Continuous Deployment,Level 2,B,"Trunk based development is recommanded, thus after every PR merged in the main branch, a deployment in the staging environment has to be done","### What is expected?
Features development is done on a branch, then merged on the main branch through a pull request. Each feature merged on the main branch is automatically deployed on the staging environment and considered as ready for production.",Change Level,#2-CD0000-DIASEA-cc162b2c,TRUE,FALSE,FALSE,TRUE,TRUE,TRUE,FALSE,,,CD,"Continuous delivery is the ability to release changes of all kinds on demand quickly, safely, and sustainably. Teams that practice continuous delivery well are able to release software and make changes to production in a low-risk way at any time—including during normal business hours—without impacting users.",Deployment Automation,Deployment automation is what enables you to deploy your software to testing and production environments with the push of a button. Automation is essential to reduce the risk of production deployments. It’s also essential for providing fast feedback on the quality of your software by allowing teams to do comprehensive testing as soon as possible after changes.,Trunk Based,Each developer divides their own work into small batches and merges that work into trunk at least once (and potentially several times) a day,,,,,,,,,
DELIVERY,Continuous Deployment,Level 3,A,At least continuous delivery is asked for this level. Production deployment is automated but a safeguard is kept with manual validation.,"### What is expected ?
At this level, a build is done, deploy in staging in an automated way, then when the team decide this build is stable, someone can trigger a workflow to deliver the artifact in production. This can be done by attaching a workflow on the release feature on GitHub for instance",Keep,#2-CD0000-PDIABA-2fc47e8c,TRUE,TRUE,FALSE,TRUE,TRUE,TRUE,FALSE,,,CD,"Continuous delivery is the ability to release changes of all kinds on demand quickly, safely, and sustainably. Teams that practice continuous delivery well are able to release software and make changes to production in a low-risk way at any time—including during normal business hours—without impacting users.",Deployment Automation,Deployment automation is what enables you to deploy your software to testing and production environments with the push of a button. Automation is essential to reduce the risk of production deployments. It’s also essential for providing fast feedback on the quality of your software by allowing teams to do comprehensive testing as soon as possible after changes.,,,,,,,,,,,
DELIVERY,Continuous Deployment,Level 3,B,Only for docker image: I promote image from staging to production instead of rebuilding it.,"### What is expected ?
At this level you can retag image or move an image to make a deployment on production.
You do not rebuild your image, and what you did test in staging will be executed in production",Keep,#2-CD00-OFDIIPIF-bc8233f7,TRUE,FALSE,FALSE,TRUE,FALSE,TRUE,FALSE,,,CD,"Continuous delivery is the ability to release changes of all kinds on demand quickly, safely, and sustainably. Teams that practice continuous delivery well are able to release software and make changes to production in a low-risk way at any time—including during normal business hours—without impacting users.",Deployment Automation,Deployment automation is what enables you to deploy your software to testing and production environments with the push of a button. Automation is essential to reduce the risk of production deployments. It’s also essential for providing fast feedback on the quality of your software by allowing teams to do comprehensive testing as soon as possible after changes.,,,,,,,,,,,
DELIVERY,Continuous Deployment,Level 4,A,"Production deployment is performed after every merge in main branch. Pull requests are deployed on ephemeral environments
","### What is expected ?
Test are done on ephemeral environment during the PR validation and production deployment(automated or manual relase process) are done when PR is merged on main branch or a release is created.",Update,#3-CD0000-PDIPAE-acb321dc,TRUE,FALSE,FALSE,TRUE,TRUE,TRUE,FALSE,,,CD,"Continuous delivery is the ability to release changes of all kinds on demand quickly, safely, and sustainably. Teams that practice continuous delivery well are able to release software and make changes to production in a low-risk way at any time—including during normal business hours—without impacting users.",Deployment Automation,Deployment automation is what enables you to deploy your software to testing and production environments with the push of a button. Automation is essential to reduce the risk of production deployments. It’s also essential for providing fast feedback on the quality of your software by allowing teams to do comprehensive testing as soon as possible after changes.,,,,,,,,,,,
DELIVERY,Continuous Deployment,Level 4,B,Production deployment rollback with low latency can be performed manually,"### What is expected ?
You have a rollback process (can be link to untag/retag of previous version, can be modifying a configuration file...) The version support the current database version so that there is no ""big change"" to do for this rollback to work.",Delete,#3-CD0000-PDRWLL-61754918,TRUE,FALSE,FALSE,TRUE,TRUE,TRUE,FALSE,Reliability,,,,,,,,,,,,,,,,
DELIVERY,Continuous Deployment,Level 5,A,My team could deploy more than 50 release a day if necessary. Our deployments on production are automated through modern roll out practices like canary deployment.,"### What is expected ?
Deployment is no more a question, each commit on main trigger an automated release or deployment on production through modern roll out practices like canary deployment.",Keep,#4-CD0000-ENCIPO-f1a99115,TRUE,FALSE,FALSE,TRUE,TRUE,TRUE,FALSE,Reliability,,CD,"Continuous delivery is the ability to release changes of all kinds on demand quickly, safely, and sustainably. Teams that practice continuous delivery well are able to release software and make changes to production in a low-risk way at any time—including during normal business hours—without impacting users.",Deployment Automation,Deployment automation is what enables you to deploy your software to testing and production environments with the push of a button. Automation is essential to reduce the risk of production deployments. It’s also essential for providing fast feedback on the quality of your software by allowing teams to do comprehensive testing as soon as possible after changes.,,,,,,,,,,,
DELIVERY,Continuous Deployment,Level 5,B,Production deployment rollback is fully automated based on observability tools,"### What is expected?
When a new release is deployed, observability tools detect the defects in case of a broken feature. If the defined thresholds are exceeded, the rollback to the previous stable version is done automatically, without human intervention.",Keep,#4-CD0000-PDRIFA-e83b04f4,TRUE,FALSE,FALSE,TRUE,TRUE,TRUE,FALSE,,,CD,"Continuous delivery is the ability to release changes of all kinds on demand quickly, safely, and sustainably. Teams that practice continuous delivery well are able to release software and make changes to production in a low-risk way at any time—including during normal business hours—without impacting users.",Deployment Automation,Deployment automation is what enables you to deploy your software to testing and production environments with the push of a button. Automation is essential to reduce the risk of production deployments. It’s also essential for providing fast feedback on the quality of your software by allowing teams to do comprehensive testing as soon as possible after changes.,Monitoring,"Monitoring is tooling or a technical solution that allows teams to watch and understand the state of their systems. Monitoring is based on gathering predefined sets of metrics or logs.
Observability is tooling or a technical solution that allows teams to actively debug their system. Observability is based on exploring properties and patterns not defined in advance.",,,,,,,,,
DELIVERY,Continuous Deployment,Level 5,D,A pen testing campain is automated after each deployment,TBD,Delete,#4-CD0000-APTAED-9bee3c0e,TRUE,FALSE,FALSE,TRUE,TRUE,TRUE,FALSE,,,,,,,,,,,,,,,,,
DELIVERY,Database Control,Level 1,A,"The database structure is managed via explicit SQL migration files (excluding ORM auto-generation) or documented NoSQL definitions
","### What is expected ?
The database DDL should be stored in source code so that we can setup a fresh database from them.",Update,#0-DC0000-DCTSF0-a17a3d26,TRUE,FALSE,FALSE,FALSE,FALSE,TRUE,FALSE,,,Deployment Automation,Deployment automation is what enables you to deploy your software to testing and production environments with the push of a button. Automation is essential to reduce the risk of production deployments. It’s also essential for providing fast feedback on the quality of your software by allowing teams to do comprehensive testing as soon as possible after changes.,,,,,,,,,,,,,
DELIVERY,Database Control,Level 1,B,"nosql : If you use a document store, a key/value store or a graph database, data format have to be documented","### What is expected ?
You can write a technical documentation ( for instance json-schema or diagram or ...) to describe what you put in your database. 
This file can be set in your application documentation / source code",Delete,#0-DC00-NIYUADSA,TRUE,FALSE,FALSE,FALSE,FALSE,TRUE,FALSE,,,,,,,,,,,,,,,,,
DELIVERY,Database Control,Level 2,A,Automated Database Version Control (Flyway),"### What is expected ?
The database DDL is versionned in the source code and flyway is used in an automated way to apply changes on staging / production database (either in the application itself or in the delivery process)",Keep,#1-DC0000-ADVCF0-3e26586b,TRUE,FALSE,FALSE,FALSE,FALSE,TRUE,FALSE,Reliability,,Deployment Automation,Deployment automation is what enables you to deploy your software to testing and production environments with the push of a button. Automation is essential to reduce the risk of production deployments. It’s also essential for providing fast feedback on the quality of your software by allowing teams to do comprehensive testing as soon as possible after changes.,,,,,,,,,,,,,
DELIVERY,Database Control,Level 3,A,"All my DB changes could be done without downtime. 
Application can be rollbacked without db changes.","### What is expected ?
Every DB change have to work with application version -1 / current / +1. Best practice when adding / modifying / removing a column must be follow ( for instance when modifying a column type, you would duplicate the column to have previous format and next format, application will use the previous format, then the next version you will write both column, then next version you will read from new version then you can remove the old column )",Keep,#2-DC0000-AMDCCB-ab52555a,TRUE,FALSE,FALSE,FALSE,FALSE,TRUE,FALSE,Reliability,,Deployment Automation,Deployment automation is what enables you to deploy your software to testing and production environments with the push of a button. Automation is essential to reduce the risk of production deployments. It’s also essential for providing fast feedback on the quality of your software by allowing teams to do comprehensive testing as soon as possible after changes.,,,,,,,,,,,,,
DELIVERY,Workflows,Level 1,A,Use groups to manage CI access,"### Why ?
if onboarding process is very important, offboarding process is also essential in order to be sure that all grants are correctly managed when a teammate leave a project. Because is generally a manual process, it may be fails. In order to avoid this issue, application access has to be given to a team an not individually.

>### What ?
To fulfill this requirement, you need to ask to be added to your dedicated team on Bitrise by a Bitrise Administrator.

>### How ?
The team must be able to demonstrate, through the ""Team"" section of the bitrise workspace settings that the collaborators are added in a specific team.",Update,#0-D000-CBGFYTU0,FALSE,TRUE,FALSE,FALSE,FALSE,FALSE,FALSE,,,,,,,,,,,,,,,,,
DELIVERY,Workflows,Level 2,B,Release and user acceptances workflows described and documented (beta? TNR? release frequency? etc.),"### Why ?
Every member of the team should be able to be onboard on the CI/CD topic easily throught a documentation present on the Decathlon Digital Wiki or in your Github repository.

>### What ?
Markdown file or wiki page

>### How ?
free format",Keep,#1-D000-RAUAWDAD,FALSE,TRUE,FALSE,FALSE,TRUE,FALSE,FALSE,,,,,,,,,,,,,,,,,
DELIVERY,Service Availability,Level 1,A,I have several replicas in production for my application (can be in a single zone),"### What is expected ?
Your production deployment has more than 1 replica. It can be deployed on a single zone or multiple ones",Update,#1-SA0000-HWRITC-ed6d3fe4,TRUE,FALSE,FALSE,TRUE,FALSE,TRUE,FALSE,Reliability,,,,,,,,,,,,,,,,
DELIVERY,Service Availability,Level 2,A,"My application is deployed on a multiple instances (vm, pod, ...) on a single availability zone (YES) or more (N/A)","""### What is expected ?
Your production deployment has minimum of 2 replicas. In case of failure of 1 instance, the other can take the relay. It may temporarily break your availability.""",Delete,#1-SA00-MAIDOAMI-d54ddbbc,TRUE,FALSE,FALSE,TRUE,TRUE,TRUE,FALSE,Reliability,,,,,,,,,,,,,,,,
DELIVERY,Service Availability,Level 2,A,I have several replicas in production for my application in several zones (single region / datacenter),"### What is expected ?
The deployment is done on at least 2 zones and on kubernetes there is some ""non-affinity"" rule set to avoid having all replicas in a single zone",Update,#2-SA0000-PRIITM-7ec099db,TRUE,FALSE,FALSE,TRUE,FALSE,TRUE,FALSE,Reliability,,,,,,,,,,,,,,,,
DELIVERY,Service Availability,Level 3,B,Production deployment is done without service disruption,"### What is expected ?
You can update your application whenever you want (during the day, with a lot of load ... ) no service disruption should be reported",Keep,#3-SA0000-PDIDWS-24204d48,TRUE,FALSE,FALSE,TRUE,TRUE,TRUE,FALSE,Reliability,,,,,,,,,,,,,,,,
DELIVERY,Service Availability,Level 4,A,My application is deployed on multiple regions (active/passive mode),"### What is expected ?
The deployment is done on at least 2 regions but one is active, the other one can take the relay in case of failure (manual or automated promotion)",Keep,#3-SA00-MAIDOMRA-dab6dda0,TRUE,FALSE,FALSE,TRUE,TRUE,TRUE,FALSE,Reliability,,,,,,,,,,,,,,,,
DELIVERY,Service Availability,Level 5,A,My application is deployed on multiple regions (active/active mode),"""### What is expected ?
The deployment is done in at least 2 regions. The traffic is handled by the 2 regions concurrently.",Keep,#4-SA00-MAIDOMRA-0d5e1989,TRUE,FALSE,FALSE,TRUE,TRUE,TRUE,FALSE,Reliability,,,,,,,,,,,,,,,,
DELIVERY,Workflows,Level 2,A,"Your CI runs static quality code checkers as types, code format, dependencies and linter.","### Why ?
Code quality is essential to the maintainability of your project

### What ?
Linters recommended by the Tech Radar

### How ?
Bitrise Actions",Delete,#1-BA00-LRFEP000,TRUE,TRUE,FALSE,TRUE,TRUE,TRUE,FALSE,,,,,,,,,,,,,,,,,
DELIVERY,Workflows,Level 3,A,Integration to notify failing builds or release success,"### Why ?
It is always more efficient for an engineer to configure workflows whose result comes to her/him rather than to regularly check if the workflow is finished or not.

### What ?
To fulfill this requirement, your Bitrise configuration should include the slack message Bitrise Action for every triggers.

### How ?
Add the Bitrise Action from Bitrise website or locally in your bitrise yaml file.",Update,#2-BA00-SITRFBOR,FALSE,TRUE,FALSE,FALSE,TRUE,FALSE,FALSE,,,,,,,,,,,,,,,,,
DELIVERY,Workflows,Level 2,A,"Deploy an artifact on demand (publish on Bitrise Deployment, GAR or Firebase Distribution, TestFlight, Play Store or Apple Store)","### Why ?
Publish the app on stores

### What ?
Use bitrise account connection & workflow / pipeline

### How ?
https://devcenter.bitrise.io/en/deploying.html",Keep,#1-W000-DAAODPOB,FALSE,TRUE,FALSE,FALSE,FALSE,FALSE,FALSE,,,,,,,,,,,,,,,,,
DELIVERY,Workflows,Level 3,B,"Testing artifact is generated after every pull requests (publish on Bitrise Deployment, GAR or Firebase Distribution, TestFlight)","### Why ?
Generate an artifact of your application for every pull requests accelerate the testing phase of your contribution.

### What ?
To fulfill this requirement, your Bitrise configuration should include the assemble Bitrise Action inside the Pull Request trigger.

### How ?
Add the Bitrise Action from Bitrise website or locally in your bitrise yaml file.",Keep,#2-W000-TAIGAEPR,FALSE,TRUE,FALSE,FALSE,FALSE,FALSE,FALSE,,,,,,,,,,,,,,,,,
DELIVERY,Workflows,Level 4,A,"Each day, an e2e test pipeline is triggered (P0)","### Why ?
Each night, a workflow should be trigger to generate a nightly release of your mobile application which will include all your changes from your previous day. This artifact should be publish in a registry and easily accessible for your team.

### What ?
To fulfill this requirement, your Bitrise configuration should include the assemble and publish Bitrise Actions to build your mobile application and publish it in a registry.

### How ?
Add the Bitrise Action from Bitrise website or locally in your bitrise yaml file on the develop branch and triggered during the night.",Keep,#3-W000-RDNR0000,FALSE,TRUE,FALSE,FALSE,FALSE,FALSE,FALSE,,,,,,,,,,,,,,,,,
DELIVERY,Workflows,Level 5,A,"Production artifact is published to end user on the official deployment funnel (Play Store, App Store, internal app store, GAR…)","### Why ?
When you publish a release tag on your Git repository, it should trigger a Bitrise workflow which will generate your production artifact and publish it automatically if all checks are passed on the official deployment App Store.

### What ?
To fulfill this requirement, your Bitrise configuration should include a workflow to publish on your mobile App Store and artifacts should be available automatically there.

### How ?
Add the Bitrise workflow from Bitrise website or locally in your bitrise yaml file which include build, assemble and publish Bitrise actions inside.",Update,#4-W000-PAIPTEUO,FALSE,TRUE,FALSE,FALSE,FALSE,FALSE,FALSE,,,,,,,,,,,,,,,,,
DELIVERY,Continous Integration,Level 1,A,Place holder: please validate,TBD,Placeholder,#0-CI00-PHPV0000-bf91045a,FALSE,FALSE,FALSE,FALSE,TRUE,FALSE,FALSE,,,,,,,,,,,,,,Corentin VASSEUR -CROIX-,,,
DELIVERY,Continous Integration,Level 3,C,"Once the tool to capture code quality and reporting is identified, the same has to be configured in CI environment as a build step.","### What is expected 
The identified tool for capturing code quality and reporting should be integrated into the CI environment as part of the build process to ensure continuous monitoring and reporting of code quality.
### How
Using SonarQube for reporting code quality to evaluate the static code analysis.",Keep,#2-CI00-OTTTCCQA-ab9f333f,FALSE,FALSE,FALSE,FALSE,TRUE,FALSE,FALSE,,,,,,,,,,,,,,Corentin VASSEUR -CROIX-,,,
DELIVERY,Continous Integration,Level 2,C,Linter run for each push on main branch and PR.,"### What is expected 
 Linters should be configured to run on every push to the main branch and on pull requests to catch and correct code issues early in the development process.",Keep,#1-CI00-LRFEPOMB-1bb6988d,FALSE,FALSE,FALSE,FALSE,TRUE,FALSE,FALSE,,,,,,,,,,,,,,Corentin VASSEUR -CROIX-,,,
DELIVERY,Continous Integration,Level 3,D,Automation Deployment - this should be configured as the last step in the build process. Automation deployment tool of choice to be configured in CI environment to trigger with the latest artifact.,"### What is expected 
 Automated deployment should be the final step in the build process, using a deployment tool configured in the CI environment to deploy the latest artifact automatically.",Keep,#2-CI00-ADTSBCAT-8b3535a0,FALSE,FALSE,FALSE,FALSE,TRUE,FALSE,FALSE,,,,,,,,,,,,,,Corentin VASSEUR -CROIX-,,,
DELIVERY,Continous Integration,Level 4,A,"Pipeline Redundancy - In the event that a pipeline should fail, the process should be able to automatically halt and give alerts to the development team.","### What
The team then needs to correct any issues that have caused this error condition and start the pipeline orchestration from the beginning, prior to doing anything else, treating this condition as a high priority.",Keep,#3-CI00-PRITETAP-016d4bb4,FALSE,FALSE,FALSE,FALSE,TRUE,FALSE,FALSE,,,,,,,,,,,,,,Corentin VASSEUR -CROIX-,,,
DELIVERY,Continous Integration,Level 4,C,Static code analysis decorate pull requests with a comment from sonar user.,"### Why ?
Sonar will block your Pull Request before this requirement (thanks to quality pillar) but to help your team to know what are the potential regressions reported by sonar, you should configure Sonar to publish a comment on your Pull Request with a summary of the build.

### What
To fulfill this requirement, every pull request should be decorated by sonar with the summary of the build.

### How
Configure your sonar integration to be executed on every pull request and post the comment.",Keep,#3-CI00-SCADPRWA-a832ddb3,FALSE,FALSE,FALSE,FALSE,TRUE,FALSE,FALSE,,,,,,,,,,,,,,Corentin VASSEUR -CROIX-,,,
DELIVERY,Continous Integration,Level 5,A,"CI server should be configured in such a way to take only the latest changes (just the updates), rather than the entire repository for building the artifact.","### What is expected 
 Configure the CI server to fetch only the latest changes instead of the entire repository to optimize build times and resource usage.",Keep,#4-CI00-CSSBCISA-30221dbc,FALSE,FALSE,FALSE,FALSE,TRUE,FALSE,FALSE,,,,,,,,,,,,,,Corentin VASSEUR -CROIX-,,,
DELIVERY,Continous Integration,Level 5,B,CI server has to be configured to poll the source code repository on a frequent interval (lets say every 12h) to look for a change.,"### What is expected 
 The CI server should be set up to poll the source code repository at regular intervals, such as every 12 hours, to detect and process any changes promptly.",Keep,#4-CI00-CSHTBCTP-4c00d071,FALSE,FALSE,FALSE,FALSE,TRUE,FALSE,FALSE,,,,,,,,,,,,,,Corentin VASSEUR -CROIX-,,,
DELIVERY,Continuous Deployment,Level 2,D,"A dev and staging environment exists for testing ml (or/and data) artifact (code) on data samples. Tests can be run in this environment, other applications may use this staging for their own test.","### What is expected 
 Separate development and staging environments must be established for testing ML and data artifacts on sample data, providing a space for thorough testing before production deployment.",Keep,#1-CD00-ADASEEFT-96cd6a2d,FALSE,FALSE,FALSE,FALSE,TRUE,FALSE,FALSE,,,,,,,,,,,,,,Corentin VASSEUR -CROIX-,,,
DELIVERY,Continuous Deployment,Level 3,C,"Variables for different environment - Development, Integration, QA, Staging and Production has to be configured separately in the Automation Deployment platform.","### What is expected 
 Configure environment-specific variables for Development, Integration, QA, Staging, and Production within the automation deployment platform to ensure proper environment management and deployment consistency.",Keep,#2-CD00-VFDEDIQS-5f24d767,FALSE,FALSE,FALSE,FALSE,TRUE,FALSE,FALSE,,,,,,,,,,,,,,Corentin VASSEUR -CROIX-,,,
DELIVERY,Continuous Deployment,Level 2,E,Models are stored and versionned into a model registry in staging and production environement.,"### What is expected 
 ML models should be stored and versioned in a model registry, ensuring traceability and proper version management in both staging and production environments.",Keep,#1-CD00-MASAVIAM-c642b30c,FALSE,FALSE,FALSE,FALSE,TRUE,FALSE,FALSE,,,,,,,,,,,,,,Corentin VASSEUR -CROIX-,,,
DELIVERY,Continuous Deployment,Level 3,D,"Deployments (staging / production) are automated. Tools can be Fluxv2 for Kubernetes, GitHub actions for Airflow Dags or Code Artifacts or Depl git repository.","### What is expected 
 Deployments to staging and production environments should be automated using appropriate tools like Fluxv2 for Kubernetes, GitHub Actions for Airflow DAGs or code artifacts, ensuring consistent and reliable deployments.",Keep,#2-CD00-DSPAATCB-7d4e6266,FALSE,FALSE,FALSE,FALSE,TRUE,FALSE,FALSE,,,,,,,,,,,,,,Corentin VASSEUR -CROIX-,,,
DELIVERY,Continuous Deployment,Level 3,E,Production and non production configurations (technical and applicative ) are versionned on git and s3.,"### What is expected 
 Both production and non-production configurations should be versioned using Git and S3 to maintain a record of changes and ensure consistent configuration management.",Keep,#2-CD00-PANPCTAA-b563d9e8,FALSE,FALSE,FALSE,FALSE,TRUE,FALSE,FALSE,,,,,,,,,,,,,,Corentin VASSEUR -CROIX-,,,
DELIVERY,Continuous Deployment,Level 3,F,Production and non production configuration (technical and applicative ) deployment is automated.,"### What is expected 
 The deployment of both technical and application configurations for production and non-production environments should be automated to enhance efficiency and reduce the risk of errors.",Keep,#2-CD00-PANPCTAA-fc54f5fa,FALSE,FALSE,FALSE,FALSE,TRUE,FALSE,FALSE,,,,,,,,,,,,,,Corentin VASSEUR -CROIX-,,,
DELIVERY,Continuous Deployment,Level 3,G,"A dev and staging environment exists for testing data ml or api artifact. Tests can be run in this environment, other applications may use this staging for their own test.","### What is expected 
 Establish separate development and staging environments for testing data, ML, and API artifacts to ensure comprehensive testing and validation before production deployment.",Keep,#2-CD00-ADASEEFT-c7509b90,FALSE,FALSE,FALSE,FALSE,TRUE,FALSE,FALSE,,,,,,,,,,,,,,Corentin VASSEUR -CROIX-,,,
DELIVERY,Continuous Deployment,Level 4,C,Tests suite for ensuring quality of AI model are automatically launched on a model before to use it on production.,"### What is expected 
 Implement an automated test suite to validate the quality of AI models before they are deployed to production, ensuring they meet performance and reliability standards.
### How
Giskard can help",Keep,#3-CD00-TSFEQOAM-8bd49746,FALSE,FALSE,FALSE,FALSE,TRUE,FALSE,FALSE,,,,,,,,,,,,,,Corentin VASSEUR -CROIX-,,,
DELIVERY,Continuous Deployment,Level 4,D,"Depl files and store in a dedicated git repository (for using data, ml or api python module).","### What is expected 
 Store deployment files in a dedicated Git repository to manage and track changes to deployment scripts and configurations for data, ML, and API Python modules.",Keep,#3-CD00-DFASIADG-a7a3197b,FALSE,FALSE,FALSE,FALSE,TRUE,FALSE,FALSE,,,,,,,,,,,,,,Corentin VASSEUR -CROIX-,,,
DELIVERY,Continuous Deployment,Level 4,E,Deployment in production environment is automated. We don't need humain intervention.,"### What is expected 
 Production deployments should be fully automated, eliminating the need for human intervention to ensure consistency and reduce the potential for errors.",Keep,#3-CD00-DIPEIAWD-1d94777e,FALSE,FALSE,FALSE,FALSE,TRUE,FALSE,FALSE,,,,,,,,,,,,,,Corentin VASSEUR -CROIX-,,,
DELIVERY,Continuous Deployment,Level 4,F,CT is setup and based to KPI and heuristic.,"### What
Continuous Training for automating the re training of ML model on new data.
### How
Groundtruth doesnot exist. You need to find a way to estimate performances without target.",Keep,#3-CD00-CISABTKA-721c8085,FALSE,FALSE,FALSE,FALSE,TRUE,FALSE,FALSE,,,,,,,,,,,,,,Corentin VASSEUR -CROIX-,,,
DELIVERY,Continuous Deployment,Level 4,G,"Conduct A/B tests (e.g. shadown, canary deployment)","### What is expected 
 Implement A/B testing strategies, including shadow and canary deployments, to compare different versions of models or applications in production and assess their performance.",Keep,#3-CD00-CATESCD0-0ece4bf3,FALSE,FALSE,FALSE,FALSE,TRUE,FALSE,FALSE,,,,,,,,,,,,,,Corentin VASSEUR -CROIX-,,,
DELIVERY,Continuous Deployment,Level 5,C,Some automation deployment tools provide provisions to do health check of the servers which could be helpful for developers to do quick health check of the servers pre/post deployment.,"### What is expected 
 Utilize automation deployment tools with built-in health check capabilities to perform quick server health checks before and after deployments, ensuring system stability.",Keep,#4-CD00-SADTPPTD-586881e1,FALSE,FALSE,FALSE,FALSE,TRUE,FALSE,FALSE,,,,,,,,,,,,,,Corentin VASSEUR -CROIX-,,,
DELIVERY,Continuous Deployment,Level 5,E,Canary deployment can be done for testing several models in production and compare them.,"### What is expected 
 Implement canary deployments to test multiple models in production concurrently, allowing for comparison and selection of the best-performing model.",Keep,#4-CD00-CDCBDFTS-719ceb3f,FALSE,FALSE,FALSE,FALSE,TRUE,FALSE,FALSE,,,,,,,,,,,,,,Corentin VASSEUR -CROIX-,,,
DELIVERY,Service Availability,Level 1,A,Place holder: please validate,TBD,Placeholder,#0-SA00-PHPV0000-bf91045a,FALSE,FALSE,FALSE,FALSE,TRUE,FALSE,FALSE,,,,,,,,,,,,,,Corentin VASSEUR -CROIX-,,,
DELIVERY,Service Availability,Level 3,A,"Quality tests, including load testing, have been integrated for APIs with embedded data or models. These tests can be initiated MANUALLY.","### What is expected 
 Integrate quality and load testing for APIs containing embedded data or models, allowing these tests to be initiated manually to ensure performance under various conditions.
### How
See example implemented with Locust on Second Hand Pricing project",Keep,#2-SA00-QTILTHBI-fba2efb4,FALSE,FALSE,FALSE,FALSE,TRUE,FALSE,FALSE,,,,,,,,,,,,,,Corentin VASSEUR -CROIX-,,,
DELIVERY,Service Availability,Level 4,A,"Quality tests, including load testing, have been implemented for APIs containing embedded data or models. These tests are initiated and AUTOMATED with each deployment.","### What is expected 
 Automate quality and load testing for APIs with embedded data or models, ensuring these tests run with each deployment to continuously validate API performance.",Keep,#3-SA00-QTILTHBI-5ea4988d,FALSE,FALSE,FALSE,FALSE,TRUE,FALSE,FALSE,,,,,,,,,,,,,,Corentin VASSEUR -CROIX-,,,
DELIVERY,Service Availability,Level 4,C,Model can be quickly replaced by business rules or another in case on emergency without service interruption,"### What is expected 
 Implement mechanisms to quickly replace models with business rules or alternative models in emergencies, ensuring no service interruption.





",Keep,#3-SA00-MCBQRBBR-71a20320,FALSE,FALSE,FALSE,FALSE,TRUE,FALSE,FALSE,,,,,,,,,,,,,,Corentin VASSEUR -CROIX-,,,
DELIVERY,Documentation,Level 1,A,Place holder: please validate,TBD,Placeholder,#0-D000-PHPV0000-1,FALSE,FALSE,FALSE,FALSE,TRUE,FALSE,FALSE,,,,,,,,,,,,,,Corentin VASSEUR -CROIX-,,,
DELIVERY,Documentation,Level 2,A,Place holder: please validate,TBD,Placeholder,#1-D000-PHPV0000-bf91045a,FALSE,FALSE,FALSE,FALSE,TRUE,FALSE,FALSE,,,,,,,,,,,,,,Corentin VASSEUR -CROIX-,,,
DELIVERY,Documentation,Level 3,A,A strategy has been defined and documented for testing production model (ex. on staging environment).,Goals : compare models before to deploy version version in production (= model testing),Keep,#2-D000-ASHBDADF-4eb60625,FALSE,FALSE,FALSE,FALSE,TRUE,FALSE,FALSE,,,,,,,,,,,,,,Corentin VASSEUR -CROIX-,,,
DELIVERY,Documentation,Level 4,B,"Model card(s) filled, deployed and accessible.","### What is expected 
 Model cards should be thoroughly filled out with detailed information about the model, deployed to the appropriate environment, and made accessible to relevant stakeholders for review and use.",Keep,#3-D000-MCFDAA00-28b38469,FALSE,FALSE,FALSE,FALSE,TRUE,FALSE,FALSE,,,,,,,,,,,,,,Corentin VASSEUR -CROIX-,,,
,,,,,,,,,,,,,,,,,,,,,,,,,,,,,,,
,,,,,,,,,,,,,,,,,,,,,,,,,,,,,,,
,,,,,,,,,,,,,,,,,,,,,,,,,,,,,,,
,,,,,,,,,,,,,,,,,,,,,,,,,,,,,,,
,,,,,,,,,,,,,,,,,,,,,,,,,,,,,,,
,,,,,,,,,,,,,,,,,,,,,,,,,,,,,,,
,,,,,,,,,,,,,,,,,,,,,,,,,,,,,,,
,,,,,,,,,,,,,,,,,,,,,,,,,,,,,,,
,,,,,,,,,,,,,,,,,,,,,,,,,,,,,,,
,,,,,,,,,,,,,,,,,,,,,,,,,,,,,,,
,,,,,,,,,,,,,,,,,,,,,,,,,,,,,,,
,,,,,,,,,,,,,,,,,,,,,,,,,,,,,,,
,,,,,,,,,,,,,,,,,,,,,,,,,,,,,,,
,,,,,,,,,,,,,,,,,,,,,,,,,,,,,,,
,,,,,,,,,,,,,,,,,,,,,,,,,,,,,,,
,,,,,,,,,,,,,,,,,,,,,,,,,,,,,,,
,,,,,,,,,,,,,,,,,,,,,,,,,,,,,,,
,,,,,,,,,,,,,,,,,,,,,,,,,,,,,,,
,,,,,,,,,,,,,,,,,,,,,,,,,,,,,,,
,,,,,,,,,,,,,,,,,,,,,,,,,,,,,,,
,,,,,,,,,,,,,,,,,,,,,,,,,,,,,,,
,,,,,,,,,,,,,,,,,,,,,,,,,,,,,,,
,,,,,,,,,,,,,,,,,,,,,,,,,,,,,,,
,,,,,,,,,,,,,,,,,,,,,,,,,,,,,,,
,,,,,,,,,,,,,,,,,,,,,,,,,,,,,,,
,,,,,,,,,,,,,,,,,,,,,,,,,,,,,,,
,,,,,,,,,,,,,,,,,,,,,,,,,,,,,,,
,,,,,,,,,,,,,,,,,,,,,,,,,,,,,,,
,,,,,,,,,,,,,,,,,,,,,,,,,,,,,,,
,,,,,,,,,,,,,,,,,,,,,,,,,,,,,,,
,,,,,,,,,,,,,,,,,,,,,,,,,,,,,,,
,,,,,,,,,,,,,,,,,,,,,,,,,,,,,,,
,,,,,,,,,,,,,,,,,,,,,,,,,,,,,,,
,,,,,,,,,,,,,,,,,,,,,,,,,,,,,,,
,,,,,,,,,,,,,,,,,,,,,,,,,,,,,,,
,,,,,,,,,,,,,,,,,,,,,,,,,,,,,,,
,,,,,,,,,,,,,,,,,,,,,,,,,,,,,,,
,,,,,,,,,,,,,,,,,,,,,,,,,,,,,,,
,,,,,,,,,,,,,,,,,,,,,,,,,,,,,,,
,,,,,,,,,,,,,,,,,,,,,,,,,,,,,,,
,,,,,,,,,,,,,,,,,,,,,,,,,,,,,,,
,,,,,,,,,,,,,,,,,,,,,,,,,,,,,,,
,,,,,,,,,,,,,,,,,,,,,,,,,,,,,,,
,,,,,,,,,,,,,,,,,,,,,,,,,,,,,,,
,,,,,,,,,,,,,,,,,,,,,,,,,,,,,,,
,,,,,,,,,,,,,,,,,,,,,,,,,,,,,,,
,,,,,,,,,,,,,,,,,,,,,,,,,,,,,,,
,,,,,,,,,,,,,,,,,,,,,,,,,,,,,,,
,,,,,,,,,,,,,,,,,,,,,,,,,,,,,,,
,,,,,,,,,,,,,,,,,,,,,,,,,,,,,,,
,,,,,,,,,,,,,,,,,,,,,,,,,,,,,,,
,,,,,,,,,,,,,,,,,,,,,,,,,,,,,,,
,,,,,,,,,,,,,,,,,,,,,,,,,,,,,,,
,,,,,,,,,,,,,,,,,,,,,,,,,,,,,,,
,,,,,,,,,,,,,,,,,,,,,,,,,,,,,,,
,,,,,,,,,,,,,,,,,,,,,,,,,,,,,,,
,,,,,,,,,,,,,,,,,,,,,,,,,,,,,,,
,,,,,,,,,,,,,,,,,,,,,,,,,,,,,,,
,,,,,,,,,,,,,,,,,,,,,,,,,,,,,,,
,,,,,,,,,,,,,,,,,,,,,,,,,,,,,,,
,,,,,,,,,,,,,,,,,,,,,,,,,,,,,,,
,,,,,,,,,,,,,,,,,,,,,,,,,,,,,,,
,,,,,,,,,,,,,,,,,,,,,,,,,,,,,,,
,,,,,,,,,,,,,,,,,,,,,,,,,,,,,,,
,,,,,,,,,,,,,,,,,,,,,,,,,,,,,,,
,,,,,,,,,,,,,,,,,,,,,,,,,,,,,,,
,,,,,,,,,,,,,,,,,,,,,,,,,,,,,,,
,,,,,,,,,,,,,,,,,,,,,,,,,,,,,,,
,,,,,,,,,,,,,,,,,,,,,,,,,,,,,,,
,,,,,,,,,,,,,,,,,,,,,,,,,,,,,,,
,,,,,,,,,,,,,,,,,,,,,,,,,,,,,,,
,,,,,,,,,,,,,,,,,,,,,,,,,,,,,,,
,,,,,,,,,,,,,,,,,,,,,,,,,,,,,,,
,,,,,,,,,,,,,,,,,,,,,,,,,,,,,,,
,,,,,,,,,,,,,,,,,,,,,,,,,,,,,,,
,,,,,,,,,,,,,,,,,,,,,,,,,,,,,,,
,,,,,,,,,,,,,,,,,,,,,,,,,,,,,,,
,,,,,,,,,,,,,,,,,,,,,,,,,,,,,,,
,,,,,,,,,,,,,,,,,,,,,,,,,,,,,,,
,,,,,,,,,,,,,,,,,,,,,,,,,,,,,,,
,,,,,,,,,,,,,,,,,,,,,,,,,,,,,,,
,,,,,,,,,,,,,,,,,,,,,,,,,,,,,,,
,,,,,,,,,,,,,,,,,,,,,,,,,,,,,,,
,,,,,,,,,,,,,,,,,,,,,,,,,,,,,,,
,,,,,,,,,,,,,,,,,,,,,,,,,,,,,,,
,,,,,,,,,,,,,,,,,,,,,,,,,,,,,,,
,,,,,,,,,,,,,,,,,,,,,,,,,,,,,,,
,,,,,,,,,,,,,,,,,,,,,,,,,,,,,,,
,,,,,,,,,,,,,,,,,,,,,,,,,,,,,,,
,,,,,,,,,,,,,,,,,,,,,,,,,,,,,,,
,,,,,,,,,,,,,,,,,,,,,,,,,,,,,,,
,,,,,,,,,,,,,,,,,,,,,,,,,,,,,,,
,,,,,,,,,,,,,,,,,,,,,,,,,,,,,,,
,,,,,,,,,,,,,,,,,,,,,,,,,,,,,,,
,,,,,,,,,,,,,,,,,,,,,,,,,,,,,,,
,,,,,,,,,,,,,,,,,,,,,,,,,,,,,,,
,,,,,,,,,,,,,,,,,,,,,,,,,,,,,,,
,,,,,,,,,,,,,,,,,,,,,,,,,,,,,,,
,,,,,,,,,,,,,,,,,,,,,,,,,,,,,,,
,,,,,,,,,,,,,,,,,,,,,,,,,,,,,,,
,,,,,,,,,,,,,,,,,,,,,,,,,,,,,,,
,,,,,,,,,,,,,,,,,,,,,,,,,,,,,,,
,,,,,,,,,,,,,,,,,,,,,,,,,,,,,,,
,,,,,,,,,,,,,,,,,,,,,,,,,,,,,,,
,,,,,,,,,,,,,,,,,,,,,,,,,,,,,,,
,,,,,,,,,,,,,,,,,,,,,,,,,,,,,,,
,,,,,,,,,,,,,,,,,,,,,,,,,,,,,,,
,,,,,,,,,,,,,,,,,,,,,,,,,,,,,,,
,,,,,,,,,,,,,,,,,,,,,,,,,,,,,,,
,,,,,,,,,,,,,,,,,,,,,,,,,,,,,,,
,,,,,,,,,,,,,,,,,,,,,,,,,,,,,,,
,,,,,,,,,,,,,,,,,,,,,,,,,,,,,,,
,,,,,,,,,,,,,,,,,,,,,,,,,,,,,,,
,,,,,,,,,,,,,,,,,,,,,,,,,,,,,,,
,,,,,,,,,,,,,,,,,,,,,,,,,,,,,,,
,,,,,,,,,,,,,,,,,,,,,,,,,,,,,,,
,,,,,,,,,,,,,,,,,,,,,,,,,,,,,,,
,,,,,,,,,,,,,,,,,,,,,,,,,,,,,,,
,,,,,,,,,,,,,,,,,,,,,,,,,,,,,,,
,,,,,,,,,,,,,,,,,,,,,,,,,,,,,,,
,,,,,,,,,,,,,,,,,,,,,,,,,,,,,,,
,,,,,,,,,,,,,,,,,,,,,,,,,,,,,,,
,,,,,,,,,,,,,,,,,,,,,,,,,,,,,,,
,,,,,,,,,,,,,,,,,,,,,,,,,,,,,,,
,,,,,,,,,,,,,,,,,,,,,,,,,,,,,,,
,,,,,,,,,,,,,,,,,,,,,,,,,,,,,,,
,,,,,,,,,,,,,,,,,,,,,,,,,,,,,,,
,,,,,,,,,,,,,,,,,,,,,,,,,,,,,,,
,,,,,,,,,,,,,,,,,,,,,,,,,,,,,,,
,,,,,,,,,,,,,,,,,,,,,,,,,,,,,,,
,,,,,,,,,,,,,,,,,,,,,,,,,,,,,,,
,,,,,,,,,,,,,,,,,,,,,,,,,,,,,,,
,,,,,,,,,,,,,,,,,,,,,,,,,,,,,,,
,,,,,,,,,,,,,,,,,,,,,,,,,,,,,,,
,,,,,,,,,,,,,,,,,,,,,,,,,,,,,,,
,,,,,,,,,,,,,,,,,,,,,,,,,,,,,,,
,,,,,,,,,,,,,,,,,,,,,,,,,,,,,,,
,,,,,,,,,,,,,,,,,,,,,,,,,,,,,,,
,,,,,,,,,,,,,,,,,,,,,,,,,,,,,,,
,,,,,,,,,,,,,,,,,,,,,,,,,,,,,,,
,,,,,,,,,,,,,,,,,,,,,,,,,,,,,,,
,,,,,,,,,,,,,,,,,,,,,,,,,,,,,,,
,,,,,,,,,,,,,,,,,,,,,,,,,,,,,,,
,,,,,,,,,,,,,,,,,,,,,,,,,,,,,,,
,,,,,,,,,,,,,,,,,,,,,,,,,,,,,,,
,,,,,,,,,,,,,,,,,,,,,,,,,,,,,,,
,,,,,,,,,,,,,,,,,,,,,,,,,,,,,,,
,,,,,,,,,,,,,,,,,,,,,,,,,,,,,,,
,,,,,,,,,,,,,,,,,,,,,,,,,,,,,,,
,,,,,,,,,,,,,,,,,,,,,,,,,,,,,,,
,,,,,,,,,,,,,,,,,,,,,,,,,,,,,,,
,,,,,,,,,,,,,,,,,,,,,,,,,,,,,,,
,,,,,,,,,,,,,,,,,,,,,,,,,,,,,,,
,,,,,,,,,,,,,,,,,,,,,,,,,,,,,,,
,,,,,,,,,,,,,,,,,,,,,,,,,,,,,,,
,,,,,,,,,,,,,,,,,,,,,,,,,,,,,,,
,,,,,,,,,,,,,,,,,,,,,,,,,,,,,,,
,,,,,,,,,,,,,,,,,,,,,,,,,,,,,,,
,,,,,,,,,,,,,,,,,,,,,,,,,,,,,,,
,,,,,,,,,,,,,,,,,,,,,,,,,,,,,,,
,,,,,,,,,,,,,,,,,,,,,,,,,,,,,,,
,,,,,,,,,,,,,,,,,,,,,,,,,,,,,,,
,,,,,,,,,,,,,,,,,,,,,,,,,,,,,,,
,,,,,,,,,,,,,,,,,,,,,,,,,,,,,,,
,,,,,,,,,,,,,,,,,,,,,,,,,,,,,,,
,,,,,,,,,,,,,,,,,,,,,,,,,,,,,,,
,,,,,,,,,,,,,,,,,,,,,,,,,,,,,,,
,,,,,,,,,,,,,,,,,,,,,,,,,,,,,,,
,,,,,,,,,,,,,,,,,,,,,,,,,,,,,,,
,,,,,,,,,,,,,,,,,,,,,,,,,,,,,,,
,,,,,,,,,,,,,,,,,,,,,,,,,,,,,,,
,,,,,,,,,,,,,,,,,,,,,,,,,,,,,,,
,,,,,,,,,,,,,,,,,,,,,,,,,,,,,,,
,,,,,,,,,,,,,,,,,,,,,,,,,,,,,,,
,,,,,,,,,,,,,,,,,,,,,,,,,,,,,,,
,,,,,,,,,,,,,,,,,,,,,,,,,,,,,,,
,,,,,,,,,,,,,,,,,,,,,,,,,,,,,,,
,,,,,,,,,,,,,,,,,,,,,,,,,,,,,,,
,,,,,,,,,,,,,,,,,,,,,,,,,,,,,,,
,,,,,,,,,,,,,,,,,,,,,,,,,,,,,,,
,,,,,,,,,,,,,,,,,,,,,,,,,,,,,,,
,,,,,,,,,,,,,,,,,,,,,,,,,,,,,,,
,,,,,,,,,,,,,,,,,,,,,,,,,,,,,,,
,,,,,,,,,,,,,,,,,,,,,,,,,,,,,,,
,,,,,,,,,,,,,,,,,,,,,,,,,,,,,,,
,,,,,,,,,,,,,,,,,,,,,,,,,,,,,,,
,,,,,,,,,,,,,,,,,,,,,,,,,,,,,,,
,,,,,,,,,,,,,,,,,,,,,,,,,,,,,,,
,,,,,,,,,,,,,,,,,,,,,,,,,,,,,,,
,,,,,,,,,,,,,,,,,,,,,,,,,,,,,,,
,,,,,,,,,,,,,,,,,,,,,,,,,,,,,,,
,,,,,,,,,,,,,,,,,,,,,,,,,,,,,,,
,,,,,,,,,,,,,,,,,,,,,,,,,,,,,,,
,,,,,,,,,,,,,,,,,,,,,,,,,,,,,,,
,,,,,,,,,,,,,,,,,,,,,,,,,,,,,,,
,,,,,,,,,,,,,,,,,,,,,,,,,,,,,,,
,,,,,,,,,,,,,,,,,,,,,,,,,,,,,,,
,,,,,,,,,,,,,,,,,,,,,,,,,,,,,,,
,,,,,,,,,,,,,,,,,,,,,,,,,,,,,,,
,,,,,,,,,,,,,,,,,,,,,,,,,,,,,,,
,,,,,,,,,,,,,,,,,,,,,,,,,,,,,,,
,,,,,,,,,,,,,,,,,,,,,,,,,,,,,,,
,,,,,,,,,,,,,,,,,,,,,,,,,,,,,,,
,,,,,,,,,,,,,,,,,,,,,,,,,,,,,,,
,,,,,,,,,,,,,,,,,,,,,,,,,,,,,,,
,,,,,,,,,,,,,,,,,,,,,,,,,,,,,,,
,,,,,,,,,,,,,,,,,,,,,,,,,,,,,,,
,,,,,,,,,,,,,,,,,,,,,,,,,,,,,,,
,,,,,,,,,,,,,,,,,,,,,,,,,,,,,,,
,,,,,,,,,,,,,,,,,,,,,,,,,,,,,,,
,,,,,,,,,,,,,,,,,,,,,,,,,,,,,,,
,,,,,,,,,,,,,,,,,,,,,,,,,,,,,,,
,,,,,,,,,,,,,,,,,,,,,,,,,,,,,,,
,,,,,,,,,,,,,,,,,,,,,,,,,,,,,,,
,,,,,,,,,,,,,,,,,,,,,,,,,,,,,,,
,,,,,,,,,,,,,,,,,,,,,,,,,,,,,,,
,,,,,,,,,,,,,,,,,,,,,,,,,,,,,,,
INFRA,Configuration / Infra Management,Level 1,A,I use scripts to manage infrastructure changes (ideally Python),"### What is expected ?
Your infrastructure is provisioned by a tool that is not terraform (python script and associated libraries or equivalent). ",Update,#1-CIM000-STMICP-75b97ece,TRUE,FALSE,FALSE,TRUE,FALSE,TRUE,FALSE,Reliability,,Deployment Automation,Deployment automation is what enables you to deploy your software to testing and production environments with the push of a button. Automation is essential to reduce the risk of production deployments. It’s also essential for providing fast feedback on the quality of your software by allowing teams to do comprehensive testing as soon as possible after changes.,CD,"Continuous delivery is the ability to release changes of all kinds on demand quickly, safely, and sustainably. Teams that practice continuous delivery well are able to release software and make changes to production in a low-risk way at any time—including during normal business hours—without impacting users.",Version Control,"Version control systems like Git, Subversion, and Mercurial provide a logical means to organize files and coordinate their creation, controlled access, updating, and deletion across teams and organizations.",Monitoring,"Monitoring is tooling or a technical solution that allows teams to watch and understand the state of their systems. Monitoring is based on gathering predefined sets of metrics or logs.
Observability is tooling or a technical solution that allows teams to actively debug their system. Observability is based on exploring properties and patterns not defined in advance.",Test Auto,"Automated testing is a key component of modern software delivery practices. The ability to execute a comprehensive set of unit, integration, and system tests is essential to verify that your app or service behaves as expected, and can be safely deployed to production.",,,,,
INFRA,Configuration / Infra Management,Level 1,B,I use Github as a source code repository for my infra,"### What is expected ?
The source code is hosted in github repository. This github repository also contains the data that, coupled with the tool source code, represents the source of truth.The source code is hosted in github repository. This github repository also contains the data that, coupled with the tool source code, represents the source of truth.",New,#0-CIM0-IUGAASCR-9aaa0236,TRUE,FALSE,FALSE,TRUE,FALSE,TRUE,FALSE,Reliability,,Deployment Automation,Deployment automation is what enables you to deploy your software to testing and production environments with the push of a button. Automation is essential to reduce the risk of production deployments. It’s also essential for providing fast feedback on the quality of your software by allowing teams to do comprehensive testing as soon as possible after changes.,CD,"Continuous delivery is the ability to release changes of all kinds on demand quickly, safely, and sustainably. Teams that practice continuous delivery well are able to release software and make changes to production in a low-risk way at any time—including during normal business hours—without impacting users.",Version Control,"Version control systems like Git, Subversion, and Mercurial provide a logical means to organize files and coordinate their creation, controlled access, updating, and deletion across teams and organizations.",Monitoring,"Monitoring is tooling or a technical solution that allows teams to watch and understand the state of their systems. Monitoring is based on gathering predefined sets of metrics or logs.
Observability is tooling or a technical solution that allows teams to actively debug their system. Observability is based on exploring properties and patterns not defined in advance.",Test Auto,"Automated testing is a key component of modern software delivery practices. The ability to execute a comprehensive set of unit, integration, and system tests is essential to verify that your app or service behaves as expected, and can be safely deployed to production.",,,,,
INFRA,Configuration / Infra Management,Level 2,A,I automate Server/VM changes through a validated Configuration Tool (Ansible or Puppet) and/or Infra changes through a validated IaC tool (Terraform (Enterprise or CPE Github Actions workflows)),"### What is expected ?
All infrastructure components are provisioned by Terraform using CPE provided standard model/provider. The terraform runs are performed by one of the validated tools, i.e. Terraform Enterprise or Github Actions. All the instances of your infrastructure are managed by a govtech validated configuration management tool (Puppet). All the changes go through a validation process (Pull Request).",Update,#3-CIM000-AICTIT-2b1a6a3a,TRUE,FALSE,FALSE,TRUE,FALSE,TRUE,FALSE,Reliability,,Deployment Automation,Deployment automation is what enables you to deploy your software to testing and production environments with the push of a button. Automation is essential to reduce the risk of production deployments. It’s also essential for providing fast feedback on the quality of your software by allowing teams to do comprehensive testing as soon as possible after changes.,CD,"Continuous delivery is the ability to release changes of all kinds on demand quickly, safely, and sustainably. Teams that practice continuous delivery well are able to release software and make changes to production in a low-risk way at any time—including during normal business hours—without impacting users.",Version Control,"Version control systems like Git, Subversion, and Mercurial provide a logical means to organize files and coordinate their creation, controlled access, updating, and deletion across teams and organizations.",Monitoring,"Monitoring is tooling or a technical solution that allows teams to watch and understand the state of their systems. Monitoring is based on gathering predefined sets of metrics or logs.
Observability is tooling or a technical solution that allows teams to actively debug their system. Observability is based on exploring properties and patterns not defined in advance.",Test Auto,"Automated testing is a key component of modern software delivery practices. The ability to execute a comprehensive set of unit, integration, and system tests is essential to verify that your app or service behaves as expected, and can be safely deployed to production.",,,,,
INFRA,Configuration / Infra Management,Level 2,B,I use Github as a source code repository for my infra and changes go through a validation process (Pull request),"### What is expected ?
The infrastructure code is stored in a Github repository. All modifications to this code must pass through a validation process (Pull Request) before being merged and deployed.",New,#1-CIM0-IUGAASCR-41f5726c,TRUE,FALSE,FALSE,TRUE,FALSE,TRUE,FALSE,Reliability,,Deployment Automation,Deployment automation is what enables you to deploy your software to testing and production environments with the push of a button. Automation is essential to reduce the risk of production deployments. It’s also essential for providing fast feedback on the quality of your software by allowing teams to do comprehensive testing as soon as possible after changes.,CD,"Continuous delivery is the ability to release changes of all kinds on demand quickly, safely, and sustainably. Teams that practice continuous delivery well are able to release software and make changes to production in a low-risk way at any time—including during normal business hours—without impacting users.",Version Control,"Version control systems like Git, Subversion, and Mercurial provide a logical means to organize files and coordinate their creation, controlled access, updating, and deletion across teams and organizations.",Monitoring,"Monitoring is tooling or a technical solution that allows teams to watch and understand the state of their systems. Monitoring is based on gathering predefined sets of metrics or logs.
Observability is tooling or a technical solution that allows teams to actively debug their system. Observability is based on exploring properties and patterns not defined in advance.",Test Auto,"Automated testing is a key component of modern software delivery practices. The ability to execute a comprehensive set of unit, integration, and system tests is essential to verify that your app or service behaves as expected, and can be safely deployed to production.",,,,,
INFRA,Configuration / Infra Management,Level 2,C,I follow the FinOPS and Green IT best practices provided by CPE,"### What is expected ?
Your team actively applies the FinOps and Green IT best practices and recommendations provided by CPE to optimize costs and reduce environmental impact.",New,#1-CIM0-IFTFAGIB-d73ac3d8,TRUE,FALSE,FALSE,TRUE,FALSE,TRUE,FALSE,Reliability,,Deployment Automation,Deployment automation is what enables you to deploy your software to testing and production environments with the push of a button. Automation is essential to reduce the risk of production deployments. It’s also essential for providing fast feedback on the quality of your software by allowing teams to do comprehensive testing as soon as possible after changes.,CD,"Continuous delivery is the ability to release changes of all kinds on demand quickly, safely, and sustainably. Teams that practice continuous delivery well are able to release software and make changes to production in a low-risk way at any time—including during normal business hours—without impacting users.",Version Control,"Version control systems like Git, Subversion, and Mercurial provide a logical means to organize files and coordinate their creation, controlled access, updating, and deletion across teams and organizations.",Monitoring,"Monitoring is tooling or a technical solution that allows teams to watch and understand the state of their systems. Monitoring is based on gathering predefined sets of metrics or logs.
Observability is tooling or a technical solution that allows teams to actively debug their system. Observability is based on exploring properties and patterns not defined in advance.",Test Auto,"Automated testing is a key component of modern software delivery practices. The ability to execute a comprehensive set of unit, integration, and system tests is essential to verify that your app or service behaves as expected, and can be safely deployed to production.",,,,,
INFRA,Configuration / Infra Management,Level 3,A,"I automate Infra changes through a govtech validated platform offer (3S Stack, CloudKraft, Packaged offers from INIX, SAPTech, China, India....)
","### What is expected ?
Automate Infra changes through a govtech validated platform offer (Stack of the CPE unit, Packaged offers from INIX, China, India, Member, B&Rf....) (OK) 
",Update,#3-CIM0-AICTAGVP,TRUE,FALSE,FALSE,TRUE,FALSE,TRUE,FALSE,Reliability,,Deployment Automation,Deployment automation is what enables you to deploy your software to testing and production environments with the push of a button. Automation is essential to reduce the risk of production deployments. It’s also essential for providing fast feedback on the quality of your software by allowing teams to do comprehensive testing as soon as possible after changes.,CD,"Continuous delivery is the ability to release changes of all kinds on demand quickly, safely, and sustainably. Teams that practice continuous delivery well are able to release software and make changes to production in a low-risk way at any time—including during normal business hours—without impacting users.",Version Control,"Version control systems like Git, Subversion, and Mercurial provide a logical means to organize files and coordinate their creation, controlled access, updating, and deletion across teams and organizations.",Monitoring,"Monitoring is tooling or a technical solution that allows teams to watch and understand the state of their systems. Monitoring is based on gathering predefined sets of metrics or logs.
Observability is tooling or a technical solution that allows teams to actively debug their system. Observability is based on exploring properties and patterns not defined in advance.",Test Auto,"Automated testing is a key component of modern software delivery practices. The ability to execute a comprehensive set of unit, integration, and system tests is essential to verify that your app or service behaves as expected, and can be safely deployed to production.",,,,,
INFRA,Configuration / Infra Management,Level 3,B,I have FinOps/GreenOPS tracking in infrastructure with a monthly follow up and I have at least one GreenIT KPI,"### What is expected ?
FinOps and GreenOps tracking, including at least one Green IT KPI, are in place for the infrastructure, with regular monthly follow-ups to monitor and report performance.",New,#2-CIM0-IHFTIIWA-73251758,TRUE,FALSE,FALSE,TRUE,FALSE,TRUE,FALSE,Reliability,,Deployment Automation,Deployment automation is what enables you to deploy your software to testing and production environments with the push of a button. Automation is essential to reduce the risk of production deployments. It’s also essential for providing fast feedback on the quality of your software by allowing teams to do comprehensive testing as soon as possible after changes.,CD,"Continuous delivery is the ability to release changes of all kinds on demand quickly, safely, and sustainably. Teams that practice continuous delivery well are able to release software and make changes to production in a low-risk way at any time—including during normal business hours—without impacting users.",Version Control,"Version control systems like Git, Subversion, and Mercurial provide a logical means to organize files and coordinate their creation, controlled access, updating, and deletion across teams and organizations.",Monitoring,"Monitoring is tooling or a technical solution that allows teams to watch and understand the state of their systems. Monitoring is based on gathering predefined sets of metrics or logs.
Observability is tooling or a technical solution that allows teams to actively debug their system. Observability is based on exploring properties and patterns not defined in advance.",Test Auto,"Automated testing is a key component of modern software delivery practices. The ability to execute a comprehensive set of unit, integration, and system tests is essential to verify that your app or service behaves as expected, and can be safely deployed to production.",,,,,
INFRA,Secrets Management,Level 1,A,"My source code is free of machine-to-machine secrets (YES)
or already compliant with a higher Secrets Management level (NA)","### What is expected ?
There is no secret in a public file (github protected repositories are considered public for all DKT users). Your machine to machine secrets are at least in a private file, outside of version control or in your CI configuration. No secret are hardcoded in your code.",Update,#0-SM00-ISMMSIAP,TRUE,FALSE,TRUE,TRUE,FALSE,TRUE,FALSE,,,Version Control,"Version control systems like Git, Subversion, and Mercurial provide a logical means to organize files and coordinate their creation, controlled access, updating, and deletion across teams and organizations.",Monitoring,"Monitoring is tooling or a technical solution that allows teams to watch and understand the state of their systems. Monitoring is based on gathering predefined sets of metrics or logs.
Observability is tooling or a technical solution that allows teams to actively debug their system. Observability is based on exploring properties and patterns not defined in advance.",Deployment Automation,Deployment automation is what enables you to deploy your software to testing and production environments with the push of a button. Automation is essential to reduce the risk of production deployments. It’s also essential for providing fast feedback on the quality of your software by allowing teams to do comprehensive testing as soon as possible after changes.,,,,,,,,,
INFRA,Secrets Management,Level 2,A,"I store my machine-to-machine secrets in a specific secret management tool (like Vault, GCP or AWS Secret Manager) (YES) 
or already compliant with a higher Secrets Management level (NA)","### What is expected ?
There is no secret in your code and you removed the secrets from your application and/or CI. You retrieve them from a secret management tool using workload identity, connecting to Vault with token exchange (from github token, GCP SA, AWS role, etc.).",Update,#1-SM0000-ISMMSI-d1cae740,TRUE,FALSE,TRUE,TRUE,FALSE,TRUE,FALSE,,,Version Control,"Version control systems like Git, Subversion, and Mercurial provide a logical means to organize files and coordinate their creation, controlled access, updating, and deletion across teams and organizations.",Monitoring,"Monitoring is tooling or a technical solution that allows teams to watch and understand the state of their systems. Monitoring is based on gathering predefined sets of metrics or logs.
Observability is tooling or a technical solution that allows teams to actively debug their system. Observability is based on exploring properties and patterns not defined in advance.",Deployment Automation,Deployment automation is what enables you to deploy your software to testing and production environments with the push of a button. Automation is essential to reduce the risk of production deployments. It’s also essential for providing fast feedback on the quality of your software by allowing teams to do comprehensive testing as soon as possible after changes.,,,,,,,,,
INFRA,Secrets Management,Level 3,A,I store my machine-to-machine secrets in Vault Enterprise (YES) ,"### What is expected?
Your secrets are stored in Vault Enterprise. Secrets are injected as Kubernetes secrets, environment variables or temporary files using tools like Vault agent, the Vault or External Secrets operators or synced to cloud providers secret managers for serverless workloads. You can easily rotate your secrets by updating them in the Secret Engine, triggering a redeployment or an update of the workload that consume them.",Update,#2-SM00-ISMMSIVE-6b825dc4,TRUE,FALSE,TRUE,TRUE,FALSE,TRUE,FALSE,,,Version Control,"Version control systems like Git, Subversion, and Mercurial provide a logical means to organize files and coordinate their creation, controlled access, updating, and deletion across teams and organizations.",Monitoring,"Monitoring is tooling or a technical solution that allows teams to watch and understand the state of their systems. Monitoring is based on gathering predefined sets of metrics or logs.
Observability is tooling or a technical solution that allows teams to actively debug their system. Observability is based on exploring properties and patterns not defined in advance.",Deployment Automation,Deployment automation is what enables you to deploy your software to testing and production environments with the push of a button. Automation is essential to reduce the risk of production deployments. It’s also essential for providing fast feedback on the quality of your software by allowing teams to do comprehensive testing as soon as possible after changes.,,,,,,,,,
INFRA,Secrets Management,Level 3,A,"I store my machine-to-machine secrets with K8S secrets or Cloud provider secret manager or github secrets or Vault and injected as infra init or env variable (OK) 
I rotate my secret based on ISSP requirements (6 month in ISSP)
or higher Secrets Management level (NA)","### What is expected ?
Your secrets are stored in a secret manager (Hashicorp Vault, ...). Secrets are injected into your infrastructure ( via init-container, injected as environment variable or temporary files via tools like external-secret or Vault agent... ). You can easily rotate your secrets by updating them in the Secret Engine and triggering a redeployment of the workload that consume them.",Delete,#2-SM0000-ISMMSW-91a87c3d,TRUE,FALSE,TRUE,TRUE,FALSE,TRUE,FALSE,,,Version Control,"Version control systems like Git, Subversion, and Mercurial provide a logical means to organize files and coordinate their creation, controlled access, updating, and deletion across teams and organizations.",Monitoring,"Monitoring is tooling or a technical solution that allows teams to watch and understand the state of their systems. Monitoring is based on gathering predefined sets of metrics or logs.
Observability is tooling or a technical solution that allows teams to actively debug their system. Observability is based on exploring properties and patterns not defined in advance.",Deployment Automation,Deployment automation is what enables you to deploy your software to testing and production environments with the push of a button. Automation is essential to reduce the risk of production deployments. It’s also essential for providing fast feedback on the quality of your software by allowing teams to do comprehensive testing as soon as possible after changes.,,,,,,,,,
INFRA,Secrets Management,Level 3,B,"My M2M secrets are injected as Kubernetes secrets, environment variables or temporary files using tools like the Vault or External Secrets operators or synced to cloud providers secret managers for serverless workloads","### What is expected?
Your secrets are stored in Vault Enterprise. Secrets are injected as Kubernetes secrets, environment variables or temporary files using tools like Vault agent, the Vault or External Secrets operators or synced to cloud providers secret managers for serverless workloads. You can easily rotate your secrets by updating them in the Secret Engine, triggering a redeployment or an update of the workload that consume them.""",New,#2-SM00-MMSAIAKS-4f21987b,TRUE,FALSE,TRUE,TRUE,FALSE,TRUE,FALSE,,,Version Control,"Version control systems like Git, Subversion, and Mercurial provide a logical means to organize files and coordinate their creation, controlled access, updating, and deletion across teams and organizations.",Monitoring,"Monitoring is tooling or a technical solution that allows teams to watch and understand the state of their systems. Monitoring is based on gathering predefined sets of metrics or logs.
Observability is tooling or a technical solution that allows teams to actively debug their system. Observability is based on exploring properties and patterns not defined in advance.",Deployment Automation,Deployment automation is what enables you to deploy your software to testing and production environments with the push of a button. Automation is essential to reduce the risk of production deployments. It’s also essential for providing fast feedback on the quality of your software by allowing teams to do comprehensive testing as soon as possible after changes.,,,,,,,,,
INFRA,Secrets Management,Level 3,C,I rotate my M2M secrets based on ISSP requirements (180 days in ISSP) or better,"Your secrets are stored in Vault Enterprise. Secrets are injected as Kubernetes secrets environment variables or temporary files using tools like Vault agent.
The Vault or External Secrets operators or synced to cloud providers secret managers for serverless workloads. You can easily rotate your secrets by updating them in the Secret Engine",New,#2-SM00-IRMMSBOI-8db1a3e9,TRUE,FALSE,TRUE,TRUE,FALSE,TRUE,FALSE,,,Version Control,"Version control systems like Git, Subversion, and Mercurial provide a logical means to organize files and coordinate their creation, controlled access, updating, and deletion across teams and organizations.",Monitoring,"Monitoring is tooling or a technical solution that allows teams to watch and understand the state of their systems. Monitoring is based on gathering predefined sets of metrics or logs.
Observability is tooling or a technical solution that allows teams to actively debug their system. Observability is based on exploring properties and patterns not defined in advance.",Deployment Automation,Deployment automation is what enables you to deploy your software to testing and production environments with the push of a button. Automation is essential to reduce the risk of production deployments. It’s also essential for providing fast feedback on the quality of your software by allowing teams to do comprehensive testing as soon as possible after changes.,,,,,,,,,
INFRA,Secrets Management,Level 4,A,My secrets are rotated automatically,"### What is expected ?
Your secrets are rotated automatically by the secret management tool (e.g., Hashicorp Vault, Cloud Secret Manager features) according to predefined security policies and rotation schedules (e.g., based on ISSP requirements or better). This rotation process is integrated with your workloads (e.g., via Vault Agent, External Secrets Operator, or Cloud-native features) to ensure seamless and zero-downtime updates of secrets used by applications and infrastructure.

",Update,#3-SM00-MSARA000-c99c6de0,TRUE,FALSE,TRUE,TRUE,FALSE,TRUE,FALSE,,,Version Control,"Version control systems like Git, Subversion, and Mercurial provide a logical means to organize files and coordinate their creation, controlled access, updating, and deletion across teams and organizations.",Monitoring,"Monitoring is tooling or a technical solution that allows teams to watch and understand the state of their systems. Monitoring is based on gathering predefined sets of metrics or logs.
Observability is tooling or a technical solution that allows teams to actively debug their system. Observability is based on exploring properties and patterns not defined in advance.",Deployment Automation,Deployment automation is what enables you to deploy your software to testing and production environments with the push of a button. Automation is essential to reduce the risk of production deployments. It’s also essential for providing fast feedback on the quality of your software by allowing teams to do comprehensive testing as soon as possible after changes.,,,,,,,,,
INFRA,Secrets Management,Level 5,A,"Secrets retrieval is handled by the application and secrets are stored in memory (not in files, environment variables or Kubernetes secrets).","### What is expected ?
Your application connects directly to the secret manager (via workload identity or vault token or equivalent way). Application supports hot updates of those secrets and can even trigger/request secret rotation if needed (short lived secrets to access database for instance)",Update,#4-SM0000-MMSREF-35f523f5,TRUE,FALSE,TRUE,TRUE,FALSE,TRUE,FALSE,,,Version Control,"Version control systems like Git, Subversion, and Mercurial provide a logical means to organize files and coordinate their creation, controlled access, updating, and deletion across teams and organizations.",Monitoring,"Monitoring is tooling or a technical solution that allows teams to watch and understand the state of their systems. Monitoring is based on gathering predefined sets of metrics or logs.
Observability is tooling or a technical solution that allows teams to actively debug their system. Observability is based on exploring properties and patterns not defined in advance.",Deployment Automation,Deployment automation is what enables you to deploy your software to testing and production environments with the push of a button. Automation is essential to reduce the risk of production deployments. It’s also essential for providing fast feedback on the quality of your software by allowing teams to do comprehensive testing as soon as possible after changes.,,,,,,,,,
INFRA,Secrets Management,Level 5,B,My secrets are rotated automatically and short-lived. They are only pulled when needed from the secret manager and only cached for a short time (minutes),"### What is expected ?
Application supports hot updates of those secrets and can even trigger/request secret rotation if needed (short lived secrets to access database for instance).",Update,#4-SM00-SRIHBTAA-c35b8267,TRUE,FALSE,TRUE,TRUE,FALSE,TRUE,FALSE,,,Version Control,"Version control systems like Git, Subversion, and Mercurial provide a logical means to organize files and coordinate their creation, controlled access, updating, and deletion across teams and organizations.",Monitoring,"Monitoring is tooling or a technical solution that allows teams to watch and understand the state of their systems. Monitoring is based on gathering predefined sets of metrics or logs.
Observability is tooling or a technical solution that allows teams to actively debug their system. Observability is based on exploring properties and patterns not defined in advance.",Deployment Automation,Deployment automation is what enables you to deploy your software to testing and production environments with the push of a button. Automation is essential to reduce the risk of production deployments. It’s also essential for providing fast feedback on the quality of your software by allowing teams to do comprehensive testing as soon as possible after changes.,,,,,,,,,
INFRA,Secrets Management,Level 5,C,"When possible, passwordless authentication is leveraged, using Workload Identity with ou without Decathlon's Fedid (ex: MongoDB, CloudSQL)","### What is expected ?
Credentials are no longer provided, a trust mechanism using workload identity and/or Decathlon Fedid is used to authenticate and authorize workloads",New,#4-SM00-WPPAILUW-4739f2b2,TRUE,FALSE,TRUE,TRUE,FALSE,TRUE,FALSE,,,Version Control,"Version control systems like Git, Subversion, and Mercurial provide a logical means to organize files and coordinate their creation, controlled access, updating, and deletion across teams and organizations.",Monitoring,"Monitoring is tooling or a technical solution that allows teams to watch and understand the state of their systems. Monitoring is based on gathering predefined sets of metrics or logs.
Observability is tooling or a technical solution that allows teams to actively debug their system. Observability is based on exploring properties and patterns not defined in advance.",Deployment Automation,Deployment automation is what enables you to deploy your software to testing and production environments with the push of a button. Automation is essential to reduce the risk of production deployments. It’s also essential for providing fast feedback on the quality of your software by allowing teams to do comprehensive testing as soon as possible after changes.,,,,,,,,,
INFRA,Secrets Management,Level 4,A,"I store my machine-to-machine secrets in Vault Enterprise (YES) 
or already compliant with a higher Secrets Management level (NA)",Your secrets are rotated automatically by the secret management tool (e.g.,Delete,#3-SM00-ISMMSIVE-7ebf69da,TRUE,FALSE,FALSE,TRUE,FALSE,TRUE,FALSE,,,,,,,,,,,,,,,,,
INFRA,Secrets Management,Level 4,A,"I store my machine-to-machine secrets in Vault Enterprise solution.(OK) 
My secrets are only accessible in memory space ","### What is expected ?
Your application connects directly to the secret manager (via workload identity or vault token or equivalent way ) and pull secrets directly from there. The secrets are available as environment variable or mounted files in containers.",Delete,#3-SM0000-ISMMSI-d84857be,TRUE,FALSE,FALSE,TRUE,FALSE,TRUE,FALSE,,,Version Control,"Version control systems like Git, Subversion, and Mercurial provide a logical means to organize files and coordinate their creation, controlled access, updating, and deletion across teams and organizations.",Monitoring,"Monitoring is tooling or a technical solution that allows teams to watch and understand the state of their systems. Monitoring is based on gathering predefined sets of metrics or logs.
Observability is tooling or a technical solution that allows teams to actively debug their system. Observability is based on exploring properties and patterns not defined in advance.",Deployment Automation,Deployment automation is what enables you to deploy your software to testing and production environments with the push of a button. Automation is essential to reduce the risk of production deployments. It’s also essential for providing fast feedback on the quality of your software by allowing teams to do comprehensive testing as soon as possible after changes.,,,,,,,,,
INFRA,Hosting Solution,Level 1,A,"Hosted in referenced private cloud (YES)
or higher Hosting Solution level (NA)","### What is expected ?
Your application is hosted in the private cloud referenced by govtech, you must not have any application host in a physical server on your side. If you have any doubt, please reach the slack chan #sig-infra-support",Keep,#1-HS0000-HIPCEN-3a76d78e,TRUE,FALSE,FALSE,TRUE,FALSE,TRUE,FALSE,,,Vision,"Understands clearly where their team and the organization are going, and where they want the team to be in five years.",Cust. Feedback,"DORA research shows that teams achieve higher performance when they work in organizations that utilize those capabilities and also do the following:
* Collect customer satisfaction metrics regularly.
* Seek out and attend to customer feedback on product and feature quality.
* Use this feedback to help design products and features.",,,,,,,,,,,
INFRA,Hosting Solution,Level 2,A,"Hosted in referenced public cloud (GCP, AWS, Alicloud or Azure (China only)) under the DKT contract (YES) 
or higher Hosting Solution level (NA)","### What is expected ?
Your application is hosted in the public cloud as GCP/AWS/AliCloud/Azure( china only) under the decathlon contract, the region you've chosen is a validated ( by CPE ) landing zone. Please refer to the tech radar for the list of clouders supported.  Please refer to the tech radar for the list of OS and middleware supported. If you have any doubt, please reach the slack chan #sig-infra-support",Keep,#2-HS0000-HIRPCG-949022f3,TRUE,FALSE,FALSE,TRUE,FALSE,TRUE,FALSE,,,Vision,"Understands clearly where their team and the organization are going, and where they want the team to be in five years.",Cust. Feedback,"DORA research shows that teams achieve higher performance when they work in organizations that utilize those capabilities and also do the following:
* Collect customer satisfaction metrics regularly.
* Seek out and attend to customer feedback on product and feature quality.
* Use this feedback to help design products and features.",,,,,,,,,,,
INFRA,Hosting Solution,Level 3,A,"Hosted in a govtech validated platform offer (3S Stack, Cloudkraft, SAPTech, optionally packaged by INIX, Decatec, China, India, etc.) (YES)","### What is expected ?
Your application is hosted in the govtech validated platform such as 3S stack, Packaged offers from inix, China, India, Member, OCO, B&Rf, etc) , you must not host your applications in a standalone or managed account outside of these platforms. If you have any doubt, please reach the slack chan #sig-infra-support",Keep,#3-HS0000-HIRPCG-28937fb3,TRUE,FALSE,FALSE,TRUE,FALSE,TRUE,FALSE,,,Vision,"Understands clearly where their team and the organization are going, and where they want the team to be in five years.",Cust. Feedback,"DORA research shows that teams achieve higher performance when they work in organizations that utilize those capabilities and also do the following:
* Collect customer satisfaction metrics regularly.
* Seek out and attend to customer feedback on product and feature quality.
* Use this feedback to help design products and features.",,,,,,,,,,,
INFRA,Hosting Solution,Level 4,A,"Hosted in a govtech validated platform offer (3S Stack, Cloudkraft, SAPTech, optionally packaged by INIX, Decatec, China, India, etc.) and in a supported version, complying with the release lifecycle (YES)","### What is expected ?
You are able to deploy your application on a frequently updated platform. This practice allows you to maintain support and required security level while taking advantage of the latest functionalities.  IE : I am on a supported version of the 3S stack and I upgrade my stack every quarter.
If you have any doubt, please reach the slack chan #sig-infra-support",Keep,#3-HS00-TPIUIIAS-e981dedf,TRUE,FALSE,FALSE,TRUE,FALSE,TRUE,FALSE,,,Vision,"Understands clearly where their team and the organization are going, and where they want the team to be in five years.",Cust. Feedback,"DORA research shows that teams achieve higher performance when they work in organizations that utilize those capabilities and also do the following:
* Collect customer satisfaction metrics regularly.
* Seek out and attend to customer feedback on product and feature quality.
* Use this feedback to help design products and features.",,,,,,,,,,,
INFRA,Cloud Native Design,Level 1,A,"My app is hosted on virtual machines without autoscaling (YES)
 or higher cloud native level (NA)","### What is expected ?
Your applications are hosted at least on a VM based on a middleware ( e.g. Tomcat, Weblogic (only Cube and Eone) ).  Please refer to the tech radar for the list of OS and middleware supported. If you have any doubt, please reach the slack chan #sig-infra-support",Keep,#0-CND0-MAIHOVMW,TRUE,FALSE,FALSE,TRUE,FALSE,TRUE,FALSE,,,Vision,"Understands clearly where their team and the organization are going, and where they want the team to be in five years.",Cust. Feedback,"DORA research shows that teams achieve higher performance when they work in organizations that utilize those capabilities and also do the following:
* Collect customer satisfaction metrics regularly.
* Seek out and attend to customer feedback on product and feature quality.
* Use this feedback to help design products and features.",,,,,,,,,,,
INFRA,Cloud Native Design,Level 2,A,"My app is hosted on virtual machines with autoscaling activated (YES)
 or higher cloud native level (NA)","### What is expected ?
Your applications are hosted at least on a VM based on a middleware ( e.g. Tomcat ) who supports horizontal autoscaling, meaning when the application needs more resources, the hosting mechanism can add one or more VM to absorb the charge.  Please refer to the tech radar for the list of OS and middleware supported. If you have any doubt, please reach the slack chan #sig-infra-support",Keep,#1-CND0-MAIHOVMW,TRUE,FALSE,FALSE,TRUE,FALSE,TRUE,FALSE,,,Vision,"Understands clearly where their team and the organization are going, and where they want the team to be in five years.",Cust. Feedback,"DORA research shows that teams achieve higher performance when they work in organizations that utilize those capabilities and also do the following:
* Collect customer satisfaction metrics regularly.
* Seek out and attend to customer feedback on product and feature quality.
* Use this feedback to help design products and features.",,,,,,,,,,,
INFRA,Cloud Native Design,Level 3,A,"My app is hosted on virtual machines with autoscalling activated using only golden images (OK)
 or higher cloud native level (NA)","### What is expected ?
Your applications is hosted at least on a VM based on a middleware ( e.g. Tomcat ) who support the horizontal autoscaling, all the CD is done through golden images. Puppet and config management tooling are not deployed. that's mean when the application needs more resources, the hosting mechanism can add one or more VM to absorb the charge in very short delays.  Please refer to the tech radar for the list of OS and middleware supported. If you have any doubt, please reach the slack chan #sig-infra-support",Delete,#2-CND0-MAIHOVMW-bf0acf39,TRUE,FALSE,FALSE,TRUE,FALSE,TRUE,FALSE,,,Vision,"Understands clearly where their team and the organization are going, and where they want the team to be in five years.",Cust. Feedback,"DORA research shows that teams achieve higher performance when they work in organizations that utilize those capabilities and also do the following:
* Collect customer satisfaction metrics regularly.
* Seek out and attend to customer feedback on product and feature quality.
* Use this feedback to help design products and features.",,,,,,,,,,,
INFRA,Cloud Native Design,Level 3,A,My app is hosted on K8S or serverless without autoscaling (YES) ,"### What is expected ?
Your applications are hosted at least in GovTech validated K8S cluster ( e.g. GKE, EKS, AKS ) or serverless platform ( e.g.  CloudRun, CloudFunction, Lamda, etc).  Please refer to the tech radar for the list of containerisation and serverless technologies supported. If you have any doubt, please reach the slack chan #sig-infra-support",Change Level,#3-CND0-MAIHOKOS,TRUE,FALSE,FALSE,TRUE,FALSE,TRUE,FALSE,,,Vision,"Understands clearly where their team and the organization are going, and where they want the team to be in five years.",Cust. Feedback,"DORA research shows that teams achieve higher performance when they work in organizations that utilize those capabilities and also do the following:
* Collect customer satisfaction metrics regularly.
* Seek out and attend to customer feedback on product and feature quality.
* Use this feedback to help design products and features.",,,,,,,,,,,
INFRA,Cloud Native Design,Level 4,A,"My app is hosted on K8S or serverless with autoscaling for most workloads (ex: HPA, VPA, KEDA, etc.) (YES)","### What is expected ?
Your Kubernetes workloads are using autoscaling to adapt their size or number of instances to the incoming load. This helps managing spikes of incoming load and reduces greatly the overprovisionning of costly cloud resources.",New,#3-CND0-MAIHOKOS-c91600be,TRUE,FALSE,FALSE,TRUE,FALSE,TRUE,FALSE,,,Vision,"Understands clearly where their team and the organization are going, and where they want the team to be in five years.",Cust. Feedback,"DORA research shows that teams achieve higher performance when they work in organizations that utilize those capabilities and also do the following:
* Collect customer satisfaction metrics regularly.
* Seek out and attend to customer feedback on product and feature quality.
* Use this feedback to help design products and features.",,,,,,,,,,,
INFRA,Cloud Native Design,Level 5,A,"My app is hosted on Serverless or Kubernetes with workload autoscaling and smart autoscaling of nodes (Compute Classes, Karpenter, etc.)","### What is expected ?
In addition to Kubernetes workload autoscaling, a smart node autoscaling (GKE compute classes or Karpenter) solution is in place to optimize the size and number of nodes",New,#4-CND0-MAIHOSOK-8375cbf4,TRUE,FALSE,FALSE,TRUE,FALSE,TRUE,FALSE,,,Vision,"Understands clearly where their team and the organization are going, and where they want the team to be in five years.",Cust. Feedback,"DORA research shows that teams achieve higher performance when they work in organizations that utilize those capabilities and also do the following:
* Collect customer satisfaction metrics regularly.
* Seek out and attend to customer feedback on product and feature quality.
* Use this feedback to help design products and features.",,,,,,,,,,,
INFRA,Database Management,Level 1,A,"DEPLOYMENT

My database is manually installed in a server or VM. (Yes) or better automation (N/A)","**Why ?**

Manual installation is often the starting point, but it increases variability between environments and makes recovery and scaling harder. This level exists mainly to acknowledge the baseline and to highlight why automation becomes important at higher levels.

**What ?**

A database instance is provisioned by hand (OS packages, configuration, users, storage, network rules) on a VM or server. The setup may not be fully reproducible.

**How ?**

- Document the installation steps (commands, versions, parameters, ports, firewall rules).
- Record where credentials and configuration live (vault, secrets manager, files, etc.).
- Ensure there is at least minimal operational ownership (who can rebuild it, where is the runbook).",Update,#0-DM00-ISMODOAP,TRUE,FALSE,FALSE,FALSE,FALSE,TRUE,FALSE,Reliability,,Deployment Automation,Deployment automation is what enables you to deploy your software to testing and production environments with the push of a button. Automation is essential to reduce the risk of production deployments. It’s also essential for providing fast feedback on the quality of your software by allowing teams to do comprehensive testing as soon as possible after changes.,Version Control,"Version control systems like Git, Subversion, and Mercurial provide a logical means to organize files and coordinate their creation, controlled access, updating, and deletion across teams and organizations.",CD,"Continuous delivery is the ability to release changes of all kinds on demand quickly, safely, and sustainably. Teams that practice continuous delivery well are able to release software and make changes to production in a low-risk way at any time—including during normal business hours—without impacting users.",Test Auto,"Automated testing is a key component of modern software delivery practices. The ability to execute a comprehensive set of unit, integration, and system tests is essential to verify that your app or service behaves as expected, and can be safely deployed to production.",Monitoring,"Monitoring is tooling or a technical solution that allows teams to watch and understand the state of their systems. Monitoring is based on gathering predefined sets of metrics or logs.
Observability is tooling or a technical solution that allows teams to actively debug their system. Observability is based on exploring properties and patterns not defined in advance.",,,,,
INFRA,Database Management,Level 1,B,"BACKUPS

My data is manually backuped by someone regularly (Yes) or better automation (N/A)","**Why ?**

Backups are the foundation of resilience. Manual backups are better than none, but they are error-prone (missed schedules, incomplete scope, frequently poorly protected (stored on the same server, not encrypted, not tested) and rarely tested for restoration capability.

**What ?**

A person triggers backups periodically (dump/snapshot/export) and stores them somewhere, likely in the same server, with limited guarantees on frequency, retention, integrity, or restorability.

**How ?**

- Define a minimum backup frequency (daily/weekly) and retention (e.g., 7/30/90 days).
- Store backups outside the database host whenever possible.
- Document a basic restore procedure (even if restore tests are not regular yet).",Update,#0-DM00-BDIMBBSR-ea5f56eb,TRUE,FALSE,FALSE,FALSE,FALSE,TRUE,FALSE,Reliability,,Deployment Automation,Deployment automation is what enables you to deploy your software to testing and production environments with the push of a button. Automation is essential to reduce the risk of production deployments. It’s also essential for providing fast feedback on the quality of your software by allowing teams to do comprehensive testing as soon as possible after changes.,Version Control,"Version control systems like Git, Subversion, and Mercurial provide a logical means to organize files and coordinate their creation, controlled access, updating, and deletion across teams and organizations.",CD,"Continuous delivery is the ability to release changes of all kinds on demand quickly, safely, and sustainably. Teams that practice continuous delivery well are able to release software and make changes to production in a low-risk way at any time—including during normal business hours—without impacting users.",Test Auto,"Automated testing is a key component of modern software delivery practices. The ability to execute a comprehensive set of unit, integration, and system tests is essential to verify that your app or service behaves as expected, and can be safely deployed to production.",Monitoring,"Monitoring is tooling or a technical solution that allows teams to watch and understand the state of their systems. Monitoring is based on gathering predefined sets of metrics or logs.
Observability is tooling or a technical solution that allows teams to actively debug their system. Observability is based on exploring properties and patterns not defined in advance.",,,,,
INFRA,Database Management,Level 2,A,"DEPLOYMENT

My Database services are installed in servers or VMs with scripts-based automations (Bash/Python, cron, etc.) (Yes) or better (N/A)","**Why ?**

Scripted setup increases repeatability and reduces reliance on tribal knowledge. It is a stepping stone toward Infrastructure as Code and platform-managed services.

**What ?**

Database provisioning and configuration are automated via scripts (install packages, configure parameters, create users/schemas, open ports, attach disks).

**How ?**

- Store scripts in version control.
- Make scripts idempotent where possible (safe to run multiple times).
- Parameterize environment-specific values (ports, instance size, storage path).
- Add a simple “create + verify” routine (health check, connection test).",Update,#1-DM00-ISMODOAV,TRUE,FALSE,FALSE,FALSE,FALSE,TRUE,FALSE,Reliability,,Deployment Automation,Deployment automation is what enables you to deploy your software to testing and production environments with the push of a button. Automation is essential to reduce the risk of production deployments. It’s also essential for providing fast feedback on the quality of your software by allowing teams to do comprehensive testing as soon as possible after changes., ,,CD,"Continuous delivery is the ability to release changes of all kinds on demand quickly, safely, and sustainably. Teams that practice continuous delivery well are able to release software and make changes to production in a low-risk way at any time—including during normal business hours—without impacting users.",Test Auto,"Automated testing is a key component of modern software delivery practices. The ability to execute a comprehensive set of unit, integration, and system tests is essential to verify that your app or service behaves as expected, and can be safely deployed to production.",Monitoring,"Monitoring is tooling or a technical solution that allows teams to watch and understand the state of their systems. Monitoring is based on gathering predefined sets of metrics or logs.
Observability is tooling or a technical solution that allows teams to actively debug their system. Observability is based on exploring properties and patterns not defined in advance.",,,,,
INFRA,Database Management,Level 2,B,"BACKUPS

My databases are automatically backuped and the backups are stored outside the database server.(Yes)","**Why ?**

Automation reduces missed backups and ensures backups survive host loss. External storage is essential for real disaster recovery.

**What ?**

Scheduled, automated backups run without human intervention, and backup artifacts are stored on separate infrastructure (object storage, backup server, managed backup service).

**How ?**

- Use native DB backup tooling or cloud/managed backup features.
- Send backups to external storage with access controls and encryption.
- Track backup job success/failure (notifications/alerts).
- Define retention rules (rotation / lifecycle policies).

<sub>GreenIT</sub>

**Why ?**

Automated retention policies reduce unnecessary storage footprint and cost.",Update,#1-DM00-BDAABATB-6cef12c8,TRUE,FALSE,FALSE,FALSE,FALSE,TRUE,FALSE,Reliability,,Deployment Automation,Deployment automation is what enables you to deploy your software to testing and production environments with the push of a button. Automation is essential to reduce the risk of production deployments. It’s also essential for providing fast feedback on the quality of your software by allowing teams to do comprehensive testing as soon as possible after changes.,Version Control,"Version control systems like Git, Subversion, and Mercurial provide a logical means to organize files and coordinate their creation, controlled access, updating, and deletion across teams and organizations.",CD,"Continuous delivery is the ability to release changes of all kinds on demand quickly, safely, and sustainably. Teams that practice continuous delivery well are able to release software and make changes to production in a low-risk way at any time—including during normal business hours—without impacting users.",Test Auto,"Automated testing is a key component of modern software delivery practices. The ability to execute a comprehensive set of unit, integration, and system tests is essential to verify that your app or service behaves as expected, and can be safely deployed to production.",Monitoring,"Monitoring is tooling or a technical solution that allows teams to watch and understand the state of their systems. Monitoring is based on gathering predefined sets of metrics or logs.
Observability is tooling or a technical solution that allows teams to actively debug their system. Observability is based on exploring properties and patterns not defined in advance.",,,,,
INFRA,Database Management,Level 2,C,"AVAILABILITY

My Database as a simple replication mechanism that I can isolate and redirect apps to in case of loss of my primary instance.","**Why ?**

Replication reduces downtime and data loss risk. Even manual failover is a major improvement over a single-instance database as it guarantees a near-zero RPO with a decent RTO.

**What ?**

A secondary replica exists (read replica or standby). In case of primary failure, the team can promote and redirect manually.

**How ?**

- Configure replication (streaming/log shipping/cluster replica, depending on DB).
- Document a failover runbook: detect → isolate primary → promote replica → update DNS/service config → verify app.
- Regularly verify replication lag and replica health. (can be delegated to Aiven)
- Practice at least one failover exercise per year (even if failover is not automated yet).",New,#1-DM00-MDAASRMT-7937f5a9,TRUE,FALSE,FALSE,FALSE,FALSE,TRUE,FALSE,Reliability,,Deployment Automation,Deployment automation is what enables you to deploy your software to testing and production environments with the push of a button. Automation is essential to reduce the risk of production deployments. It’s also essential for providing fast feedback on the quality of your software by allowing teams to do comprehensive testing as soon as possible after changes.,Version Control,"Version control systems like Git, Subversion, and Mercurial provide a logical means to organize files and coordinate their creation, controlled access, updating, and deletion across teams and organizations.",CD,"Continuous delivery is the ability to release changes of all kinds on demand quickly, safely, and sustainably. Teams that practice continuous delivery well are able to release software and make changes to production in a low-risk way at any time—including during normal business hours—without impacting users.",Test Auto,"Automated testing is a key component of modern software delivery practices. The ability to execute a comprehensive set of unit, integration, and system tests is essential to verify that your app or service behaves as expected, and can be safely deployed to production.",Monitoring,"Monitoring is tooling or a technical solution that allows teams to watch and understand the state of their systems. Monitoring is based on gathering predefined sets of metrics or logs.
Observability is tooling or a technical solution that allows teams to actively debug their system. Observability is based on exploring properties and patterns not defined in advance.",,,,,
INFRA,Database Management,Level 3,A,"DEPLOYMENT

My Database services are deployed with Infrastructure as Code (Terraform, Ansible) including 3S or other govtech-compliant platforms (Yes) ","*Why ?**

Infrastructure as Code (IaC) brings auditability, repeatability, and safer change management through peer review. It also supports compliance constraints (traceability, standard patterns, security guardrails).

**What ?**

Database infrastructure (networking, compute/storage, IAM, security groups, managed DB resources) is defined as code and deployed via pipelines.

**How ?**

Using Govtech platforms (like 3S or Standard terraform modules) simplifies this,  otherwise: 
- Use Terraform/Ansible (or equivalent) to create the database services (usually on Aiven) and dependencies (IAM, network peerings, etc.)
- Enforce reviews on IaC changes (pull requests).
- Separate environments (dev/staging/prod) with distinct states/workspaces.
- Include compliance-required controls (encryption, logging, network segmentation).

<sub>GreenIT</sub>

**Why ?**

IaC enables optimizations like shutting down non-production services outside working hours, saving both money and carbon footprint.",Update,#2-DM00-ISMDOAMS,TRUE,FALSE,FALSE,FALSE,FALSE,TRUE,FALSE,Reliability,,Deployment Automation,Deployment automation is what enables you to deploy your software to testing and production environments with the push of a button. Automation is essential to reduce the risk of production deployments. It’s also essential for providing fast feedback on the quality of your software by allowing teams to do comprehensive testing as soon as possible after changes.,Version Control,"Version control systems like Git, Subversion, and Mercurial provide a logical means to organize files and coordinate their creation, controlled access, updating, and deletion across teams and organizations.",CD,"Continuous delivery is the ability to release changes of all kinds on demand quickly, safely, and sustainably. Teams that practice continuous delivery well are able to release software and make changes to production in a low-risk way at any time—including during normal business hours—without impacting users.",Test Auto,"Automated testing is a key component of modern software delivery practices. The ability to execute a comprehensive set of unit, integration, and system tests is essential to verify that your app or service behaves as expected, and can be safely deployed to production.",Monitoring,"Monitoring is tooling or a technical solution that allows teams to watch and understand the state of their systems. Monitoring is based on gathering predefined sets of metrics or logs.
Observability is tooling or a technical solution that allows teams to actively debug their system. Observability is based on exploring properties and patterns not defined in advance.",,,,,
INFRA,Database Management,Level 3,B,"BACKUPS

My databases are automatically backuped, the backups are stored outside the database server and I'm running regular restoration tests.","**Why ?**

A backup you never restore is only a hope. Restoration tests validate backup integrity, procedures, RTO assumptions, and team readiness.
Automation ensures consistent and auditable behavior, creating confidence in integrity of backups.

**What ?**

Automated backups + external storage + periodic restore drills (full restore or partial restore to a test environment).
Note : Replication & HA architectures do not exempt from mandatory backuping all data.

**How ?**

- Schedule restore drills (yearly/quarterly).
- Restore into an isolated environment and validate:
  - DB starts correctly
  - critical tables exist
  - sample queries succeed
  - application can connect (optional)
- Track restore time and gaps; improve the runbook.",New,#2-DM00-BDAABTBA-d7850203,TRUE,FALSE,FALSE,FALSE,FALSE,TRUE,FALSE,Reliability,,Deployment Automation,Deployment automation is what enables you to deploy your software to testing and production environments with the push of a button. Automation is essential to reduce the risk of production deployments. It’s also essential for providing fast feedback on the quality of your software by allowing teams to do comprehensive testing as soon as possible after changes.,Version Control,"Version control systems like Git, Subversion, and Mercurial provide a logical means to organize files and coordinate their creation, controlled access, updating, and deletion across teams and organizations.",CD,"Continuous delivery is the ability to release changes of all kinds on demand quickly, safely, and sustainably. Teams that practice continuous delivery well are able to release software and make changes to production in a low-risk way at any time—including during normal business hours—without impacting users.",Test Auto,"Automated testing is a key component of modern software delivery practices. The ability to execute a comprehensive set of unit, integration, and system tests is essential to verify that your app or service behaves as expected, and can be safely deployed to production.",Monitoring,"Monitoring is tooling or a technical solution that allows teams to watch and understand the state of their systems. Monitoring is based on gathering predefined sets of metrics or logs.
Observability is tooling or a technical solution that allows teams to actively debug their system. Observability is based on exploring properties and patterns not defined in advance.",,,,,
INFRA,Database Management,Level 3,C,"AVAILABILITY

My database replicas have automatic Failover systems that provide HA","**Why ?**

Automatic failover reduces downtime and human error during incidents, and standardizes recovery behavior.

**What ?**

High availability is achieved with automatic detection and failover (managed DB multi-AZ, cluster managers, orchestrators).

**How ?**

- Prefer managed HA features where available.
- Define health checks and failover criteria.
- Ensure applications use a stable endpoint (cluster endpoint, proxy, VIP, DNS).
- Monitor failover events and test failover periodically.
",New,#2-DM00-ADRHAFST-3f8a59e3,TRUE,FALSE,FALSE,FALSE,FALSE,TRUE,FALSE,Reliability,,Deployment Automation,Deployment automation is what enables you to deploy your software to testing and production environments with the push of a button. Automation is essential to reduce the risk of production deployments. It’s also essential for providing fast feedback on the quality of your software by allowing teams to do comprehensive testing as soon as possible after changes.,Version Control,"Version control systems like Git, Subversion, and Mercurial provide a logical means to organize files and coordinate their creation, controlled access, updating, and deletion across teams and organizations.",CD,"Continuous delivery is the ability to release changes of all kinds on demand quickly, safely, and sustainably. Teams that practice continuous delivery well are able to release software and make changes to production in a low-risk way at any time—including during normal business hours—without impacting users.",Test Auto,"Automated testing is a key component of modern software delivery practices. The ability to execute a comprehensive set of unit, integration, and system tests is essential to verify that your app or service behaves as expected, and can be safely deployed to production.",Monitoring,"Monitoring is tooling or a technical solution that allows teams to watch and understand the state of their systems. Monitoring is based on gathering predefined sets of metrics or logs.
Observability is tooling or a technical solution that allows teams to actively debug their system. Observability is based on exploring properties and patterns not defined in advance.",,,,,
INFRA,Database Management,Level 4,A,"DEPLOYMENT

In addition to Infra as code, the Schema of my Database services is manages with automated migration solutions (Flyway) included in my apps' CI/CD","**Why ?**

Schema drift is a common cause of outages. Versioned migrations provide controlled evolution, reviewability, and safer deployments.

**What ?**

Database schema changes are versioned, reviewed, and applied automatically through CI/CD using a migration tool (Flyway, see Tech Radar).

**How ?**

- Store migration scripts alongside application code.
- Run migrations in the pipeline with clear ordering/versioning.
- Leverage forward/backward compatibility when possible to decouple code and schema upgrades.
- Add checks : “migration applied”, “schema version is X”.
- Define rollback strategy (down migrations when safe, or forward-fix strategy, plus backups before risky changes).",Duplicate,#3-DM00-ISMDOAMS,TRUE,FALSE,FALSE,FALSE,FALSE,TRUE,FALSE,Reliability,,Deployment Automation,Deployment automation is what enables you to deploy your software to testing and production environments with the push of a button. Automation is essential to reduce the risk of production deployments. It’s also essential for providing fast feedback on the quality of your software by allowing teams to do comprehensive testing as soon as possible after changes.,Version Control,"Version control systems like Git, Subversion, and Mercurial provide a logical means to organize files and coordinate their creation, controlled access, updating, and deletion across teams and organizations.",CD,"Continuous delivery is the ability to release changes of all kinds on demand quickly, safely, and sustainably. Teams that practice continuous delivery well are able to release software and make changes to production in a low-risk way at any time—including during normal business hours—without impacting users.",Test Auto,"Automated testing is a key component of modern software delivery practices. The ability to execute a comprehensive set of unit, integration, and system tests is essential to verify that your app or service behaves as expected, and can be safely deployed to production.",Monitoring,"Monitoring is tooling or a technical solution that allows teams to watch and understand the state of their systems. Monitoring is based on gathering predefined sets of metrics or logs.
Observability is tooling or a technical solution that allows teams to actively debug their system. Observability is based on exploring properties and patterns not defined in advance.",,,,,
INFRA,Database Management,Level 4,B,"BACKUPS

My databases are automatically backuped, the backups are stored outside the database server as immutable files (WORM), I'm running regular restoration tests and RTO/RPO are close to zero (PITR).","**Why ?**

This level targets strong resilience and security: immutability protects against ransomware and operator mistakes; PITR minimizes data loss; restore drills validate recovery objectives.

**What ?**

Backups include:
- immutable storage (WORM / object lock)
- regular restore tests
- PITR (point-in-time recovery) enabled
- defined and measured RPO/RTO targets (aiming close to zero when required)

**How ?**

- Enable PITR / continuous archiving (WAL/binlog, depending on DB engine).
- Store backups in object storage with immutability and retention lock.
- Encrypt backups and manage keys properly.
- Measure and report achieved RPO/RTO during restore tests.
",New,#3-DM00-MDAABTBA-22c38a4e,TRUE,FALSE,FALSE,FALSE,FALSE,TRUE,FALSE,Reliability,,Deployment Automation,Deployment automation is what enables you to deploy your software to testing and production environments with the push of a button. Automation is essential to reduce the risk of production deployments. It’s also essential for providing fast feedback on the quality of your software by allowing teams to do comprehensive testing as soon as possible after changes.,Version Control,"Version control systems like Git, Subversion, and Mercurial provide a logical means to organize files and coordinate their creation, controlled access, updating, and deletion across teams and organizations.",CD,"Continuous delivery is the ability to release changes of all kinds on demand quickly, safely, and sustainably. Teams that practice continuous delivery well are able to release software and make changes to production in a low-risk way at any time—including during normal business hours—without impacting users.",Test Auto,"Automated testing is a key component of modern software delivery practices. The ability to execute a comprehensive set of unit, integration, and system tests is essential to verify that your app or service behaves as expected, and can be safely deployed to production.",Monitoring,"Monitoring is tooling or a technical solution that allows teams to watch and understand the state of their systems. Monitoring is based on gathering predefined sets of metrics or logs.
Observability is tooling or a technical solution that allows teams to actively debug their system. Observability is based on exploring properties and patterns not defined in advance.",,,,,
INFRA,Database Management,Level 4,C,"AVAILABILITY

My database allows cross-region failover architectures with automatic recovery.","**Why?**

Cross-region failover provides the highest level of disaster recovery, ensuring business continuity and minimal data loss even after a major regional outage. Automatic recovery dramatically minimizes the Recovery Time Objective (RTO) and reduces the potential for human error during a crisis.

**What?**

This involves a primary instance in one region and a synchronized, ready-to-take-over standby instance in a different geographical region. The system includes automated health checks and a coordinated failover mechanism that redirects application traffic to the standby in case of a complete failure of the primary region.

**How?**
- Set up and maintain a synchronous or asynchronous replication stream to a second, separate region.
- Implement automated, region-aware health checks that trigger the failover process.
- Configure global traffic management (e.g., DNS, load balancer) to automatically redirect traffic to the healthy region after failover.
- Continuously test the failover and failback procedures.
- Ensure the application layer can gracefully handle the cross-region connection latency and brief outage during the switch.

<sub>CRITICALITY NOTE</sub>

Not all application criticality tiers or Service Level Objectives (SLOs) require this level of resilience. This architecture is typically reserved for applications with the highest RTO and RPO requirements (e.g., Tier 1).
",New,#3-DM00-MDAAHAWA-1434631c,TRUE,FALSE,FALSE,FALSE,FALSE,TRUE,FALSE,Reliability,,Deployment Automation,Deployment automation is what enables you to deploy your software to testing and production environments with the push of a button. Automation is essential to reduce the risk of production deployments. It’s also essential for providing fast feedback on the quality of your software by allowing teams to do comprehensive testing as soon as possible after changes.,Version Control,"Version control systems like Git, Subversion, and Mercurial provide a logical means to organize files and coordinate their creation, controlled access, updating, and deletion across teams and organizations.",CD,"Continuous delivery is the ability to release changes of all kinds on demand quickly, safely, and sustainably. Teams that practice continuous delivery well are able to release software and make changes to production in a low-risk way at any time—including during normal business hours—without impacting users.",Test Auto,"Automated testing is a key component of modern software delivery practices. The ability to execute a comprehensive set of unit, integration, and system tests is essential to verify that your app or service behaves as expected, and can be safely deployed to production.",Monitoring,"Monitoring is tooling or a technical solution that allows teams to watch and understand the state of their systems. Monitoring is based on gathering predefined sets of metrics or logs.
Observability is tooling or a technical solution that allows teams to actively debug their system. Observability is based on exploring properties and patterns not defined in advance.",,,,,
INFRA,Database Management,Level 5,A,"AVAILABILITY

My database allows active-active architectures with automatic recovery.","**Why?**

Active-active architectures provide ultimate resilience by allowing both regions to handle traffic simultaneously, eliminating downtime during regional failures. It also provides significant performance gains by distributing the read and write load globally, but introduces substantial complexity, especially around data consistency.

**What?**

Multiple active nodes or clusters across different regions accept traffic concurrently. The system requires advanced, automated mechanisms for recovery, load balancing, and critically, conflict resolution to ensure data consistency (e.g., multi-master replication, distributed SQL). This is often not feasible or has severe trade-offs with traditional relational databases like PostgreSQL.

**How?**
- Choose a data technology and architecture inherently compatible with multi-region active-active deployment (e.g., distributed databases, specialized multi-region clusters).
- Define strict consistency requirements (e.g., strong vs. eventual consistency) and acceptable failure modes.
- Implement global routing/load balancing to intelligently distribute traffic to the nearest healthy instance.
- Develop and validate the automatic conflict resolution logic and recovery mechanism.
- Continuously test complex failure scenarios (e.g., network partition, partial cluster failure) to ensure data integrity and automatic recovery.

<sub>CRITICALITY NOTE</sub>

This is the highest resilience level and should only be considered for the most critical Tier 0/1 applications whose SLO dictates near-zero downtime and high concurrent regional load. For most applications, Level 4 is sufficient.
",Update,#4-HS0000-HICCSO-ff858145,TRUE,FALSE,FALSE,FALSE,FALSE,TRUE,FALSE,Reliability,,Deployment Automation,Deployment automation is what enables you to deploy your software to testing and production environments with the push of a button. Automation is essential to reduce the risk of production deployments. It’s also essential for providing fast feedback on the quality of your software by allowing teams to do comprehensive testing as soon as possible after changes.,Version Control,"Version control systems like Git, Subversion, and Mercurial provide a logical means to organize files and coordinate their creation, controlled access, updating, and deletion across teams and organizations.",CD,"Continuous delivery is the ability to release changes of all kinds on demand quickly, safely, and sustainably. Teams that practice continuous delivery well are able to release software and make changes to production in a low-risk way at any time—including during normal business hours—without impacting users.",Test Auto,"Automated testing is a key component of modern software delivery practices. The ability to execute a comprehensive set of unit, integration, and system tests is essential to verify that your app or service behaves as expected, and can be safely deployed to production.",Monitoring,"Monitoring is tooling or a technical solution that allows teams to watch and understand the state of their systems. Monitoring is based on gathering predefined sets of metrics or logs.
Observability is tooling or a technical solution that allows teams to actively debug their system. Observability is based on exploring properties and patterns not defined in advance.",,,,,
INFRA,Storage Management (for unstructured data),Level 1,A,"Local storage on servers (YES) 
or higher (NA)","### What is expected ?
Your VM/Container/K8S has at least a local storage, your files and other configuration are stored at least on this local storage. ",Keep,#0-SMFU-LSOSOOHN,TRUE,FALSE,FALSE,TRUE,FALSE,TRUE,FALSE,,,Deployment Automation,Deployment automation is what enables you to deploy your software to testing and production environments with the push of a button. Automation is essential to reduce the risk of production deployments. It’s also essential for providing fast feedback on the quality of your software by allowing teams to do comprehensive testing as soon as possible after changes.,Cust. Feedback,"DORA research shows that teams achieve higher performance when they work in organizations that utilize those capabilities and also do the following:
* Collect customer satisfaction metrics regularly.
* Seek out and attend to customer feedback on product and feature quality.
* Use this feedback to help design products and features.",Monitoring,"Monitoring is tooling or a technical solution that allows teams to watch and understand the state of their systems. Monitoring is based on gathering predefined sets of metrics or logs.
Observability is tooling or a technical solution that allows teams to actively debug their system. Observability is based on exploring properties and patterns not defined in advance.",,,,,,,,,
INFRA,Storage Management (for unstructured data),Level 2,A,"Server based file sharing (YES) 
or higher  (NA)","### What is expected ?
Your VM/Container/K8S has at least a server based storage, your files and other configuration are stored at least on this file sharing storage. ",Keep,#1-SMFU-SBFSOOHN,TRUE,FALSE,FALSE,TRUE,FALSE,TRUE,FALSE,,,Deployment Automation,Deployment automation is what enables you to deploy your software to testing and production environments with the push of a button. Automation is essential to reduce the risk of production deployments. It’s also essential for providing fast feedback on the quality of your software by allowing teams to do comprehensive testing as soon as possible after changes.,Cust. Feedback,"DORA research shows that teams achieve higher performance when they work in organizations that utilize those capabilities and also do the following:
* Collect customer satisfaction metrics regularly.
* Seek out and attend to customer feedback on product and feature quality.
* Use this feedback to help design products and features.",Monitoring,"Monitoring is tooling or a technical solution that allows teams to watch and understand the state of their systems. Monitoring is based on gathering predefined sets of metrics or logs.
Observability is tooling or a technical solution that allows teams to actively debug their system. Observability is based on exploring properties and patterns not defined in advance.",,,,,,,,,
INFRA,Storage Management (for unstructured data),Level 3,A,"Third party based software on IaaS to share files (YES) 
or higher (NA)","### What is expected ?
Your VM/Container/K8S cluster/serverless has at least a govtech validated third party based file sharing system.",Keep,#2-SMFU-TPBSOITS,TRUE,FALSE,FALSE,TRUE,FALSE,TRUE,FALSE,,,Deployment Automation,Deployment automation is what enables you to deploy your software to testing and production environments with the push of a button. Automation is essential to reduce the risk of production deployments. It’s also essential for providing fast feedback on the quality of your software by allowing teams to do comprehensive testing as soon as possible after changes.,Cust. Feedback,"DORA research shows that teams achieve higher performance when they work in organizations that utilize those capabilities and also do the following:
* Collect customer satisfaction metrics regularly.
* Seek out and attend to customer feedback on product and feature quality.
* Use this feedback to help design products and features.",Monitoring,"Monitoring is tooling or a technical solution that allows teams to watch and understand the state of their systems. Monitoring is based on gathering predefined sets of metrics or logs.
Observability is tooling or a technical solution that allows teams to actively debug their system. Observability is based on exploring properties and patterns not defined in advance.",,,,,,,,,
INFRA,Storage Management (for unstructured data),Level 4,A,"Cloud Provider object storage (S3, cloud storage...) with lifecycle management enabled (YES) 
or higher (NA)","### What is expected ?
Your VM/Container/K8S cluster/serverless has at least a govtech validated cloud provider object storage system such as S3, Cloud storage, Azure Cloud Storage, etc with a lifecycle management provided by cloud provider. ",Keep,#3-SMFU-CPOSSCSW,TRUE,FALSE,FALSE,TRUE,FALSE,TRUE,FALSE,,,Deployment Automation,Deployment automation is what enables you to deploy your software to testing and production environments with the push of a button. Automation is essential to reduce the risk of production deployments. It’s also essential for providing fast feedback on the quality of your software by allowing teams to do comprehensive testing as soon as possible after changes.,Cust. Feedback,"DORA research shows that teams achieve higher performance when they work in organizations that utilize those capabilities and also do the following:
* Collect customer satisfaction metrics regularly.
* Seek out and attend to customer feedback on product and feature quality.
* Use this feedback to help design products and features.",Monitoring,"Monitoring is tooling or a technical solution that allows teams to watch and understand the state of their systems. Monitoring is based on gathering predefined sets of metrics or logs.
Observability is tooling or a technical solution that allows teams to actively debug their system. Observability is based on exploring properties and patterns not defined in advance.",,,,,,,,,
INFRA,Storage Management (for unstructured data),Level 5,A,"Cloud Provider object storage (S3, cloud storage...) with enhanced security (WORM protection, multiregionnal...) and lifecycle management (YES) ","### What is expected ?
Your VM/Container/K8S cluster/serverless has at least a govtech validated cloud provider object storage system such as S3, Cloud storage, Azure Cloud Storage, etc with a lifecycle management provided by cloud provider, and it has at least an enhanced security level such as WORM protection, multiregions configuration. ",Keep,#4-SMFU-CPOSSCSW,TRUE,FALSE,FALSE,TRUE,FALSE,TRUE,FALSE,,,Deployment Automation,Deployment automation is what enables you to deploy your software to testing and production environments with the push of a button. Automation is essential to reduce the risk of production deployments. It’s also essential for providing fast feedback on the quality of your software by allowing teams to do comprehensive testing as soon as possible after changes.,Cust. Feedback,"DORA research shows that teams achieve higher performance when they work in organizations that utilize those capabilities and also do the following:
* Collect customer satisfaction metrics regularly.
* Seek out and attend to customer feedback on product and feature quality.
* Use this feedback to help design products and features.",Monitoring,"Monitoring is tooling or a technical solution that allows teams to watch and understand the state of their systems. Monitoring is based on gathering predefined sets of metrics or logs.
Observability is tooling or a technical solution that allows teams to actively debug their system. Observability is based on exploring properties and patterns not defined in advance.",,,,,,,,,
INFRA,Reproducibility,Level 1,A,Solution developed used services that are validated by infrastructure and architecture teams,"### What is expected?
The solution must utilize services that have been pre-approved and validated by the infrastructure and architecture teams to ensure compliance with organizational standards and best practices (see Technical Desgin Review process)",Keep,#0-R000-SDUSTAVB-c79162a8,FALSE,FALSE,FALSE,FALSE,TRUE,FALSE,FALSE,,,,,,,,,,,,,,,Corentin VASSEUR -CROIX-,,
INFRA,Reproducibility,Level 2,A,"Part of infrastructure is defined as code, later referenced as IaC (Infrastructure as Code). ","What is expected? 
The infrastructure should be defined using code (terraform), enabling automated provisioning, management, and versioning of infrastructure resources.",Keep,#1-R000-POIIDACL-df845130,FALSE,FALSE,FALSE,FALSE,TRUE,FALSE,FALSE,,,,,,,,,,,,,,,Corentin VASSEUR -CROIX-,,
INFRA,Reproducibility,Level 2,B,IaC is stored in a version control system (e.g. github repository),"### What is expected? 
The Infrastructure as Code (IaC) should be stored in a version control system such as GitHub to facilitate collaboration, versioning, and tracking of changes",Keep,#1-R000-IISIAVCS-1067483e,FALSE,FALSE,FALSE,FALSE,TRUE,FALSE,FALSE,,,,,,,,,,,,,,,Corentin VASSEUR -CROIX-,,
INFRA,Reproducibility,Level 2,C,S-MAX (optional) process is used to create changes in IaC thank to the help of dataops team.,"### What is expected ?
Changes to Infrastructure as Code (IaC) should be managed through the S-MAX process with assistance from the DataOps team, ensuring controlled and efficient updates.
S-Max - https://github.com/dktunited/dataops-terraform-infra-projects",Keep,#1-R000-SOPIUTCC-983eaab0,FALSE,FALSE,FALSE,FALSE,TRUE,FALSE,FALSE,,,,,,,,,,,,,,,Corentin VASSEUR -CROIX-,,
INFRA,Reproducibility,Level 2,D,Services used doesnot contain operation team names (we are following product convention).,"### What is expected ?
Services should be named according to the product convention rather than including operation team names to maintain consistency and clarity in service identification.",Keep,#1-R000-SUDCOTNW-109fa2cb,FALSE,FALSE,FALSE,FALSE,TRUE,FALSE,FALSE,,,,,,,,,,,,,,,Corentin VASSEUR -CROIX-,,
INFRA,Reproducibility,Level 2,E,Project code and support group are defined.,"### What is expected ?
The project code and associated support group must be clearly defined to ensure accountability and proper management of the project.",Keep,#1-R000-PCASGAD0-77d48a70,FALSE,FALSE,FALSE,FALSE,TRUE,FALSE,FALSE,,,,,,,,,,,,,,,Corentin VASSEUR -CROIX-,,
INFRA,Reproducibility,Level 3,A,Role IAM are not using any manually added custom policy.,"### What is expected ?
IAM roles should not include manually added custom policies, promoting the use of standardized and pre-approved policy sets for security and consistency.",Keep,#2-R000-RIANUAMA-b2656eb0,FALSE,FALSE,FALSE,FALSE,TRUE,FALSE,FALSE,,,,,,,,,,,,,,,Corentin VASSEUR -CROIX-,,
INFRA,Reproducibility,Level 3,B,"All AI Product Infrastructure is defined as code, and using the Terraform modules provided by dataops team based on AI product strategy (dedicated role for the product).","### What is expected ?
All AI product infrastructure should be defined using code, specifically leveraging Terraform modules provided by the DataOps team, aligned with the AI product strategy and dedicated roles.
https://dataplatform-access-management.dktapp.cloud/",Keep,#2-R000-AAPIIDAC-3b9d5812,FALSE,FALSE,FALSE,FALSE,TRUE,FALSE,FALSE,,,,,,,,,,,,,,,Corentin VASSEUR -CROIX-,,
INFRA,Reproducibility,Level 3,C,"Data and ML pipeline should have at least two environments (preproduction and production) which are exact copies of each other.
ML model exposition should have differents environments","### What is expected ?
The data and ML pipelines must include at least two environments, preproduction and production, which are exact replicas to ensure consistent testing and deployment.
Machine Learning models should be deployed in multiple environments to ensure proper testing, staging, and production workflows.",Keep,#2-R000-DAMPSHAL-4abcea22,FALSE,FALSE,FALSE,FALSE,TRUE,FALSE,FALSE,,,,,,,,,,,,,,,Corentin VASSEUR -CROIX-,,
INFRA,Reproducibility,Level 3,G,All environments related to a AI Product should have access to production data (data should be the same at any moment of time).,"### What is expected ?
All environments associated with an AI product must have access to production data, ensuring data consistency across environments at all times.",Keep,#2-R000-AERTAAPS-7fa7677d,FALSE,FALSE,FALSE,FALSE,TRUE,FALSE,FALSE,,,,,,,,,,,,,,,Corentin VASSEUR -CROIX-,,
INFRA,Reproducibility,Level 3,H,Technical review has proposed time of ops people for creating quickly all ressources we need with dataops team.,"### What is expected ?
A technical review should allocate time for ops in order to collaborate with the DataOps team in swiftly creating all necessary resources.",Keep,#2-R000-TRHPTOOP-c5dc25f2,FALSE,FALSE,FALSE,FALSE,TRUE,FALSE,FALSE,,,,,,,,,,,,,,,Corentin VASSEUR -CROIX-,,
INFRA,Reproducibility,Level 4,A,My product (ML API) is hosted on K8S or serverless.,"### What is expected ?
The Machine Learning API product should be hosted on Kubernetes (K8S) or a serverless platform, aligning with modern infrastructure practices.",Keep,#3-R000-MPMAIHOK-dff5b136,FALSE,FALSE,FALSE,FALSE,TRUE,FALSE,FALSE,,,,,,,,,,,,,,,Corentin VASSEUR -CROIX-,,
INFRA,Reproducibility,Level 5,A,Pull request on terraform git repo process is used to create changes in IaC. Team are autonomous.,"### What is expected ?
Changes to Infrastructure as Code (IaC) should be made through a pull request process in the Terraform Git repository, allowing teams to work autonomously while ensuring code review and version control.",Keep,#4-R000-PROTGRPI-313d52fe,FALSE,FALSE,FALSE,FALSE,TRUE,FALSE,FALSE,,,,,,,,,,,,,,,Corentin VASSEUR -CROIX-,,
INFRA,Security,Level 1,A,Place holder: please validate,TBD,Placeholder,#0-S000-PHPV0000-bf91045a,FALSE,FALSE,FALSE,FALSE,TRUE,FALSE,FALSE,,,Shift Left on Security,"By better integrating information security (InfoSec) objectives into daily work, teams can achieve higher levels of software delivery performance and build more secure systems. This idea is also known as shifting left, because concerns, including security concerns, are addressed earlier in the software development lifecycle (that is, left in a left-to-right schedule diagram).",Monitoring,"Monitoring is tooling or a technical solution that allows teams to watch and understand the state of their systems. Monitoring is based on gathering predefined sets of metrics or logs.
Observability is tooling or a technical solution that allows teams to actively debug their system. Observability is based on exploring properties and patterns not defined in advance.",,,,,,,,,Corentin VASSEUR -CROIX-,,
INFRA,Security,Level 2,A,Data used is encrypted (e.g. with KMS on s3).,"### What
Data encryption involves using cryptographic techniques to secure data, such as encrypting data stored in S3 using Key Management Service (KMS). 
### Why
To protect sensitive information, ensure data privacy, and comply with regulatory requirements. 
### How
 Use AWS KMS to manage encryption keys and configure S3 bucket settings to enable server-side encryption with KMS. Regularly audit and review encryption settings to ensure compliance.",Keep,#1-S000-DUIEEWKO-b1663ca7,FALSE,FALSE,FALSE,FALSE,TRUE,FALSE,FALSE,,,Shift Left on Security,"By better integrating information security (InfoSec) objectives into daily work, teams can achieve higher levels of software delivery performance and build more secure systems. This idea is also known as shifting left, because concerns, including security concerns, are addressed earlier in the software development lifecycle (that is, left in a left-to-right schedule diagram).",Monitoring,"Monitoring is tooling or a technical solution that allows teams to watch and understand the state of their systems. Monitoring is based on gathering predefined sets of metrics or logs.
Observability is tooling or a technical solution that allows teams to actively debug their system. Observability is based on exploring properties and patterns not defined in advance.",,,,,,,,,Corentin VASSEUR -CROIX-,,
INFRA,Security,Level 3,A,"As soon as managed solutions is provided by cloud provider, we donot use alternative (e.g. no cloud provider managed deployment)","### What
When a managed solution is available from the cloud provider, it should be used instead of alternative, non-managed deployments. 
### Why
Managed solutions offer built-in scalability, security, and maintenance, reducing operational overhead and risk. 
### How
 Identify managed services provided by the cloud provider that fit project requirements. Replace non-managed deployments with these services, ensuring configuration aligns with best practices and project needs.",Keep,#2-S000-ASAMSIPB-e3fba747,FALSE,FALSE,FALSE,FALSE,TRUE,FALSE,FALSE,,,Shift Left on Security,"By better integrating information security (InfoSec) objectives into daily work, teams can achieve higher levels of software delivery performance and build more secure systems. This idea is also known as shifting left, because concerns, including security concerns, are addressed earlier in the software development lifecycle (that is, left in a left-to-right schedule diagram).",Monitoring,"Monitoring is tooling or a technical solution that allows teams to watch and understand the state of their systems. Monitoring is based on gathering predefined sets of metrics or logs.
Observability is tooling or a technical solution that allows teams to actively debug their system. Observability is based on exploring properties and patterns not defined in advance.",,,,,,,,,Corentin VASSEUR -CROIX-,,
INFRA,Security,Level 3,B,Latest version (or supported version) of Python is used.,"### What
The project should use the latest or a currently supported version of Python. 
### Why
To ensure compatibility, receive security updates, and leverage new features and improvements. 
### How
Regularly check the Python status at Python status and upgrade the Python version used in the project. Implement version checks in CI/CD pipelines to enforce usage of supported versions.
Python status: https://devguide.python.org/versions/",Keep,#2-S000-LVOSVOPI-290700ba,FALSE,FALSE,FALSE,FALSE,TRUE,FALSE,FALSE,,,Shift Left on Security,"By better integrating information security (InfoSec) objectives into daily work, teams can achieve higher levels of software delivery performance and build more secure systems. This idea is also known as shifting left, because concerns, including security concerns, are addressed earlier in the software development lifecycle (that is, left in a left-to-right schedule diagram).",Monitoring,"Monitoring is tooling or a technical solution that allows teams to watch and understand the state of their systems. Monitoring is based on gathering predefined sets of metrics or logs.
Observability is tooling or a technical solution that allows teams to actively debug their system. Observability is based on exploring properties and patterns not defined in advance.",,,,,,,,,Corentin VASSEUR -CROIX-,,
INFRA,Security,Level 3,C,Latest versions of packages dependencies are used.,"### What
Dependencies should be regularly updated to their latest versions. 
### Why
To benefit from security patches, bug fixes, and feature enhancements. 
### How
Use tools like pip-review or pip-upgrade to identify and upgrade outdated Python packages. Schedule regular maintenance windows to perform these upgrades and test for compatibility.

Upgrade python module used regularly",Keep,#2-S000-LVOPDAU0-57a78e4f,FALSE,FALSE,FALSE,FALSE,TRUE,FALSE,FALSE,,,Shift Left on Security,"By better integrating information security (InfoSec) objectives into daily work, teams can achieve higher levels of software delivery performance and build more secure systems. This idea is also known as shifting left, because concerns, including security concerns, are addressed earlier in the software development lifecycle (that is, left in a left-to-right schedule diagram).",Monitoring,"Monitoring is tooling or a technical solution that allows teams to watch and understand the state of their systems. Monitoring is based on gathering predefined sets of metrics or logs.
Observability is tooling or a technical solution that allows teams to actively debug their system. Observability is based on exploring properties and patterns not defined in advance.",,,,,,,,,Corentin VASSEUR -CROIX-,,
INFRA,Security,Level 3,A,"Estimate with you security champion or security team, the criticity of your project and list your project into EGERIE if it is relevant.","### What
Assess the criticality of the project with a security expert and register it in EGERIE if necessary. 
### Why
To ensure proper security measures are in place based on project risk and criticality. 
### How
Use the Tech Radar security checklist available here to evaluate security requirements and consult with the security team for assessment and registration.
Tech radar security checklist: https://docs.google.com/spreadsheets/d/1DBOodOlr1WVI1O0202mqcixMdvVg8_TFeulvckABHPg/edit?gid=0#gid=0",Keep,#2-S000-EWYSCOST-8bd45f59,FALSE,FALSE,FALSE,FALSE,TRUE,FALSE,FALSE,,,Shift Left on Security,"By better integrating information security (InfoSec) objectives into daily work, teams can achieve higher levels of software delivery performance and build more secure systems. This idea is also known as shifting left, because concerns, including security concerns, are addressed earlier in the software development lifecycle (that is, left in a left-to-right schedule diagram).",Monitoring,"Monitoring is tooling or a technical solution that allows teams to watch and understand the state of their systems. Monitoring is based on gathering predefined sets of metrics or logs.
Observability is tooling or a technical solution that allows teams to actively debug their system. Observability is based on exploring properties and patterns not defined in advance.",,,,,,,,,Corentin VASSEUR -CROIX-,,
INFRA,Security,Level 3,B,Container are regulary re built to handle security issues.,"### What
Containers should be periodically rebuilt to incorporate the latest security updates and patches. 
### Why
To mitigate vulnerabilities and ensure containers remain secure. 
### How
Automate the container rebuild process using CI/CD pipelines. Schedule regular rebuilds and deployments, integrating vulnerability scanning tools like Clair or Trivy to detect and address security issues.",Keep,#2-S000-CARRBTHS-f4943f71,FALSE,FALSE,FALSE,FALSE,TRUE,FALSE,FALSE,,,Shift Left on Security,"By better integrating information security (InfoSec) objectives into daily work, teams can achieve higher levels of software delivery performance and build more secure systems. This idea is also known as shifting left, because concerns, including security concerns, are addressed earlier in the software development lifecycle (that is, left in a left-to-right schedule diagram).",Monitoring,"Monitoring is tooling or a technical solution that allows teams to watch and understand the state of their systems. Monitoring is based on gathering predefined sets of metrics or logs.
Observability is tooling or a technical solution that allows teams to actively debug their system. Observability is based on exploring properties and patterns not defined in advance.",,,,,,,,,Corentin VASSEUR -CROIX-,,
INFRA,Security,Level 4,A,Dependencies are regularly rebuilt with latest versions of python modules.,"### What
Dependencies should be regularly updated and rebuilt with the latest Python modules. 
### Why
To ensure the application uses the most secure and efficient versions of dependencies. 
### How
Automate dependency updates using tools like Dependabot. Schedule regular rebuilds and run tests to verify compatibility and functionality.",Keep,#3-S000-DARRWLVO-66b0db6f,FALSE,FALSE,FALSE,FALSE,TRUE,FALSE,FALSE,,,Shift Left on Security,"By better integrating information security (InfoSec) objectives into daily work, teams can achieve higher levels of software delivery performance and build more secure systems. This idea is also known as shifting left, because concerns, including security concerns, are addressed earlier in the software development lifecycle (that is, left in a left-to-right schedule diagram).",Monitoring,"Monitoring is tooling or a technical solution that allows teams to watch and understand the state of their systems. Monitoring is based on gathering predefined sets of metrics or logs.
Observability is tooling or a technical solution that allows teams to actively debug their system. Observability is based on exploring properties and patterns not defined in advance.",,,,,,,,,Corentin VASSEUR -CROIX-,,
INFRA,Security,Level 4,B,Pentest has been done (API audit needed for public exposition).,"### What
A penetration test (pentest) should be conducted, especially for publicly exposed APIs, to identify and address security vulnerabilities. 
### Why
To proactively find and fix security flaws, ensuring the API is secure from attacks. 
### How
Engage a professional pentesting service or an internal security team to perform the audit. Review and address the findings, implementing necessary security measures and improvements.",Keep,#3-S000-PHBDAANF-b7bd10a9,FALSE,FALSE,FALSE,FALSE,TRUE,FALSE,FALSE,,,Shift Left on Security,"By better integrating information security (InfoSec) objectives into daily work, teams can achieve higher levels of software delivery performance and build more secure systems. This idea is also known as shifting left, because concerns, including security concerns, are addressed earlier in the software development lifecycle (that is, left in a left-to-right schedule diagram).",Monitoring,"Monitoring is tooling or a technical solution that allows teams to watch and understand the state of their systems. Monitoring is based on gathering predefined sets of metrics or logs.
Observability is tooling or a technical solution that allows teams to actively debug their system. Observability is based on exploring properties and patterns not defined in advance.",,,,,,,,,Corentin VASSEUR -CROIX-,,
INFRA,Security,Level 5,A,If project is open sourced we are following security standards.,"## What
When a managed solution is available from the cloud provider, it should be used instead of alternative, non-managed deployments. 
### Why
Managed solutions offer built-in scalability, security, and maintenance, reducing operational overhead and risk. 
### How
Identify managed services provided by the cloud provider that fit project requirements. Replace non-managed deployments with these services, ensuring configuration aligns with best practices and project needs.
Contact corentin.vasseur@decathlon.com
Standard: https://docs.google.com/document/d/1VeZOKAPHrN11Kv4XTrfkVs0BDo0p63po/edit
Useful links: https://github.com/mikeroyal/Open-Source-Security-Guide | https://github.com/guardrailsio/awesome-python-security",Keep,#4-S000-IPIOSWAF-83bb3c21,FALSE,FALSE,FALSE,FALSE,TRUE,FALSE,FALSE,,,Shift Left on Security,"By better integrating information security (InfoSec) objectives into daily work, teams can achieve higher levels of software delivery performance and build more secure systems. This idea is also known as shifting left, because concerns, including security concerns, are addressed earlier in the software development lifecycle (that is, left in a left-to-right schedule diagram).",Monitoring,"Monitoring is tooling or a technical solution that allows teams to watch and understand the state of their systems. Monitoring is based on gathering predefined sets of metrics or logs.
Observability is tooling or a technical solution that allows teams to actively debug their system. Observability is based on exploring properties and patterns not defined in advance.",,,,,,,,,Corentin VASSEUR -CROIX-,,
,,,,,,,,,,,,,,,,,,,,,,,,,,,,,,,
,,,,,,,,,,,,,,,,,,,,,,,,,,,,,,,
,,,,,,,,,,,,,,,,,,,,,,,,,,,,,,,
,,,,,,,,,,,,,,,,,,,,,,,,,,,,,,,
,,,,,,,,,,,,,,,,,,,,,,,,,,,,,,,
,,,,,,,,,,,,,,,,,,,,,,,,,,,,,,,
,,,,,,,,,,,,,,,,,,,,,,,,,,,,,,,
,,,,,,,,,,,,,,,,,,,,,,,,,,,,,,,
,,,,,,,,,,,,,,,,,,,,,,,,,,,,,,,
,,,,,,,,,,,,,,,,,,,,,,,,,,,,,,,
,,,,,,,,,,,,,,,,,,,,,,,,,,,,,,,
,,,,,,,,,,,,,,,,,,,,,,,,,,,,,,,
,,,,,,,,,,,,,,,,,,,,,,,,,,,,,,,
,,,,,,,,,,,,,,,,,,,,,,,,,,,,,,,
,,,,,,,,,,,,,,,,,,,,,,,,,,,,,,,
,,,,,,,,,,,,,,,,,,,,,,,,,,,,,,,
,,,,,,,,,,,,,,,,,,,,,,,,,,,,,,,
,,,,,,,,,,,,,,,,,,,,,,,,,,,,,,,
,,,,,,,,,,,,,,,,,,,,,,,,,,,,,,,
,,,,,,,,,,,,,,,,,,,,,,,,,,,,,,,
,,,,,,,,,,,,,,,,,,,,,,,,,,,,,,,
,,,,,,,,,,,,,,,,,,,,,,,,,,,,,,,
,,,,,,,,,,,,,,,,,,,,,,,,,,,,,,,
,,,,,,,,,,,,,,,,,,,,,,,,,,,,,,,
,,,,,,,,,,,,,,,,,,,,,,,,,,,,,,,
,,,,,,,,,,,,,,,,,,,,,,,,,,,,,,,
,,,,,,,,,,,,,,,,,,,,,,,,,,,,,,,
,,,,,,,,,,,,,,,,,,,,,,,,,,,,,,,
,,,,,,,,,,,,,,,,,,,,,,,,,,,,,,,
,,,,,,,,,,,,,,,,,,,,,,,,,,,,,,,
,,,,,,,,,,,,,,,,,,,,,,,,,,,,,,,
,,,,,,,,,,,,,,,,,,,,,,,,,,,,,,,
,,,,,,,,,,,,,,,,,,,,,,,,,,,,,,,
,,,,,,,,,,,,,,,,,,,,,,,,,,,,,,,
,,,,,,,,,,,,,,,,,,,,,,,,,,,,,,,
,,,,,,,,,,,,,,,,,,,,,,,,,,,,,,,
,,,,,,,,,,,,,,,,,,,,,,,,,,,,,,,
,,,,,,,,,,,,,,,,,,,,,,,,,,,,,,,
,,,,,,,,,,,,,,,,,,,,,,,,,,,,,,,
,,,,,,,,,,,,,,,,,,,,,,,,,,,,,,,
,,,,,,,,,,,,,,,,,,,,,,,,,,,,,,,
,,,,,,,,,,,,,,,,,,,,,,,,,,,,,,,
,,,,,,,,,,,,,,,,,,,,,,,,,,,,,,,
,,,,,,,,,,,,,,,,,,,,,,,,,,,,,,,
,,,,,,,,,,,,,,,,,,,,,,,,,,,,,,,
,,,,,,,,,,,,,,,,,,,,,,,,,,,,,,,
,,,,,,,,,,,,,,,,,,,,,,,,,,,,,,,
,,,,,,,,,,,,,,,,,,,,,,,,,,,,,,,
,,,,,,,,,,,,,,,,,,,,,,,,,,,,,,,
,,,,,,,,,,,,,,,,,,,,,,,,,,,,,,,
,,,,,,,,,,,,,,,,,,,,,,,,,,,,,,,
,,,,,,,,,,,,,,,,,,,,,,,,,,,,,,,
,,,,,,,,,,,,,,,,,,,,,,,,,,,,,,,
,,,,,,,,,,,,,,,,,,,,,,,,,,,,,,,
,,,,,,,,,,,,,,,,,,,,,,,,,,,,,,,
,,,,,,,,,,,,,,,,,,,,,,,,,,,,,,,
,,,,,,,,,,,,,,,,,,,,,,,,,,,,,,,
,,,,,,,,,,,,,,,,,,,,,,,,,,,,,,,
,,,,,,,,,,,,,,,,,,,,,,,,,,,,,,,
,,,,,,,,,,,,,,,,,,,,,,,,,,,,,,,
,,,,,,,,,,,,,,,,,,,,,,,,,,,,,,,
,,,,,,,,,,,,,,,,,,,,,,,,,,,,,,,
,,,,,,,,,,,,,,,,,,,,,,,,,,,,,,,
,,,,,,,,,,,,,,,,,,,,,,,,,,,,,,,
,,,,,,,,,,,,,,,,,,,,,,,,,,,,,,,
,,,,,,,,,,,,,,,,,,,,,,,,,,,,,,,
,,,,,,,,,,,,,,,,,,,,,,,,,,,,,,,
,,,,,,,,,,,,,,,,,,,,,,,,,,,,,,,
,,,,,,,,,,,,,,,,,,,,,,,,,,,,,,,
,,,,,,,,,,,,,,,,,,,,,,,,,,,,,,,
,,,,,,,,,,,,,,,,,,,,,,,,,,,,,,,
,,,,,,,,,,,,,,,,,,,,,,,,,,,,,,,
,,,,,,,,,,,,,,,,,,,,,,,,,,,,,,,
,,,,,,,,,,,,,,,,,,,,,,,,,,,,,,,
,,,,,,,,,,,,,,,,,,,,,,,,,,,,,,,
,,,,,,,,,,,,,,,,,,,,,,,,,,,,,,,
,,,,,,,,,,,,,,,,,,,,,,,,,,,,,,,
,,,,,,,,,,,,,,,,,,,,,,,,,,,,,,,
,,,,,,,,,,,,,,,,,,,,,,,,,,,,,,,
,,,,,,,,,,,,,,,,,,,,,,,,,,,,,,,
,,,,,,,,,,,,,,,,,,,,,,,,,,,,,,,
,,,,,,,,,,,,,,,,,,,,,,,,,,,,,,,
,,,,,,,,,,,,,,,,,,,,,,,,,,,,,,,
,,,,,,,,,,,,,,,,,,,,,,,,,,,,,,,
,,,,,,,,,,,,,,,,,,,,,,,,,,,,,,,
,,,,,,,,,,,,,,,,,,,,,,,,,,,,,,,
,,,,,,,,,,,,,,,,,,,,,,,,,,,,,,,
,,,,,,,,,,,,,,,,,,,,,,,,,,,,,,,
,,,,,,,,,,,,,,,,,,,,,,,,,,,,,,,
,,,,,,,,,,,,,,,,,,,,,,,,,,,,,,,
,,,,,,,,,,,,,,,,,,,,,,,,,,,,,,,
,,,,,,,,,,,,,,,,,,,,,,,,,,,,,,,
,,,,,,,,,,,,,,,,,,,,,,,,,,,,,,,
,,,,,,,,,,,,,,,,,,,,,,,,,,,,,,,
,,,,,,,,,,,,,,,,,,,,,,,,,,,,,,,
,,,,,,,,,,,,,,,,,,,,,,,,,,,,,,,
,,,,,,,,,,,,,,,,,,,,,,,,,,,,,,,
,,,,,,,,,,,,,,,,,,,,,,,,,,,,,,,
,,,,,,,,,,,,,,,,,,,,,,,,,,,,,,,
,,,,,,,,,,,,,,,,,,,,,,,,,,,,,,,
,,,,,,,,,,,,,,,,,,,,,,,,,,,,,,,
,,,,,,,,,,,,,,,,,,,,,,,,,,,,,,,
,,,,,,,,,,,,,,,,,,,,,,,,,,,,,,,
,,,,,,,,,,,,,,,,,,,,,,,,,,,,,,,
,,,,,,,,,,,,,,,,,,,,,,,,,,,,,,,
,,,,,,,,,,,,,,,,,,,,,,,,,,,,,,,
,,,,,,,,,,,,,,,,,,,,,,,,,,,,,,,
,,,,,,,,,,,,,,,,,,,,,,,,,,,,,,,
,,,,,,,,,,,,,,,,,,,,,,,,,,,,,,,
,,,,,,,,,,,,,,,,,,,,,,,,,,,,,,,
,,,,,,,,,,,,,,,,,,,,,,,,,,,,,,,
,,,,,,,,,,,,,,,,,,,,,,,,,,,,,,,
,,,,,,,,,,,,,,,,,,,,,,,,,,,,,,,
,,,,,,,,,,,,,,,,,,,,,,,,,,,,,,,
,,,,,,,,,,,,,,,,,,,,,,,,,,,,,,,
,,,,,,,,,,,,,,,,,,,,,,,,,,,,,,,
,,,,,,,,,,,,,,,,,,,,,,,,,,,,,,,
,,,,,,,,,,,,,,,,,,,,,,,,,,,,,,,
,,,,,,,,,,,,,,,,,,,,,,,,,,,,,,,
,,,,,,,,,,,,,,,,,,,,,,,,,,,,,,,
,,,,,,,,,,,,,,,,,,,,,,,,,,,,,,,
,,,,,,,,,,,,,,,,,,,,,,,,,,,,,,,
,,,,,,,,,,,,,,,,,,,,,,,,,,,,,,,
,,,,,,,,,,,,,,,,,,,,,,,,,,,,,,,
,,,,,,,,,,,,,,,,,,,,,,,,,,,,,,,
,,,,,,,,,,,,,,,,,,,,,,,,,,,,,,,
,,,,,,,,,,,,,,,,,,,,,,,,,,,,,,,
,,,,,,,,,,,,,,,,,,,,,,,,,,,,,,,
,,,,,,,,,,,,,,,,,,,,,,,,,,,,,,,
,,,,,,,,,,,,,,,,,,,,,,,,,,,,,,,
,,,,,,,,,,,,,,,,,,,,,,,,,,,,,,,
,,,,,,,,,,,,,,,,,,,,,,,,,,,,,,,
,,,,,,,,,,,,,,,,,,,,,,,,,,,,,,,
,,,,,,,,,,,,,,,,,,,,,,,,,,,,,,,
,,,,,,,,,,,,,,,,,,,,,,,,,,,,,,,
,,,,,,,,,,,,,,,,,,,,,,,,,,,,,,,
,,,,,,,,,,,,,,,,,,,,,,,,,,,,,,,
,,,,,,,,,,,,,,,,,,,,,,,,,,,,,,,
,,,,,,,,,,,,,,,,,,,,,,,,,,,,,,,
,,,,,,,,,,,,,,,,,,,,,,,,,,,,,,,
,,,,,,,,,,,,,,,,,,,,,,,,,,,,,,,
,,,,,,,,,,,,,,,,,,,,,,,,,,,,,,,
,,,,,,,,,,,,,,,,,,,,,,,,,,,,,,,
,,,,,,,,,,,,,,,,,,,,,,,,,,,,,,,
,,,,,,,,,,,,,,,,,,,,,,,,,,,,,,,
,,,,,,,,,,,,,,,,,,,,,,,,,,,,,,,
,,,,,,,,,,,,,,,,,,,,,,,,,,,,,,,
,,,,,,,,,,,,,,,,,,,,,,,,,,,,,,,
,,,,,,,,,,,,,,,,,,,,,,,,,,,,,,,
,,,,,,,,,,,,,,,,,,,,,,,,,,,,,,,
,,,,,,,,,,,,,,,,,,,,,,,,,,,,,,,
,,,,,,,,,,,,,,,,,,,,,,,,,,,,,,,
,,,,,,,,,,,,,,,,,,,,,,,,,,,,,,,
,,,,,,,,,,,,,,,,,,,,,,,,,,,,,,,
,,,,,,,,,,,,,,,,,,,,,,,,,,,,,,,
,,,,,,,,,,,,,,,,,,,,,,,,,,,,,,,
,,,,,,,,,,,,,,,,,,,,,,,,,,,,,,,
,,,,,,,,,,,,,,,,,,,,,,,,,,,,,,,
,,,,,,,,,,,,,,,,,,,,,,,,,,,,,,,
,,,,,,,,,,,,,,,,,,,,,,,,,,,,,,,
,,,,,,,,,,,,,,,,,,,,,,,,,,,,,,,
,,,,,,,,,,,,,,,,,,,,,,,,,,,,,,,
,,,,,,,,,,,,,,,,,,,,,,,,,,,,,,,
,,,,,,,,,,,,,,,,,,,,,,,,,,,,,,,
,,,,,,,,,,,,,,,,,,,,,,,,,,,,,,,
,,,,,,,,,,,,,,,,,,,,,,,,,,,,,,,
,,,,,,,,,,,,,,,,,,,,,,,,,,,,,,,
,,,,,,,,,,,,,,,,,,,,,,,,,,,,,,,
,,,,,,,,,,,,,,,,,,,,,,,,,,,,,,,
,,,,,,,,,,,,,,,,,,,,,,,,,,,,,,,
,,,,,,,,,,,,,,,,,,,,,,,,,,,,,,,
,,,,,,,,,,,,,,,,,,,,,,,,,,,,,,,
,,,,,,,,,,,,,,,,,,,,,,,,,,,,,,,
,,,,,,,,,,,,,,,,,,,,,,,,,,,,,,,
,,,,,,,,,,,,,,,,,,,,,,,,,,,,,,,
,,,,,,,,,,,,,,,,,,,,,,,,,,,,,,,
,,,,,,,,,,,,,,,,,,,,,,,,,,,,,,,
,,,,,,,,,,,,,,,,,,,,,,,,,,,,,,,
,,,,,,,,,,,,,,,,,,,,,,,,,,,,,,,
,,,,,,,,,,,,,,,,,,,,,,,,,,,,,,,
,,,,,,,,,,,,,,,,,,,,,,,,,,,,,,,
,,,,,,,,,,,,,,,,,,,,,,,,,,,,,,,
,,,,,,,,,,,,,,,,,,,,,,,,,,,,,,,
,,,,,,,,,,,,,,,,,,,,,,,,,,,,,,,
,,,,,,,,,,,,,,,,,,,,,,,,,,,,,,,
,,,,,,,,,,,,,,,,,,,,,,,,,,,,,,,
,,,,,,,,,,,,,,,,,,,,,,,,,,,,,,,
,,,,,,,,,,,,,,,,,,,,,,,,,,,,,,,
,,,,,,,,,,,,,,,,,,,,,,,,,,,,,,,
,,,,,,,,,,,,,,,,,,,,,,,,,,,,,,,
,,,,,,,,,,,,,,,,,,,,,,,,,,,,,,,
,,,,,,,,,,,,,,,,,,,,,,,,,,,,,,,
,,,,,,,,,,,,,,,,,,,,,,,,,,,,,,,
,,,,,,,,,,,,,,,,,,,,,,,,,,,,,,,
,,,,,,,,,,,,,,,,,,,,,,,,,,,,,,,
,,,,,,,,,,,,,,,,,,,,,,,,,,,,,,,
,,,,,,,,,,,,,,,,,,,,,,,,,,,,,,,
,,,,,,,,,,,,,,,,,,,,,,,,,,,,,,,
,,,,,,,,,,,,,,,,,,,,,,,,,,,,,,,
,,,,,,,,,,,,,,,,,,,,,,,,,,,,,,,
,,,,,,,,,,,,,,,,,,,,,,,,,,,,,,,
,,,,,,,,,,,,,,,,,,,,,,,,,,,,,,,
,,,,,,,,,,,,,,,,,,,,,,,,,,,,,,,
,,,,,,,,,,,,,,,,,,,,,,,,,,,,,,,
,,,,,,,,,,,,,,,,,,,,,,,,,,,,,,,
,,,,,,,,,,,,,,,,,,,,,,,,,,,,,,,
,,,,,,,,,,,,,,,,,,,,,,,,,,,,,,,
,,,,,,,,,,,,,,,,,,,,,,,,,,,,,,,
,,,,,,,,,,,,,,,,,,,,,,,,,,,,,,,
,,,,,,,,,,,,,,,,,,,,,,,,,,,,,,,
,,,,,,,,,,,,,,,,,,,,,,,,,,,,,,,
,,,,,,,,,,,,,,,,,,,,,,,,,,,,,,,
,,,,,,,,,,,,,,,,,,,,,,,,,,,,,,,
,,,,,,,,,,,,,,,,,,,,,,,,,,,,,,,
,,,,,,,,,,,,,,,,,,,,,,,,,,,,,,,
,,,,,,,,,,,,,,,,,,,,,,,,,,,,,,,
,,,,,,,,,,,,,,,,,,,,,,,,,,,,,,,
,,,,,,,,,,,,,,,,,,,,,,,,,,,,,,,
,,,,,,,,,,,,,,,,,,,,,,,,,,,,,,,
,,,,,,,,,,,,,,,,,,,,,,,,,,,,,,,
,,,,,,,,,,,,,,,,,,,,,,,,,,,,,,,
,,,,,,,,,,,,,,,,,,,,,,,,,,,,,,,
,,,,,,,,,,,,,,,,,,,,,,,,,,,,,,,
,,,,,,,,,,,,,,,,,,,,,,,,,,,,,,,
,,,,,,,,,,,,,,,,,,,,,,,,,,,,,,,
,,,,,,,,,,,,,,,,,,,,,,,,,,,,,,,
,,,,,,,,,,,,,,,,,,,,,,,,,,,,,,,
,,,,,,,,,,,,,,,,,,,,,,,,,,,,,,,
,,,,,,,,,,,,,,,,,,,,,,,,,,,,,,,
,,,,,,,,,,,,,,,,,,,,,,,,,,,,,,,
,,,,,,,,,,,,,,,,,,,,,,,,,,,,,,,
QUALITY,Integration Tests,Level 2,B,Implement all integration tests automation best practices,"### Why ?

Automated tests are code. Like any code, if they are poorly written, they become technical debt. The goal is to write tests that are easy to understand, update, and run.

### What ?

To create maintainable tests, focus on three key principles:

- Clarity: The purpose of each test should be immediately obvious.
- Structure: Use established design patterns and a logical project structure to make tests reusable, robust, and easy to navigate.
- Readability: Write tests in a way that both technical and non-technical team members can understand the behavior being tested.

###  How ?

Check the SIG dedicated [page](https://decathlon.atlassian.net/wiki/x/GQC2b). The team must be able to justify its choices for each acording recommendation.",Keep,#1-IT00-IAITABP0,TRUE,TRUE,TRUE,TRUE,FALSE,TRUE,FALSE,,,,,,,,,,,,,,,,,
QUALITY,Integration Tests,Level 2,A,All critical integration tests are automated and run in CI,"### Why ?

All critical integration tests must be reliable. Running them for every code modification in the CI will avoid regressions on business features and complex resolution throughout time.

### What ?

To fulfill this requirement, all features marked as P0 and automatable must have tests implemented and are executed in Continuous Integration (not necessarily in the PR).

### How ?

The team must be able to demonstrate that there are integration tests running within CI and that all critical tests have been implemented.",Keep,#1-IT00-ACITAAAR,TRUE,TRUE,FALSE,TRUE,FALSE,TRUE,FALSE,CI,"Software systems are complex, and an apparently simple, self-contained change to a single file can have unintended side effects on the overall system. When a large number of developers work on related systems, coordinating code updates is a hard problem, and changes from different developers can be incompatible. The practice of continuous integration (CI) was created to address these problems. ",Test Auto,"Automated testing is a key component of modern software delivery practices. The ability to execute a comprehensive set of unit, integration, and system tests is essential to verify that your app or service behaves as expected, and can be safely deployed to production.",,,,,,,,,,,,,
QUALITY,Integration Tests,Level 2,C,Strengthen integration tests by mocking external APIs,"### Why ?
To ensure reliable integration tests, external API dependencies must be removed. Fluctuations in external API availability (server outages, deployments) lead to unpredictable test outcomes.

### What ?
Implement mocking for all external API calls within integration tests.

### How ?
The team must be able to share the mock (or stub) implementation in their integration tests.",Keep,#1-IT00-MAEDDFOA,TRUE,TRUE,FALSE,TRUE,FALSE,TRUE,FALSE,CI,"Software systems are complex, and an apparently simple, self-contained change to a single file can have unintended side effects on the overall system. When a large number of developers work on related systems, coordinating code updates is a hard problem, and changes from different developers can be incompatible. The practice of continuous integration (CI) was created to address these problems. ",,,,,,,,,,,,,,,
QUALITY,Integration Tests,Level 3,B,All features are covered by at least one integration test,"### Why

Applications often fails not because a single function broke, but because two healthy functions couldn't ""talk"" to each other correctly.

### What

""All features covered"" means that for every function of the application, there is a test case that executes the entire path required to complete that action.


### How: 

Team must. be able de demonstrate all features are covered according to the test plan. Achieving feature coverage requires a disciplined approach to the development lifecycle.",Keep,#2-IT00-AFACBALO-36168fbe,TRUE,TRUE,TRUE,TRUE,FALSE,TRUE,FALSE,Test Auto,"Automated testing is a key component of modern software delivery practices. The ability to execute a comprehensive set of unit, integration, and system tests is essential to verify that your app or service behaves as expected, and can be safely deployed to production.",Test Data Management,"Analysis done by DORA shows that successful teams approach test data management with the following core principles:
* Adequate test data is available to run full automated test suites.
* Test data for automated test suites can be acquired on demand.
* Test data does not limit or constrain the automated tests that teams can run.",,,,,,,,,,,,,
QUALITY,Integration Tests,Level 3,A,Integration tests must block the PR merge if they fail,"### Why ?

Quality gates on integration tests execution prevent from pushing regression in production 

### What ?

To fullfill this requirement, all PR with failed executions are not mergeable & main/master branches with failed executions is not deployed

### How ?

The team must be able to demonstrate that: 

>- for every PR, when integration tests fails, it's not possible to merge.
>- for main/master branches, when integration tests fails, nothing is deployed (neither in preproduction nor in production)",Keep,#2-IT00-ITMBTPMI,TRUE,TRUE,FALSE,TRUE,FALSE,TRUE,FALSE,Test Auto,"Automated testing is a key component of modern software delivery practices. The ability to execute a comprehensive set of unit, integration, and system tests is essential to verify that your app or service behaves as expected, and can be safely deployed to production.",,,,,,,,,,,,,,,
QUALITY,Integration Tests,Level 4,B,Integration tests covers all the application features,"### Why ?

In complement to ""All critical integration tests are automated and run in CI', having all features covered by tests allows the team to deploy as soon as the PR is merged.

### What ?

To fulfill this requirement, all automatable features must have tests implemented and they are executed in Continuous Integration for each PR.

### How ?

The team must be able to demonstrate, for each PR, that all tests have been implemented and run within the CI.",Change Level,#2-IT00-ITCATAF0,TRUE,TRUE,TRUE,TRUE,FALSE,TRUE,FALSE,CI,"Software systems are complex, and an apparently simple, self-contained change to a single file can have unintended side effects on the overall system. When a large number of developers work on related systems, coordinating code updates is a hard problem, and changes from different developers can be incompatible. The practice of continuous integration (CI) was created to address these problems. ",Test Auto,"Automated testing is a key component of modern software delivery practices. The ability to execute a comprehensive set of unit, integration, and system tests is essential to verify that your app or service behaves as expected, and can be safely deployed to production.",,,,,,,,,,,,,
QUALITY,Integration Tests,Level 5,A,Implement consumer contract testing,"### Why ?

**It only applies for microservices managed in the Decathlon information system. Not applicable for external API or open API.**

Consumer driven contract testing allows to confidently deploy an application (consumer) that communicate with others (providers) by testing the contract between them. In Decathlon, this is applicable for almost every application. It provides, from the customer side, confidence to release without in isolation of the provider, who gets a reliable source of information about the usage of its data, useful when testing breaking changes.

### What ?

To fulfill this requirement, the must choose a Contract Testing framework (Pact.io, Spring Cloud) and implements at least one test.

### How ?

The team must demonstrate the contracts and test location on the application repository.
Pact.io is recommended to implement contract testing.",Keep,#3-A00000-ICCTBA-5abf2bab,TRUE,FALSE,TRUE,FALSE,FALSE,FALSE,FALSE,CI,"Software systems are complex, and an apparently simple, self-contained change to a single file can have unintended side effects on the overall system. When a large number of developers work on related systems, coordinating code updates is a hard problem, and changes from different developers can be incompatible. The practice of continuous integration (CI) was created to address these problems. ",,,,,,,,,,,,,,,
QUALITY,Organization,Level 1,A,Have a quality approach written and shared with teammates,"### Why ?

Quality management need to be structured and organized. This document allows to explain that.

### What ?

Quality approach is a document written by the team which define the quality system management: process, methods and testing activities on the whole software cycle.

### How ?

Covers all areas of testing (ex: quadrants), and non-functional testing. Define methodologies (ex: example mapping...), practices (TDD, BDD...), role and responsabilities, quality gates, qualimetry, tools, testing frameworks ...",Keep,#0-O00000-HATSWA-b010a632,TRUE,TRUE,TRUE,TRUE,FALSE,TRUE,FALSE,,,,,,,,,,,,,,,,,
QUALITY,Organization,Level 1,B,"Have a test repository to manage, organize and structure manual tests","### Why ?

Have a test cases referential which provide all informations to validate the product by functionnal testing.

### What ?

To fulfill this requirement, you have to describe with a good formalism (Dataset need, action and assertion or gherkin language) all functionals test cases in a central place.

### How ?

Use a dedicated tool for that like XRay or other provided in the Tech Radar. 
",Keep,#1-O00000-HATRTM-703e2031,TRUE,TRUE,TRUE,TRUE,FALSE,FALSE,FALSE,,,,,,,,,,,,,,,,,
QUALITY,Organization,Level 1,C,Manual testing based on functional requirements (User story and/or specifications),"Manual tests should be based on functional requirements ( User stories,  specs .. ) 

### Why ? 

- To be aligned with business needs/project goals 

- To be aligned with what exists on Production 



### How? 

- Acceptance criteria must be defined on User stories /Specs in order to derive and design test cases 

- Tester/Team member  cannot design test cases if the expected behavior of the system/acceptance criteria is not defined 

- Tester/Team member  must ask for more information if US/Spec are not clear or expected behaviors are not defined 

### Best Practices : 

- Tester/Team member can perform review ceremony with Spec/US owner : 

        Goal : to review tests and ensure the alignment with business needs/project goals 

- 3 amigos ceremony on Agile environment   

        Goal : to create tests in collaboration with Tester/PM/DEV",Keep,#0-O00000-MTBOFR-49199eb3,TRUE,TRUE,TRUE,TRUE,FALSE,TRUE,FALSE,,,,,,,,,,,,,,,,,
QUALITY,Organization,Level 2,A,Enforce conventional commits in your pull requests to build an automated and understandable changelog,"### Why ?

To facilitate the understanding of the commit history. It provides an easy set of rules for creating an explicit commit history. Usefull to follow code changes and build changelog.

### What ?

To fulfill this requirement, you have to put in place a tool to avoid to push commit not aligned with your convention. You cand find the convention commit specification [here](https://www.conventionalcommits.org/en).

### How ?

The team must be able to demonstrate that a semantic check is run for every PR and is required to merge it",Keep,#1-O000-ECCIYPRT,TRUE,TRUE,FALSE,TRUE,FALSE,TRUE,FALSE,,,,,,,,,,,,,,,,,
QUALITY,Organization,Level 3,A,Every non-functional change (refactoring or technical architecture) must include a formal risk analysis.,"### Why ?

Code changes made in a refactoring, clean code or architecture tasks can change the behavior of the product. It's important that the team could expose risks behind and carry out tests phases if needed, like exploratory testing phase.

### What ?

To fulfill this requirement, team can be able to trace and identity technical tasks in its application lifecycle management system (e.g JIRA) and trigger a discussion about the risk.

### How ?

Trace and identify all technical tasks, trigger a discussion about the risk before the development phase and if needed, made adding testing activities before the deployment in production.",Keep,#3-O00000-PROIAO-dc090d85,TRUE,TRUE,TRUE,TRUE,FALSE,TRUE,FALSE,,,,,,,,,,,,,,,,,
QUALITY,Performance Tests,Level 2,A,Load testing threshold are defined & published,"### Why ?

To ensure our applications not only perform well today, but are also ready to handle future growth and increased user demand. Clear load testing objectives, published and understood by all, are crucial for guiding development and operations.  Furthermore, anticipating future capacity needs allows us to proactively plan resources and avoid performance bottlenecks as our application evolves and our business scales.

### What ?

*   **Current Performance Thresholds:** These are quantifiable targets for key performance indicators (KPIs) under the existing load.  Examples include:
    *   Response time (e.g., 95th percentile)
    *   Number of concurrent users
    *   Requests per second
    *   Maximum user capacity
    *   Maximum acceptable latency
    *   (And for mobile applications, metrics like application size, download/install/launch times, battery/memory/CPU/network usage, etc. - as listed previously)
    These thresholds should ideally be linked to current application resources (RAM, CPU, replicas, autoscaling configuration, etc.) to understand the baseline performance.

*   **Capacity Plan:** This is a forward-looking plan outlining how we will ensure performance as our application scales.  It should include:
    *   **Projected future load:**  Estimates of anticipated increases in user traffic, data volume, or transaction rates over a defined period (e.g., 1 year, 2 years).  This should be linked to business forecasts and growth projections.
    *   **Scalability strategy:**  How we plan to scale our application infrastructure (resources, architecture) to meet the projected future load while maintaining performance within the defined thresholds.
    *   **Performance re-evaluation plan:** How and when we will re-assess performance thresholds and capacity plans as the application and business evolve.

### How ?

Document both **current performance thresholds** and the **capacity plan** in a centralized, easily accessible location such as:

*   A dedicated page in your team's wiki or documentation system.
*   A dedicated repository (e.g., in GitHub) for performance documentation.

This documentation should clearly outline:

*   The specific performance thresholds for each relevant metric.
*   The methodology used to measure and validate these thresholds.
*   The projected future load scenarios and assumptions.
*   The planned capacity scaling strategies.
*   The schedule for reviewing and updating the performance thresholds and capacity plan.

Regularly review and update this documentation to ensure it remains relevant and aligned with the evolving needs of the application and the business.",Keep,#1-PT00-PTAP0000,TRUE,FALSE,TRUE,TRUE,FALSE,TRUE,FALSE,Reliability,,Prod Feedback,"Monitoring is the process of collecting, analyzing, and using information to track applications and infrastructure in order to guide business decisions. Monitoring is a key capability because it gives you insight into your systems and your work. Properly implemented, monitoring also gives you rapid feedback so that you can quickly find and fix problems early in the software development lifecycle.",Test Data Management,"Analysis done by DORA shows that successful teams approach test data management with the following core principles:
* Adequate test data is available to run full automated test suites.
* Test data for automated test suites can be acquired on demand.
* Test data does not limit or constrain the automated tests that teams can run.",,,,,,,,,,,
QUALITY,Performance Tests,Level 3,A,Load testing run on non-production environment,"### Why ?

This is the first concrete step on the load testing fulfillment. It will help you to build a secure and pertinent load testing testing scenario. 

### What ?

Thoses test should be launched on a dedicated preproduction environnement. The environnement itself should have the same ressources and data volume as the production environment to perform a more relevant test.

### How ?

Create your scenarios using a load testing testing framework such as Gatling, Jmeter, Taurus... and commit them on the applicative reposity or a dedicated repository. 
Thoses tests should be launched from a server/pod (not your local computer).",Keep,#2-PT00-PTRONE00,TRUE,FALSE,FALSE,TRUE,FALSE,TRUE,FALSE,Reliability,,Test Data Management,"Analysis done by DORA shows that successful teams approach test data management with the following core principles:
* Adequate test data is available to run full automated test suites.
* Test data for automated test suites can be acquired on demand.
* Test data does not limit or constrain the automated tests that teams can run.",,,,,,,,,,,,,
QUALITY,Performance Tests,Level 4,A,Load testing run blocks a deployment in production if they fail,"### Why ?

To ensure performance is stable or improved throught the applicative changes and to automate the testing process.

### What ?

Prepare specifics CI scenarios with low api calls volume and a short duration that are ran after the integration tests.

### How ?

- Create a 1 to 2 min scenarios with a volume close to your production environment
- Trigger it add the end of the deployment process
- Add assertions to this specific scenario like success rate, response time associated to a percentil
- the assertions must block the deployment if not fulfilled",Keep,#3-PT00-PTRBADIP,TRUE,FALSE,FALSE,TRUE,FALSE,TRUE,FALSE,Reliability,,Test Auto,"Automated testing is a key component of modern software delivery practices. The ability to execute a comprehensive set of unit, integration, and system tests is essential to verify that your app or service behaves as expected, and can be safely deployed to production.",,,,,,,,,,,,,
QUALITY,Performance Tests,Level 4,B,Continuous Load tests run in CI at the PR level,"### Why ?

To ensure that performance is stable or improved by application changes, and to automate the testing process as quickly as possible.

### What ?

Prepare specifics CI scenarios with low api calls volume and a short duration that are ran after the integration tests.

### How ? 

- Create a 2 to 3 min scenarios with a volume close to your production environment
-Trigger it at the end of the deployment process on ephemeral environment
- Add assertions to this specific scenario like success rate, response time associated to a percentil (e.g. p95, p90…)
- The assertions do not block the merge of the PR if not fulfilled

Warning: use dedicated injectors (private injectors for internal app) and not the GitHub runners because of the flakiness!",Keep,#3-PT00-CPTRICAT,TRUE,FALSE,FALSE,TRUE,FALSE,TRUE,FALSE,Reliability,,Test Auto,"Automated testing is a key component of modern software delivery practices. The ability to execute a comprehensive set of unit, integration, and system tests is essential to verify that your app or service behaves as expected, and can be safely deployed to production.",,,,,,,,,,,,,
QUALITY,Performance Tests,Level 5,B,Continuous Load tests must block the PR merge if they fail,"### Why ?

To ensure that performance is stable or improved by application changes and to automate the testing process as quickly as possible.

### What ?

Prepare specifics CI scenarios with low api calls volume and a short duration that are ran after the integration tests.

### How ?

- Create a 2 to 3 min scenarios with a volume close to your production environment
- Trigger it at the end of the deployment process on ephemeral environment
- Add assertions to this specific scenario like success rate, response time associated to a percentil
- The assertions must block the merge of the PR if not fulfilled",Keep,#4-PT00-CPTMBTPM,TRUE,FALSE,FALSE,TRUE,FALSE,TRUE,FALSE,Reliability,,Test Auto,"Automated testing is a key component of modern software delivery practices. The ability to execute a comprehensive set of unit, integration, and system tests is essential to verify that your app or service behaves as expected, and can be safely deployed to production.",,,,,,,,,,,,,
QUALITY,Practices,Level 1,A,Bug are qualified and tracked in a tool,"### Why ? 

Centralize issue tracking for clear communication and efficient problem resolution.

Improve product quality through organized bug management and data-driven insights.

### What ?

A software tool that centralises and tracks defects making it easier to manage and resolve problems.

### How ? 

The team must be able to show the tool with recorded defects. (e.g. Jira)",Keep,#0-P00000-HABUBY-5fd7dbe7,TRUE,TRUE,TRUE,TRUE,FALSE,TRUE,FALSE,Visual Management,Visual management boards can create a shared understanding of where the team is in terms of its operational effectiveness. They can also help identify and remove obstacles in the path to higher performance.,,,,,,,,,,,,,,,
QUALITY,Practices,Level 1,B,Do exploratory testing sessions,"### Why ?

**This criteria does not apply for API or other Backend Products**

To complement other testing methods in order to execute relevant test cases not previously imagined.

### What ?

To fulfill this requirement, you must organize sessions focused on the discovery, exploration and investigation of the digital product in all its functional, graphic and ergonomic aspects.

### How ?

It is necessary to frame exploratory tests, to define the perimeter of the test, to define limits. To do this, you can choose some best practices and method (Freestyle, Scenario-based mode or Concept of a test persona).",Keep,#2-P00000-DETSOF-2e752355,TRUE,TRUE,TRUE,TRUE,FALSE,FALSE,FALSE,,,,,,,,,,,,,,,,,
QUALITY,Practices,Level 1,C,Identify critical test cases and add to the test repository,"### Why ?

Defining your product's critical scope allows you to focus testing efforts where they matter most.

### What ?

Identify and label the criticality of each test case and feature directly within your test repository. This repository is simply the approved tool your team uses to manage tests, such as Xray.
Here are suggested steps to define your critical test cases:
- Collaborate with stakeholders: define with the Product Manager, QA, and Engineering what’s “critical” for the product.
- Identify critical features: focus on features that are core to the user journey, high business impact, or frequently used.
- Select corresponding test cases: link or create test cases that validate these critical paths.

### How ?
Make your critical tests viewable with a single click. Use your tool's features, like tags or dedicated views, to create a shareable link to the list.",Delete,#0-P000-ICTCAATT,TRUE,TRUE,TRUE,TRUE,FALSE,FALSE,FALSE,Visual Management,Visual management boards can create a shared understanding of where the team is in terms of its operational effectiveness. They can also help identify and remove obstacles in the path to higher performance.,,,,,,,,,,,,,,,
QUALITY,Practices,Level 1,A,Each critical tests cases are associated to product functionalities in your test management tool,"### Why ?

To identify which test cases are linked with each features. In order to calculate coverage easily and create a traceability matrix.

### What ?

Features map have to be complete. Identify and label the criticality of each test case and feature directly within your test repository. This repository is simply the approved tool your team uses to manage tests, such as Xray.
Here are suggested steps to define your critical test cases:
- Collaborate with stakeholders: define with the Product Manager, QA, and Engineering what’s “critical” for the product.
- Identify critical features: focus on features that are core to the user journey, high business impact, or frequently used.
- Select corresponding test cases: link or create test cases that validate these critical paths.

### How ?

The team must be able to show this complete features map with at least one test per critical feature. Thanks to that, the overall test coverage can be computed.",Keep,#2-P000-HACTMAPF,TRUE,TRUE,TRUE,TRUE,FALSE,FALSE,FALSE,Visual Management,Visual management boards can create a shared understanding of where the team is in terms of its operational effectiveness. They can also help identify and remove obstacles in the path to higher performance.,,,,,,,,,,,,,,,
QUALITY,Practices,Level 1,B,Have a way to get and score the perceived quality from users,"### Why ?

The quality level of a product or service corresponds to the average perception level of its users.

### What ?

Obtain regular the quality perceived by your users.

### How ?

The team must be able to give a quality score based on user feedbacks. This could be a rating from the Google Play store or the Apple Store for mobile applications, a survey (ie: Google Form) sent to users for applications, the Net Promoter Score, Medallia...",Delete,#2-P000-HAWTGAST,TRUE,TRUE,TRUE,TRUE,FALSE,TRUE,FALSE,Cust. Feedback,"DORA research shows that teams achieve higher performance when they work in organizations that utilize those capabilities and also do the following:
* Collect customer satisfaction metrics regularly.
* Seek out and attend to customer feedback on product and feature quality.
* Use this feedback to help design products and features.",,,,,,,,,,,,,,,
QUALITY,Practices,Level 2,A,"Make sure product needs are well described, testable and without any ambiguity according to a shift left approach","### Why ?

Allows the team to be in the best conditions in order to deliver as ***quickly*** as possible with a high level of quality, avoiding surprises, bugs, misunderstandings as soon as possible and so ***reduce cost overheads from the non quality***

### What ?

Key is to identify the rights channels or ressources (Business specifications, videos, prototypes, wireframes) to well described what the team has to do and make sure that you are able to design all tests (whatever the type of tests) linked to the needs. These tests have to be validated and understood by the whole team.

### How ?

##### Process

Your process ensure that no development can start if the need and tests on the need are not defined and validated and so, ***ready***.

It can be managed easily by a ***maturation process*** or a least a definition of ready (***DOR***).
A maturation workflow can be set in your application lifecycle management through a succession of steps. You can defined output criterias for each of these steps.

An example below of a maturation workflow with each step requierements. Of course, because it's an example, you must adapt it regarding your context.

>1. Backlog
Functional Specifications
Flows to complete the task
Business rules
Pre-conditions (dependencies, external APIs, connected user?, ...)
Expected behaviors (nominal cases & errors)
>
>2. UX/UI
Screenshots / wireframes (Figma)
Specifications Design / Front
Design failure/error case
>
>3. TECH ANALYSIS
Technical validation
Split into small tasks (Work in small batches)
Storybook: Yes? No?
Identify network calls that need to be mocked for testing
Validate the operation of external APIs and documentation provided
Identify new data to add to the Strapi data initialization script
>
>4. QUALITY
Acceptance criteria
Update TNR: Yes? No?
Create TNR: Yes? No?
Data set is needed: Yes? No?
Automation test: Yes? No?
>
>5. READY TO DEVELOP
Estimated
Validated by the team

##### Practices

Following the ***'Given-When-Then'*** format for requirements significantly enhances testability, ensuring clarity and streamlined verification.

An excellent way to make almost of all with only one practice is to use the Example mapping. Very usefull for frontend and app applications and can be used also for backend application.

>How to make Example Mapping: 
>- The PM show and explain the need to the team and write it in a yellow card
>- There are some discusion about the need and all management rules must be written under the yellow card in blue cards
>- Behind each blue card, team must write examples to validate the rule. Write it on green cards.
>- A high number of red cards highlights the fact that several (sometimes crucial) points remain unresolved and will require further business feedback. Development then simply cannot begin.
>- Too many blue cards can reveal a need that is too bulky and needs to be divided into sub-functionalities.
>- Too many examples, although useful in some cases, can also show that we are probably mixing up several rules.

##### Summary

*You've understood there isn't a single way to do, but keep in mind the target : Take time to be ready increase how fast you deliver and how well you deliver*",Keep,#2-P000-DASUTISP,TRUE,TRUE,FALSE,TRUE,FALSE,TRUE,FALSE,,,,,,,,,,,,,,,,,
QUALITY,Practices,Level 2,B,Review test suite during post-mortems,"### Why ?

Post-mortems are crucial for analysing production incidents and implementing measures to prevent their repetition.

A thorough review of existing test cases (both manual and automated) during a post-mortem helps pinpoint gaps that allowed the defect to reach production.

### What ?

Before the post-mortem meeting, investigate whether any existing tests cover the defect that caused the incident.

If the post-mortem reveals a gap in test coverage, the action plan must include updates to the test case suite.

Not all post-mortems will necessitate changes to the test suite. Updates are only required when a coverage gap is identified.

This applies to all types of testing, including: - Functional testing - Non-functional testing (e.g., performance, security)

### How ?

The team must be able to share past post mortem records (usually in Confluence). These records should clearly document instances where test case suite coverage was analysed and/or updated.",Keep,#2-P00000-UTTCSO-58fedf2c,TRUE,TRUE,TRUE,TRUE,FALSE,TRUE,FALSE,,,,,,,,,,,,,,,,,
QUALITY,Practices,Level 3,E,Engineering team is autonomous for test design and execution,"### Why ?

You build it, you test it, you run it. Testing is not only the part of dedicated roles.
Testing activities, whatever their form, must be carried out by the whole team in order to have quality throughout the software cycle and also reduce test feedback loops during all stages of the development process.

### What ?

With or without QA/QE, the whole team handles organizing and improving testing efforts as much ""as code"" as possible

### How ?

All teammates participate in test design, test execution and shortening test feedback loops to address issues/changes  as quickly as possible.


",Keep,#2-P000-QEATOTDA,TRUE,TRUE,TRUE,TRUE,FALSE,TRUE,FALSE,,,,,,,,,,,,,,,,,
QUALITY,Practices,Level 4,A,Use Test Driven Development (TDD) during development tasks,"### Why ?

Develop highly usable software, reduce bugs, identify functionality issues, avoid code duplication, simplify code, check the quality of the code, create extensible software, provide quick feedback, create up-to-date code documentation, shorten the development time to market.

### What ?

Drive your conception and your development by the tests.

### How ?

1. We first write the test case that we want to develop.
2. We launch the test which must necessarily fail
3. We just write the code that responds to this case
4. We launch the test which must pass if this is not the case we go back to step 3. If the test passes we write the following test case.
5. We can refactor our code by rerunning the test to check that it still works. The test should not be modified.",Keep,#3-P00000-UTDDTD-15cad791,TRUE,FALSE,FALSE,TRUE,FALSE,TRUE,FALSE,,,,,,,,,,,,,,,,,
QUALITY,Practices,Level 4,B,Implement a zero bug policy,"### Why ?

The 0 Bug Policy is justified by the increasing costs and complexities associated with deferring bug fixes. Accumulating a backlog of unresolved bugs creates a technical debt that becomes increasingly difficult to manage over time. Postponing fixes leads to a loss of context for developers who may forget the details of the bug, a source code that evolves and makes it harder to identify the root cause, and an ever-increasing bug triage and prioritization time. This accumulation of undone work burdens teams' mental load, lengthens the time between bug discovery and resolution, and globally increases the effort required to fix them.  The 0 Bug Policy, therefore, aims to avoid this snowball effect by dealing with bugs immediately.

### What ?

The 0 Bug Policy is based on a simple and radical rule: when a bug is discovered, it must be fixed immediately or permanently closed as ""won't fix."" This approach focuses on immediate action in the face of bugs, eliminating the option of postponing them.  The goal is not to achieve an illusory perfection with absolutely no bugs, but rather to maintain a light and adaptable workflow by actively addressing each identified bug. By freeing themselves from the weight of accumulated bugs, teams can focus on building robust and higher quality code, thereby fostering a culture of quality within development.

### How ?

Implementing the 0 Bug Policy requires addressing certain concerns. The fear of losing bugs can be mitigated by a well-maintained work management system that keeps the history of closed bugs in case they reappear. The difficulty of prioritizing bug fixes over new features must be managed through transparent communication and a shared understanding of the benefits of this policy. Finally, the risk of fixing or closing bugs too quickly without thorough analysis can be avoided by encouraging open communication, rigorous root cause analysis, and involving business experts and cross-functional teams to ensure effective bug resolution that balances speed and diligence.",Keep,#3-P000-IAZBP000,TRUE,TRUE,FALSE,TRUE,FALSE,TRUE,FALSE,,,,,,,,,,,,,,,,,
QUALITY,Practices,Level 4,C,"Testing is developer-driven, not a separate function","### Why?

""You build it, you run it"" extends to ""you test it."" Separating development from testing creates silos and delays. By integrating testing directly into the development workflow, we empower developers to take full ownership of the quality of their work. This fosters a culture of continuous improvement and shared responsibility.

### What?

Every developer is a quality advocate, actively participating in the design and execution of functional and non-functional tests. This requires a strong understanding of testing principles and a commitment to apply the quality approach shared within the team.

### How?

Teams without dedicated QA/QE demonstrate developer ownership of quality by managing all testing activities, from design to execution, across all test levels (unit, integration, end-to-end) and types (performance, security).",Keep,#3-P000-TMTDAEAT,TRUE,TRUE,TRUE,TRUE,FALSE,TRUE,FALSE,,,,,,,,,,,,,,,,,
QUALITY,Practices,Level 5,B,Measure the quality of the tests and relevance of the test strategy,"Why?

To ensure that testing efforts are focused on the right areas, maximizing risk mitigation while maintaining delivery speed. Without measuring effectiveness, a test suite can become ""technical debt"" either wasting time on redundant tests or leaving critical business risks unaddressed.

What? 

This involves analyzing the correlation between test execution and actual production quality. It covers:
- Test Pyramid Health: Maintaining the right balance between Unit, Integration/API, and E2E tests.
- Risk Alignment: Ensuring test coverage matches the most critical business functionalities.
- Detection Power: Evaluating the ability of the test suite to catch regressions before they reach the user.

How? 

Key Metrics: Tracking the Defect (bugs found in production vs. testing), Test Flakiness, and Execution Time (feedback loop efficiency).
- Regular Audits: Periodically reviewing the test suite to prune obsolete, redundant, or brittle tests.
- Quality Analysis: Using techniques like Code Coverage or Mutation Testing to ensure tests are meaningful and not just ""passing.""
- Risk-Based Adaptation: Continuously adjusting the test depth based on the impact and probability of failure for new features.",Keep,#4-P00000-MQTTMT-12bc7a64,TRUE,TRUE,TRUE,TRUE,FALSE,TRUE,FALSE,,,,,,,,,,,,,,,,,
QUALITY,Qualimetry,Level 1,A,Track production defects,"### Why ?

Understanding the volume of user-impacting production defects enables the team to prioritize efforts, directly enhancing product quality.

### What ?

Only qualified bugs, whether reported by users through customer support or identified internally by the team, are included in the current production defect count.

“Qualified” as confirmed that the reported issue is a true defect in the software, and not a misunderstanding of how the software should work, or a user error.

### How ?

The team must be able to share the current number of opened bugs in production.",Keep,#1-Q00000-FTCATT-e159263d,TRUE,TRUE,TRUE,TRUE,FALSE,TRUE,FALSE,Visual Management,Visual management boards can create a shared understanding of where the team is in terms of its operational effectiveness. They can also help identify and remove obstacles in the path to higher performance.,Monitoring,"Monitoring is tooling or a technical solution that allows teams to watch and understand the state of their systems. Monitoring is based on gathering predefined sets of metrics or logs.
Observability is tooling or a technical solution that allows teams to actively debug their system. Observability is based on exploring properties and patterns not defined in advance.",,,,,,,,,,,,,
QUALITY,Qualimetry,Level 2,B,Use production defect to prioritise tasks,"### Why?

To promote proactive resolution of production defects by integrating their count and impact into the task prioritization process, ensuring the team is aware of and addresses critical issues promptly.

### What?

When assigning tasks (e.g., during daily stand-ups, sprint planning), developers and the team must prioritize their work based on the production defect backlog.

### How?

The team must demonstrate how the production defect backlog is integrated into their task prioritization process. Acceptable forms of demonstration include documented processes (e.g., in Confluence), Jira activity showing defect prioritization, or custom visualizations (e.g., Jira swimlanes, dashboards) that highlight production defect status.",Keep,#1-Q000-UPDTPT00-35a2cb55,TRUE,TRUE,TRUE,TRUE,FALSE,TRUE,FALSE,Visual Management,Visual management boards can create a shared understanding of where the team is in terms of its operational effectiveness. They can also help identify and remove obstacles in the path to higher performance.,Monitoring,"Monitoring is tooling or a technical solution that allows teams to watch and understand the state of their systems. Monitoring is based on gathering predefined sets of metrics or logs.
Observability is tooling or a technical solution that allows teams to actively debug their system. Observability is based on exploring properties and patterns not defined in advance.",,,,,,,,,,,,,
QUALITY,Qualimetry,Level 3,A,Measure the functionality/feature coverage performed by the integration tests,"### Why ?

The traceability matrix makes it possible to establish, in the form of a table with two entries, the n-to-n relationships existing between various elements. Its main purpose is to synthesize the links between: Functional tests and specifications. The functionality coverage by the tests allow to know what are  functionnalities covered by functional tests. It's a important measure to evaluate the functional garantee provided to your users.

### What ?

The functionality coverage is the ratio between the total number of functionalities which have at least one functional test divided by the total number of the functionnalities. It's important that functionnalities found in the traceabilty matrix are representatives of the product. The depth of functionnality description is at the discretion of the teams.

### How ?

Build your traceability matrix in a tool, a sheet. Ensure that all functionnalities of your product are mentioned into. Put functionnalities in the row of the matrix, and put all functional tests in the column. As soon as a functional test cover a functionnality, put a cross or something like that to inform in the matrix the covering information. Count all functionnalities which are covered by at least one functional test and divide it by the total count of functionnalities. You obtain the functionality coverage.",Keep,#2-Q00000-MTFCPB-88f7dcdf,TRUE,TRUE,FALSE,TRUE,FALSE,TRUE,FALSE,,,,,,,,,,,,,,,,,
QUALITY,Qualimetry,Level 3,B,All results of your automated test execution are published automatically and available for the whole team,"### Why ?

Get quickly and easily informations about automated test results is important to improve developer experience and the test results management. So that improve the productivity of the team and the quality of the product.

### What ?

For each automated test execution, results must be published somewhere, in a place which is known and available for all teamates. For all tests activities before the merge request, results can be directly published in a central place as the pull request. For testing activities after merging, results can be published on a dedicated dashboard (Ex : ARA, mochawesome ...)

### How ?

About testing activities before merge request, CI/CD must published the output of testing activities inside the pull request or provide a link which redirect to a dedicated dashboard (Example: Sonar Cloud). 
Integration should be handled from CI/CD code (example: github action steps) for testing activities before and after merge.",Keep,#2-Q000-AROYATEA,TRUE,TRUE,TRUE,TRUE,FALSE,TRUE,FALSE,Visual Management,Visual management boards can create a shared understanding of where the team is in terms of its operational effectiveness. They can also help identify and remove obstacles in the path to higher performance.,Monitoring,"Monitoring is tooling or a technical solution that allows teams to watch and understand the state of their systems. Monitoring is based on gathering predefined sets of metrics or logs.
Observability is tooling or a technical solution that allows teams to actively debug their system. Observability is based on exploring properties and patterns not defined in advance.",,,,,,,,,,,,,
QUALITY,Qualimetry,Level 4,A,Use quality metrics to improve efficiency,"### Why ?

Any changes to the quality management system and the delivery chain must be measured so that they can be maintained or eliminated.
The ability to constantly observe measurements is useful in establishing a lean attitude.

### What ?

Observe macro measures (DDE, DRE, DAA, …) and micro measures (code coverage, static code analysis measures, test coverage, ...) and define their thresholds. Team must be focused on these thresholds to be above them.

### How ?

For each metric that composes its quality management system, the team:

- has a full and available overview.

- has defined thresholds.

- systematically puts in place a placeholder for analysis. For each metric that fails to meet the objective, one or more actions are proposed and the actions are monitored, retained or abandoned depending on the time devoted to the experiment.

- has a live tracking to alert (by sending a message to slack, by creating a bug in jira, …) when a metric is downgraded.",Change Level,#4-Q00000-FDACRT-b10a3523,TRUE,TRUE,FALSE,TRUE,FALSE,TRUE,FALSE,,,,,,,,,,,,,,,,,
QUALITY,Qualimetry,Level 3,A,Use quality metrics to improve efficiency,/,Delete,#2-Q000-UQMTIE00-3f316a94,TRUE,TRUE,TRUE,TRUE,FALSE,TRUE,FALSE,Visual Management,Visual management boards can create a shared understanding of where the team is in terms of its operational effectiveness. They can also help identify and remove obstacles in the path to higher performance.,Monitoring,"Monitoring is tooling or a technical solution that allows teams to watch and understand the state of their systems. Monitoring is based on gathering predefined sets of metrics or logs.
Observability is tooling or a technical solution that allows teams to actively debug their system. Observability is based on exploring properties and patterns not defined in advance.",,,,,,,,,,,,,
QUALITY,Static Code Analysis,Level 1,A,Perform static code analysis locally,"### Why ?

Static code analysis, as unit test, provides some indicators on an application code without building it. Such indicators on code are related to: - errors (that can lead to bugs) - quality (respect of best practices) - security (vulnerabilities).

### What ?

To fulfill this requirement, you must have a static code analysis tool implemented in your project, such as Sonarcloud and/or Linter.

### How ?

The team must be able to demonstrate a previous static code analysis.",Keep,#0-A00000-PSCASL-14a861da,TRUE,TRUE,FALSE,TRUE,FALSE,TRUE,FALSE,,,,,,,,,,,,,,,,,
QUALITY,Static Code Analysis,Level 1,A,Static Code Analysis runs in CI,"### Why ?

Running Static Code Analysis in Continuous Integration ensure that such analysis are run frequently so that possible issues can be visible to the team.

### What ?
To fulfill this requirement, a ""static code analysis"" step must be implemented in Continuous Integration at the Pull Request level.

### How ?

The team must be able to demonstrate that static code analysis is run for every PR.",Change Level,#1-SCA0-SCARIC00,TRUE,TRUE,FALSE,TRUE,FALSE,TRUE,FALSE,Trunk Based,Each developer divides their own work into small batches and merges that work into trunk at least once (and potentially several times) a day,,,,,,,,,,,,,,,
QUALITY,Static Code Analysis,Level 2,A,Static Code Analysis must block the PR merge if it fails,"### Why ?

Make sure that any issue brought by static code analysis will never be merged and are fixed right away.

### What ?

To fulfill this requirement, the workflow that run static code analysis must be a required status check in the project default branch.

### How ?

The team must be able to demonstrate that static code analysis is a required status check for every PR.",Change Level,#2-SCA0-SCAMBTPM,TRUE,TRUE,FALSE,TRUE,FALSE,TRUE,FALSE,Trunk Based,Each developer divides their own work into small batches and merges that work into trunk at least once (and potentially several times) a day,,,,,,,,,,,,,,,
QUALITY,Static Code Analysis,Level 3,A,Static Code Analysis threshold must match high software industry standard on new code,"### Why ?

Ensuring that static code analysis indicators are always at a high level enable to deliver code matching high standard of code quality continuously and keep the technical debt manageable.

### What ?

To fulfill this requirement, the SonarCloud profile must be set to ""Sonar Way"".

### How ?

The team must be able to demonstrate that the SonarCloud analysis profile is ""Sonar Way"". ",Change Level,#3-SCA0-SCATMMHS,TRUE,TRUE,FALSE,TRUE,FALSE,TRUE,FALSE,,,,,,,,,,,,,,,,,
QUALITY,Static Code Analysis,Level 4,A,Static Code Analysis threshold must match or exceed high software industry standard on overall code,"### Why ?

Ensuring that static code analysis indicators are always at a high level enable to deliver code matching high standard of code quality continuously and keep the technical debt manageable.

### What ?

To fulfill this requirement, the SonarCloud profile must be set to ""Sonar Way"" on the overall code.

### How ?

The team must be able to demonstrate that the SonarCloud analysis profile is ""Sonar Way"" on the overall code.",New,#3-SCA0-SCATMMOE-9f78ecb2,TRUE,TRUE,FALSE,TRUE,FALSE,TRUE,FALSE,,,,,,,,,,,,,,,,,
QUALITY,Unit Tests,Level 1,A,Perform unit test locally,"### Why ?

It ensures code maintainability, provides documentation for developers and more importantly, detect possible bug at the earliest that will be easy to reproduce and thus, fix.

### What ?

To fulfill this requirement, a unit test framework must be implemented with one appropriate test as well.

### How ?

The team must be able to demonstrate the launch of their unit tests locally.",Keep,#0-UT00-HAUTFI00,TRUE,TRUE,FALSE,TRUE,FALSE,TRUE,FALSE,CI,"Software systems are complex, and an apparently simple, self-contained change to a single file can have unintended side effects on the overall system. When a large number of developers work on related systems, coordinating code updates is a hard problem, and changes from different developers can be incompatible. The practice of continuous integration (CI) was created to address these problems. ",,,,,,,,,,,,,,,
QUALITY,Unit Tests,Level 1,B,Unit tests coverage must be measured,"### Why ?

Unit tests coverage is an indicator (not the only one) about the faith a team can have in their tests.

### What ?

To fulfill this requirement, the unit test coverage must be measurable easily.

### How ?

The team must be able to share the unit tests coverage measured by the framework or using SonarCloud",Change Level,#1-UT00-UTCMBM00,TRUE,TRUE,FALSE,TRUE,FALSE,TRUE,FALSE,Monitoring,"Monitoring is tooling or a technical solution that allows teams to watch and understand the state of their systems. Monitoring is based on gathering predefined sets of metrics or logs.
Observability is tooling or a technical solution that allows teams to actively debug their system. Observability is based on exploring properties and patterns not defined in advance.",,,,,,,,,,,,,,,
QUALITY,Unit Tests,Level 1,A,Unit tests run in CI,"### Why ?

Running unit tests in Continuous Integration ensure that tests are run frequently so that any anomalies added to the code will be detected before going in production.

### What ?

To fulfill this requirement, a ""unit test"" step must be implemented in Continuous Integration at the Pull Request level.

### How ?

The team must be able to demonstrate that, for every PR, unit tests are run within CI.",Change Level,#1-I00000-UTRITD-f79d42f9,TRUE,TRUE,FALSE,TRUE,FALSE,TRUE,FALSE,#REF!,,,,,,,,,,,,,,,,
QUALITY,Unit Tests,Level 2,A,Unit tests must block the PR merge if they fail,"### Why ?

Make sure that any regression brought by unit tests will never be merged and are fixed right away.

### What ?

To fulfill this requirement, the workflow that run unit tests must be a required status check in your default branch.

### How ?

The team must be able to demonstrate that, for every PR, the workflow that run unit tests is a required status check.",Change Level,#2-UT00-UTMBTPMI,TRUE,TRUE,FALSE,TRUE,FALSE,TRUE,FALSE,CI,"Software systems are complex, and an apparently simple, self-contained change to a single file can have unintended side effects on the overall system. When a large number of developers work on related systems, coordinating code updates is a hard problem, and changes from different developers can be incompatible. The practice of continuous integration (CI) was created to address these problems. ",,,,,,,,,,,,,,,
QUALITY,Unit Tests,Level 3,B,Unit tests coverage threshold must be enforced in CI,"### Why ?

Make sure that the unit tests coverage is kept at a certain level, thus the technical debt cannot grow any longer.

### What ?

To fulfill this requirement, the unit test coverage must be measured at the PR level and if it doesn't meet the criteria, the PR can't be merged.

### How ?

The team must be able to demonstrate that, for every PR, the workflow responsible for measuring the unit tests coverage is required a status check.",Delete,#2-I00000-UTRITD-98e431b2,TRUE,TRUE,FALSE,TRUE,FALSE,TRUE,FALSE,CI,"Software systems are complex, and an apparently simple, self-contained change to a single file can have unintended side effects on the overall system. When a large number of developers work on related systems, coordinating code updates is a hard problem, and changes from different developers can be incompatible. The practice of continuous integration (CI) was created to address these problems. ",,,,,,,,,,,,,,,
QUALITY,Unit Tests,Level 3,A,Unit tests coverage threshold must match high software industry standard on new code,"### Why ?

Ensuring the unit tests coverage stays at a minimum level enable to deliver tested code continously and keep the technical debt manageable.

### What ?

To fulfill this requirement, the unit tests coverage must be enforced at 80%, as it is instructed by Sonar Cloud.

### How ?

The team must be able to demonstrate that, for every PR, the coverage is measured and enforced at a minimum of 80%.",Change Level,#3-UT00-UTCTMMHS,TRUE,TRUE,FALSE,TRUE,FALSE,TRUE,FALSE,,,,,,,,,,,,,,,,,
QUALITY,Unit Tests,Level 4,A,Unit tests coverage threshold must match or exceed high software industry standard on overall code,"### Why ?

Ensuring the unit tests coverage stays at a minimum level enable to deliver tested code continously and keep the technical debt manageable.

### What ?

To fulfill this requirement, the unit tests coverage must be enforced at 80%, as it is instructed by Sonar Cloud on the overall code.

### How ?

The team must be able to demonstrate that, for every PR, the coverage is measured and enforced at a minimum of 80% on the overall code.",New,#3-UT00-UTCTMMOE-6457ff44,TRUE,TRUE,FALSE,TRUE,FALSE,TRUE,FALSE,,,,,,,,,,,,,,,,,
,,,,,,,,,,,,,,,,,,,,,,,,,,,,,,,
,,,,,,,,,,,,,,,,,,,,,,,,,,,,,,,
,,,,,,,,,,,,,,,,,,,,,,,,,,,,,,,
,,,,,,,,,,,,,,,,,,,,,,,,,,,,,,,
,,,,,,,,,,,,,,,,,,,,,,,,,,,,,,,
,,,,,,,,,,,,,,,,,,,,,,,,,,,,,,,
,,,,,,,,,,,,,,,,,,,,,,,,,,,,,,,
,,,,,,,,,,,,,,,,,,,,,,,,,,,,,,,
,,,,,,,,,,,,,,,,,,,,,,,,,,,,,,,
,,,,,,,,,,,,,,,,,,,,,,,,,,,,,,,
,,,,,,,,,,,,,,,,,,,,,,,,,,,,,,,
,,,,,,,,,,,,,,,,,,,,,,,,,,,,,,,
,,,,,,,,,,,,,,,,,,,,,,,,,,,,,,,
,,,,,,,,,,,,,,,,,,,,,,,,,,,,,,,
,,,,,,,,,,,,,,,,,,,,,,,,,,,,,,,
,,,,,,,,,,,,,,,,,,,,,,,,,,,,,,,
,,,,,,,,,,,,,,,,,,,,,,,,,,,,,,,
,,,,,,,,,,,,,,,,,,,,,,,,,,,,,,,
,,,,,,,,,,,,,,,,,,,,,,,,,,,,,,,
,,,,,,,,,,,,,,,,,,,,,,,,,,,,,,,
,,,,,,,,,,,,,,,,,,,,,,,,,,,,,,,
,,,,,,,,,,,,,,,,,,,,,,,,,,,,,,,
,,,,,,,,,,,,,,,,,,,,,,,,,,,,,,,
,,,,,,,,,,,,,,,,,,,,,,,,,,,,,,,
,,,,,,,,,,,,,,,,,,,,,,,,,,,,,,,
,,,,,,,,,,,,,,,,,,,,,,,,,,,,,,,
,,,,,,,,,,,,,,,,,,,,,,,,,,,,,,,
,,,,,,,,,,,,,,,,,,,,,,,,,,,,,,,
,,,,,,,,,,,,,,,,,,,,,,,,,,,,,,,
,,,,,,,,,,,,,,,,,,,,,,,,,,,,,,,
,,,,,,,,,,,,,,,,,,,,,,,,,,,,,,,
,,,,,,,,,,,,,,,,,,,,,,,,,,,,,,,
,,,,,,,,,,,,,,,,,,,,,,,,,,,,,,,
,,,,,,,,,,,,,,,,,,,,,,,,,,,,,,,
,,,,,,,,,,,,,,,,,,,,,,,,,,,,,,,
,,,,,,,,,,,,,,,,,,,,,,,,,,,,,,,
,,,,,,,,,,,,,,,,,,,,,,,,,,,,,,,
,,,,,,,,,,,,,,,,,,,,,,,,,,,,,,,
,,,,,,,,,,,,,,,,,,,,,,,,,,,,,,,
,,,,,,,,,,,,,,,,,,,,,,,,,,,,,,,
,,,,,,,,,,,,,,,,,,,,,,,,,,,,,,,
,,,,,,,,,,,,,,,,,,,,,,,,,,,,,,,
,,,,,,,,,,,,,,,,,,,,,,,,,,,,,,,
,,,,,,,,,,,,,,,,,,,,,,,,,,,,,,,
,,,,,,,,,,,,,,,,,,,,,,,,,,,,,,,
,,,,,,,,,,,,,,,,,,,,,,,,,,,,,,,
,,,,,,,,,,,,,,,,,,,,,,,,,,,,,,,
,,,,,,,,,,,,,,,,,,,,,,,,,,,,,,,
,,,,,,,,,,,,,,,,,,,,,,,,,,,,,,,
,,,,,,,,,,,,,,,,,,,,,,,,,,,,,,,
,,,,,,,,,,,,,,,,,,,,,,,,,,,,,,,
,,,,,,,,,,,,,,,,,,,,,,,,,,,,,,,
,,,,,,,,,,,,,,,,,,,,,,,,,,,,,,,
,,,,,,,,,,,,,,,,,,,,,,,,,,,,,,,
,,,,,,,,,,,,,,,,,,,,,,,,,,,,,,,
,,,,,,,,,,,,,,,,,,,,,,,,,,,,,,,
,,,,,,,,,,,,,,,,,,,,,,,,,,,,,,,
,,,,,,,,,,,,,,,,,,,,,,,,,,,,,,,
,,,,,,,,,,,,,,,,,,,,,,,,,,,,,,,
,,,,,,,,,,,,,,,,,,,,,,,,,,,,,,,
,,,,,,,,,,,,,,,,,,,,,,,,,,,,,,,
,,,,,,,,,,,,,,,,,,,,,,,,,,,,,,,
,,,,,,,,,,,,,,,,,,,,,,,,,,,,,,,
,,,,,,,,,,,,,,,,,,,,,,,,,,,,,,,
,,,,,,,,,,,,,,,,,,,,,,,,,,,,,,,
,,,,,,,,,,,,,,,,,,,,,,,,,,,,,,,
,,,,,,,,,,,,,,,,,,,,,,,,,,,,,,,
,,,,,,,,,,,,,,,,,,,,,,,,,,,,,,,
,,,,,,,,,,,,,,,,,,,,,,,,,,,,,,,
,,,,,,,,,,,,,,,,,,,,,,,,,,,,,,,
,,,,,,,,,,,,,,,,,,,,,,,,,,,,,,,
,,,,,,,,,,,,,,,,,,,,,,,,,,,,,,,
,,,,,,,,,,,,,,,,,,,,,,,,,,,,,,,
,,,,,,,,,,,,,,,,,,,,,,,,,,,,,,,
,,,,,,,,,,,,,,,,,,,,,,,,,,,,,,,
,,,,,,,,,,,,,,,,,,,,,,,,,,,,,,,
,,,,,,,,,,,,,,,,,,,,,,,,,,,,,,,
,,,,,,,,,,,,,,,,,,,,,,,,,,,,,,,
,,,,,,,,,,,,,,,,,,,,,,,,,,,,,,,
,,,,,,,,,,,,,,,,,,,,,,,,,,,,,,,
,,,,,,,,,,,,,,,,,,,,,,,,,,,,,,,
,,,,,,,,,,,,,,,,,,,,,,,,,,,,,,,
,,,,,,,,,,,,,,,,,,,,,,,,,,,,,,,
,,,,,,,,,,,,,,,,,,,,,,,,,,,,,,,
,,,,,,,,,,,,,,,,,,,,,,,,,,,,,,,
,,,,,,,,,,,,,,,,,,,,,,,,,,,,,,,
,,,,,,,,,,,,,,,,,,,,,,,,,,,,,,,
,,,,,,,,,,,,,,,,,,,,,,,,,,,,,,,
,,,,,,,,,,,,,,,,,,,,,,,,,,,,,,,
,,,,,,,,,,,,,,,,,,,,,,,,,,,,,,,
,,,,,,,,,,,,,,,,,,,,,,,,,,,,,,,
,,,,,,,,,,,,,,,,,,,,,,,,,,,,,,,
,,,,,,,,,,,,,,,,,,,,,,,,,,,,,,,
,,,,,,,,,,,,,,,,,,,,,,,,,,,,,,,
,,,,,,,,,,,,,,,,,,,,,,,,,,,,,,,
,,,,,,,,,,,,,,,,,,,,,,,,,,,,,,,
,,,,,,,,,,,,,,,,,,,,,,,,,,,,,,,
,,,,,,,,,,,,,,,,,,,,,,,,,,,,,,,
,,,,,,,,,,,,,,,,,,,,,,,,,,,,,,,
,,,,,,,,,,,,,,,,,,,,,,,,,,,,,,,
,,,,,,,,,,,,,,,,,,,,,,,,,,,,,,,
,,,,,,,,,,,,,,,,,,,,,,,,,,,,,,,
,,,,,,,,,,,,,,,,,,,,,,,,,,,,,,,
,,,,,,,,,,,,,,,,,,,,,,,,,,,,,,,
,,,,,,,,,,,,,,,,,,,,,,,,,,,,,,,
,,,,,,,,,,,,,,,,,,,,,,,,,,,,,,,
,,,,,,,,,,,,,,,,,,,,,,,,,,,,,,,
,,,,,,,,,,,,,,,,,,,,,,,,,,,,,,,
,,,,,,,,,,,,,,,,,,,,,,,,,,,,,,,
,,,,,,,,,,,,,,,,,,,,,,,,,,,,,,,
,,,,,,,,,,,,,,,,,,,,,,,,,,,,,,,
,,,,,,,,,,,,,,,,,,,,,,,,,,,,,,,
,,,,,,,,,,,,,,,,,,,,,,,,,,,,,,,
,,,,,,,,,,,,,,,,,,,,,,,,,,,,,,,
,,,,,,,,,,,,,,,,,,,,,,,,,,,,,,,
,,,,,,,,,,,,,,,,,,,,,,,,,,,,,,,
,,,,,,,,,,,,,,,,,,,,,,,,,,,,,,,
,,,,,,,,,,,,,,,,,,,,,,,,,,,,,,,
,,,,,,,,,,,,,,,,,,,,,,,,,,,,,,,
,,,,,,,,,,,,,,,,,,,,,,,,,,,,,,,
,,,,,,,,,,,,,,,,,,,,,,,,,,,,,,,
,,,,,,,,,,,,,,,,,,,,,,,,,,,,,,,
,,,,,,,,,,,,,,,,,,,,,,,,,,,,,,,
,,,,,,,,,,,,,,,,,,,,,,,,,,,,,,,
,,,,,,,,,,,,,,,,,,,,,,,,,,,,,,,
,,,,,,,,,,,,,,,,,,,,,,,,,,,,,,,
,,,,,,,,,,,,,,,,,,,,,,,,,,,,,,,
,,,,,,,,,,,,,,,,,,,,,,,,,,,,,,,
,,,,,,,,,,,,,,,,,,,,,,,,,,,,,,,
,,,,,,,,,,,,,,,,,,,,,,,,,,,,,,,
,,,,,,,,,,,,,,,,,,,,,,,,,,,,,,,
,,,,,,,,,,,,,,,,,,,,,,,,,,,,,,,
,,,,,,,,,,,,,,,,,,,,,,,,,,,,,,,
,,,,,,,,,,,,,,,,,,,,,,,,,,,,,,,
,,,,,,,,,,,,,,,,,,,,,,,,,,,,,,,
,,,,,,,,,,,,,,,,,,,,,,,,,,,,,,,
,,,,,,,,,,,,,,,,,,,,,,,,,,,,,,,
,,,,,,,,,,,,,,,,,,,,,,,,,,,,,,,
,,,,,,,,,,,,,,,,,,,,,,,,,,,,,,,
,,,,,,,,,,,,,,,,,,,,,,,,,,,,,,,
,,,,,,,,,,,,,,,,,,,,,,,,,,,,,,,
,,,,,,,,,,,,,,,,,,,,,,,,,,,,,,,
,,,,,,,,,,,,,,,,,,,,,,,,,,,,,,,
,,,,,,,,,,,,,,,,,,,,,,,,,,,,,,,
,,,,,,,,,,,,,,,,,,,,,,,,,,,,,,,
,,,,,,,,,,,,,,,,,,,,,,,,,,,,,,,
,,,,,,,,,,,,,,,,,,,,,,,,,,,,,,,
,,,,,,,,,,,,,,,,,,,,,,,,,,,,,,,
,,,,,,,,,,,,,,,,,,,,,,,,,,,,,,,
,,,,,,,,,,,,,,,,,,,,,,,,,,,,,,,
,,,,,,,,,,,,,,,,,,,,,,,,,,,,,,,
,,,,,,,,,,,,,,,,,,,,,,,,,,,,,,,
,,,,,,,,,,,,,,,,,,,,,,,,,,,,,,,
,,,,,,,,,,,,,,,,,,,,,,,,,,,,,,,
,,,,,,,,,,,,,,,,,,,,,,,,,,,,,,,
,,,,,,,,,,,,,,,,,,,,,,,,,,,,,,,
,,,,,,,,,,,,,,,,,,,,,,,,,,,,,,,
,,,,,,,,,,,,,,,,,,,,,,,,,,,,,,,
,,,,,,,,,,,,,,,,,,,,,,,,,,,,,,,
,,,,,,,,,,,,,,,,,,,,,,,,,,,,,,,
,,,,,,,,,,,,,,,,,,,,,,,,,,,,,,,
,,,,,,,,,,,,,,,,,,,,,,,,,,,,,,,
,,,,,,,,,,,,,,,,,,,,,,,,,,,,,,,
,,,,,,,,,,,,,,,,,,,,,,,,,,,,,,,
,,,,,,,,,,,,,,,,,,,,,,,,,,,,,,,
,,,,,,,,,,,,,,,,,,,,,,,,,,,,,,,
,,,,,,,,,,,,,,,,,,,,,,,,,,,,,,,
,,,,,,,,,,,,,,,,,,,,,,,,,,,,,,,
,,,,,,,,,,,,,,,,,,,,,,,,,,,,,,,
,,,,,,,,,,,,,,,,,,,,,,,,,,,,,,,
,,,,,,,,,,,,,,,,,,,,,,,,,,,,,,,
,,,,,,,,,,,,,,,,,,,,,,,,,,,,,,,
,,,,,,,,,,,,,,,,,,,,,,,,,,,,,,,
,,,,,,,,,,,,,,,,,,,,,,,,,,,,,,,
,,,,,,,,,,,,,,,,,,,,,,,,,,,,,,,
,,,,,,,,,,,,,,,,,,,,,,,,,,,,,,,
,,,,,,,,,,,,,,,,,,,,,,,,,,,,,,,
,,,,,,,,,,,,,,,,,,,,,,,,,,,,,,,
,,,,,,,,,,,,,,,,,,,,,,,,,,,,,,,
,,,,,,,,,,,,,,,,,,,,,,,,,,,,,,,
,,,,,,,,,,,,,,,,,,,,,,,,,,,,,,,
,,,,,,,,,,,,,,,,,,,,,,,,,,,,,,,
,,,,,,,,,,,,,,,,,,,,,,,,,,,,,,,
,,,,,,,,,,,,,,,,,,,,,,,,,,,,,,,
,,,,,,,,,,,,,,,,,,,,,,,,,,,,,,,
,,,,,,,,,,,,,,,,,,,,,,,,,,,,,,,
,,,,,,,,,,,,,,,,,,,,,,,,,,,,,,,
,,,,,,,,,,,,,,,,,,,,,,,,,,,,,,,
,,,,,,,,,,,,,,,,,,,,,,,,,,,,,,,
,,,,,,,,,,,,,,,,,,,,,,,,,,,,,,,
,,,,,,,,,,,,,,,,,,,,,,,,,,,,,,,
,,,,,,,,,,,,,,,,,,,,,,,,,,,,,,,
,,,,,,,,,,,,,,,,,,,,,,,,,,,,,,,
,,,,,,,,,,,,,,,,,,,,,,,,,,,,,,,
,,,,,,,,,,,,,,,,,,,,,,,,,,,,,,,
,,,,,,,,,,,,,,,,,,,,,,,,,,,,,,,
,,,,,,,,,,,,,,,,,,,,,,,,,,,,,,,
,,,,,,,,,,,,,,,,,,,,,,,,,,,,,,,
,,,,,,,,,,,,,,,,,,,,,,,,,,,,,,,
,,,,,,,,,,,,,,,,,,,,,,,,,,,,,,,
,,,,,,,,,,,,,,,,,,,,,,,,,,,,,,,
,,,,,,,,,,,,,,,,,,,,,,,,,,,,,,,
,,,,,,,,,,,,,,,,,,,,,,,,,,,,,,,
,,,,,,,,,,,,,,,,,,,,,,,,,,,,,,,
,,,,,,,,,,,,,,,,,,,,,,,,,,,,,,,
,,,,,,,,,,,,,,,,,,,,,,,,,,,,,,,
,,,,,,,,,,,,,,,,,,,,,,,,,,,,,,,
,,,,,,,,,,,,,,,,,,,,,,,,,,,,,,,
,,,,,,,,,,,,,,,,,,,,,,,,,,,,,,,
,,,,,,,,,,,,,,,,,,,,,,,,,,,,,,,
,,,,,,,,,,,,,,,,,,,,,,,,,,,,,,,
,,,,,,,,,,,,,,,,,,,,,,,,,,,,,,,
,,,,,,,,,,,,,,,,,,,,,,,,,,,,,,,
,,,,,,,,,,,,,,,,,,,,,,,,,,,,,,,
,,,,,,,,,,,,,,,,,,,,,,,,,,,,,,,
,,,,,,,,,,,,,,,,,,,,,,,,,,,,,,,
,,,,,,,,,,,,,,,,,,,,,,,,,,,,,,,
,,,,,,,,,,,,,,,,,,,,,,,,,,,,,,,
,,,,,,,,,,,,,,,,,,,,,,,,,,,,,,,
,,,,,,,,,,,,,,,,,,,,,,,,,,,,,,,
,,,,,,,,,,,,,,,,,,,,,,,,,,,,,,,
,,,,,,,,,,,,,,,,,,,,,,,,,,,,,,,
,,,,,,,,,,,,,,,,,,,,,,,,,,,,,,,
,,,,,,,,,,,,,,,,,,,,,,,,,,,,,,,
,,,,,,,,,,,,,,,,,,,,,,,,,,,,,,,
,,,,,,,,,,,,,,,,,,,,,,,,,,,,,,,
,,,,,,,,,,,,,,,,,,,,,,,,,,,,,,,
,,,,,,,,,,,,,,,,,,,,,,,,,,,,,,,
,,,,,,,,,,,,,,,,,,,,,,,,,,,,,,,
,,,,,,,,,,,,,,,,,,,,,,,,,,,,,,,
,,,,,,,,,,,,,,,,,,,,,,,,,,,,,,,
,,,,,,,,,,,,,,,,,,,,,,,,,,,,,,,
,,,,,,,,,,,,,,,,,,,,,,,,,,,,,,,
,,,,,,,,,,,,,,,,,,,,,,,,,,,,,,,
,,,,,,,,,,,,,,,,,,,,,,,,,,,,,,,
,,,,,,,,,,,,,,,,,,,,,,,,,,,,,,,
,,,,,,,,,,,,,,,,,,,,,,,,,,,,,,,
,,,,,,,,,,,,,,,,,,,,,,,,,,,,,,,
,,,,,,,,,,,,,,,,,,,,,,,,,,,,,,,
,,,,,,,,,,,,,,,,,,,,,,,,,,,,,,,
,,,,,,,,,,,,,,,,,,,,,,,,,,,,,,,
,,,,,,,,,,,,,,,,,,,,,,,,,,,,,,,
,,,,,,,,,,,,,,,,,,,,,,,,,,,,,,,
,,,,,,,,,,,,,,,,,,,,,,,,,,,,,,,
,,,,,,,,,,,,,,,,,,,,,,,,,,,,,,,
,,,,,,,,,,,,,,,,,,,,,,,,,,,,,,,
,,,,,,,,,,,,,,,,,,,,,,,,,,,,,,,
,,,,,,,,,,,,,,,,,,,,,,,,,,,,,,,
,,,,,,,,,,,,,,,,,,,,,,,,,,,,,,,
,,,,,,,,,,,,,,,,,,,,,,,,,,,,,,,
,,,,,,,,,,,,,,,,,,,,,,,,,,,,,,,
,,,,,,,,,,,,,,,,,,,,,,,,,,,,,,,
,,,,,,,,,,,,,,,,,,,,,,,,,,,,,,,
OPERATION,Availability / Risk Management,Level 1,A,Place holder: please validate,,Delete,#0-ARM0-PHPV0000-bf91045a,TRUE,TRUE,TRUE,TRUE,TRUE,TRUE,FALSE,,,,,,,,,,,,,,,,,
OPERATION,Availability / Risk Management,Level 1,A,"RISKS : 
Mapping of technical components used","""### Expected 
* Get a list of components that are used by my product , either part of it, or called by the product
* Assets list is filled by the team on the DRP template (Tabs to fill : ""04 - ASSETS - CONTACTS "")

### Useful link
* [Risks&DRP wiki](https://decathlon.atlassian.net/wiki/x/YjkGCw)

### Example 
* ",New,#0-ARM0-RMOTCU00-26a683a2,TRUE,TRUE,TRUE,TRUE,TRUE,TRUE,FALSE,Reliability,,Shift Left on Security,,,,,,,,,,,,,,
OPERATION,Availability / Risk Management,Level 1,G,"ON-CALL DUTY :
Formalize a quick resume for duty calls","### Expected 
* When your team is triggered, the respondee writes down a report (start/end of intervention, reason, solved (Y/N)), as it's formaly told in duty rules
* It could be done directly in Pagerduty incident notes, by email or on googlechat / slack channels
* Goal is to provide enough information to the team that could handle actions during th next day
",Change Level,#1-ARM0-NAQSFDC0,TRUE,TRUE,TRUE,TRUE,TRUE,TRUE,FALSE,,,Visual Management,Visual management boards can create a shared understanding of where the team is in terms of its operational effectiveness. They can also help identify and remove obstacles in the path to higher performance.,Intellectual Stim,Challenges team members to think about old problems in new ways and to rethink some of their basic assumptions about their work; has ideas that force team members to rethink some things that they have never questioned before.,,,,,,,,,,,
OPERATION,Availability / Risk Management,Level 2,D,"CRITICALITY:
Document the RTO/RPO of my application/microservice","### Expected 
* Define and document the Recovery Time Objective and Recovery Point Objective (validated with your users)

### Useful link  
* Not official doc yet, but you can check [SRE Training slide](https://docs.google.com/presentation/d/1ZM41iY8KoIcx0PgyX7pl_9hxeS1dsmE-Xa0yXtlnKYs/edit#slide=id.g743baf726667fb1a_84)
* SIG OPERATION documentation [RTO/RPO - Operations](https://decathlon.atlassian.net/wiki/x/O4ciDw)
* RTO & RPO definition in [DRP Policy](https://docs.google.com/document/d/1rd-NoVaFvMxB-Y2tYSZpi2Tz57cv8en1Tj92zwXvEZ8/edit?tab=t.0)

### Example
* [Xmerch-Satellites](https://decathlon.atlassian.net/wiki/spaces/XCOM/pages/191209369)
* [Stock Reliability](https://decathlon.atlassian.net/wiki/spaces/XCOM/pages/413927272/RTO+RPO)",Update,#2-SLM0-CTROMA00,TRUE,TRUE,TRUE,TRUE,FALSE,TRUE,FALSE,Reliability,,Shift Left on Security,"By better integrating information security (InfoSec) objectives into daily work, teams can achieve higher levels of software delivery performance and build more secure systems. This idea is also known as shifting left, because concerns, including security concerns, are addressed earlier in the software development lifecycle (that is, left in a left-to-right schedule diagram).",,,,,,,,,,,,,
OPERATION,Availability / Risk Management,Level 2,B,"DISASTER RECOVERY PLAN :
Define the DRP of my scope","### Expected 
* The Disaster Recovery Plan (DRP) of my solution is defined, documented and communicated (at a product/application level) including Database and infrastructure recovery plan : I know when to trigger it (or who can decide to activate it) & I know which steps to make my application working again (according to RTO/RPO)
* (if needed) I have a plan to allow a workaround for the business activity of the users (Business Conitnuity Plan / BCP)
* This can be included in a bigger DRP (like if your share Infra components with other products)

### Useful link
* [Risks&DRP wiki](https://decathlon.atlassian.net/wiki/x/YjkGCw)

### Example
* Cube [DRP mgt](https://decathlon.atlassian.net/wiki/spaces/XCOM/pages/191188953) + [tasks list](https://docs.google.com/spreadsheets/d/1yNkp83aqKh5_-9VI1re306K5DY-OELIsBe7Xjg4wHlw/edit#gid=1260889708)
* In Store [RISK Management - DRP Stock Reliability](https://docs.google.com/spreadsheets/d/14vJiZc1uj4qzwgbXHO-UeeugKOGdGPqlQKogChtjnQw/edit#gid=2047324212)",Keep,#1-ARM0-DTDMS000,TRUE,TRUE,TRUE,TRUE,TRUE,TRUE,FALSE,Reliability,,Visual Management,Visual management boards can create a shared understanding of where the team is in terms of its operational effectiveness. They can also help identify and remove obstacles in the path to higher performance.,Shift Left on Security,"By better integrating information security (InfoSec) objectives into daily work, teams can achieve higher levels of software delivery performance and build more secure systems. This idea is also known as shifting left, because concerns, including security concerns, are addressed earlier in the software development lifecycle (that is, left in a left-to-right schedule diagram).",Deployment Automation,Deployment automation is what enables you to deploy your software to testing and production environments with the push of a button. Automation is essential to reduce the risk of production deployments. It’s also essential for providing fast feedback on the quality of your software by allowing teams to do comprehensive testing as soon as possible after changes.,Version Control,"Version control systems like Git, Subversion, and Mercurial provide a logical means to organize files and coordinate their creation, controlled access, updating, and deletion across teams and organizations.",,,,,,,
OPERATION,Availability / Risk Management,Level 2,G,"ON-CALL DUTY :
Take calls on incidents during non-business-hours and the way of being triggered is documented and communicated","### Expected 
* Your users/partners know how to trigger your duty, thanks to a written information documentation, email)

### Example
* In Store [WebposEU](https://decathlon.atlassian.net/wiki/spaces/KDH/pages/196459489/WebPOS+Duty+rules)
* [CS Cube - Duty Helper](https://sites.google.com/decathlon.com/cubedutyhelpcenter/home)
* [Cube In Store - duty Bibble](https://decathlon.atlassian.net/wiki/spaces/KDH/pages/196440651/CIS+-+Duty+bible)",Keep,#1-ARM0-NWOBTIDA,TRUE,TRUE,TRUE,TRUE,TRUE,TRUE,FALSE,,,Visual Management,Visual management boards can create a shared understanding of where the team is in terms of its operational effectiveness. They can also help identify and remove obstacles in the path to higher performance.,Monitoring,"Monitoring is tooling or a technical solution that allows teams to watch and understand the state of their systems. Monitoring is based on gathering predefined sets of metrics or logs.
Observability is tooling or a technical solution that allows teams to actively debug their system. Observability is based on exploring properties and patterns not defined in advance.",,,,,,,,,,,
OPERATION,Availability / Risk Management,Level 2,A,"RISKS: 
Risks are defined & ordered by impact","### Expected 
* Risks template filled by the team (Tabs to fill : ""Applicative Risk Management"", colum ""qualification"")

### Useful link
* [Risks template](https://docs.google.com/spreadsheets/d/1-FRU-iAhapahyNSGb1iN3-QweN2OzEj0k4Yo7lBLljc/edit?gid=2140616589#gid=2140616589)

### Example
* [Prepayment - Run / Risks identification](https://decathlon.atlassian.net/wiki/x/ok1mCw)
* [Stock&Business - RISK Management - DRP Stock Reliability](https://docs.google.com/spreadsheets/d/1BrWJlm1uAUbej9sWiY75z1WDJESJD6iR1NNJgm9TqxY/edit?gid=2140616589#gid=2140616589)",Update,#1-ARM0-ARRADOBI,TRUE,TRUE,TRUE,TRUE,TRUE,TRUE,FALSE,Reliability,,Intellectual Stim,Challenges team members to think about old problems in new ways and to rethink some of their basic assumptions about their work; has ideas that force team members to rethink some things that they have never questioned before.,Test Auto,"Automated testing is a key component of modern software delivery practices. The ability to execute a comprehensive set of unit, integration, and system tests is essential to verify that your app or service behaves as expected, and can be safely deployed to production.",Shift Left on Security,"By better integrating information security (InfoSec) objectives into daily work, teams can achieve higher levels of software delivery performance and build more secure systems. This idea is also known as shifting left, because concerns, including security concerns, are addressed earlier in the software development lifecycle (that is, left in a left-to-right schedule diagram).",CI,"Software systems are complex, and an apparently simple, self-contained change to a single file can have unintended side effects on the overall system. When a large number of developers work on related systems, coordinating code updates is a hard problem, and changes from different developers can be incompatible. The practice of continuous integration (CI) was created to address these problems. ",,,,,,,
OPERATION,Availability / Risk Management,Level 2,H,"ON-CALL DUTY :
Formalize a full sum-up using official template for my duty calls","### Expected 
* When your team is triggered, the respondee writes down a report based on ""Duty Call Debrief - Template"" (Wiki template)

### Useful link 
* [Duty Debrief Management](https://decathlon.atlassian.net/wiki/spaces/ENGINEERING/pages/184959098/Duty+Debrief+Management)
* [Duty Calls Template](https://decathlon.atlassian.net/wiki/x/8XZ7Cw)",Change Level,#2-ARM0-NAFSFMDC,TRUE,TRUE,TRUE,TRUE,TRUE,TRUE,FALSE,,,Visual Management,Visual management boards can create a shared understanding of where the team is in terms of its operational effectiveness. They can also help identify and remove obstacles in the path to higher performance.,Intellectual Stim,Challenges team members to think about old problems in new ways and to rethink some of their basic assumptions about their work; has ideas that force team members to rethink some things that they have never questioned before.,,,,,,,,,,,
OPERATION,Availability / Risk Management,Level 3,D,"CRITICALITY:
Review and update RTO/RPO of my application/microservice","### Expected 
* Each year, you should verifiy your RTO/RPO still match your users' needs
* Based on your criticality, discuss about the RTO/RPO to identify the right target

###Usefull link
* ",Update,#4-SLM0-CAUROMA0,TRUE,TRUE,TRUE,TRUE,FALSE,TRUE,FALSE,Reliability,,Shift Left on Security,"By better integrating information security (InfoSec) objectives into daily work, teams can achieve higher levels of software delivery performance and build more secure systems. This idea is also known as shifting left, because concerns, including security concerns, are addressed earlier in the software development lifecycle (that is, left in a left-to-right schedule diagram).",,,,,,,,,,,,,
OPERATION,Availability / Risk Management,Level 3,B,"DISASTER RECOVERY PLAN :
Manual DRP test on my product is performed regularly based on tiering rank objectives","### Expected 
* The DRP tasks are tested at least once a year in prod
* A document is available to check last test occurence performed and display all actions performed
* Last execution date is filled in [Cybersecurity tool](https://airtable.com/appfC2IUoOeLkhYb6/pagnsmMcCjUL1PFbF) (""Date of last DRP test"")

### Useful link
* [Risks&DRP wiki](https://decathlon.atlassian.net/wiki/x/YjkGCw)
",Update,#2-ARM0-DDTOMSDO,TRUE,TRUE,TRUE,TRUE,TRUE,TRUE,FALSE,,,Visual Management,Visual management boards can create a shared understanding of where the team is in terms of its operational effectiveness. They can also help identify and remove obstacles in the path to higher performance.,Shift Left on Security,"By better integrating information security (InfoSec) objectives into daily work, teams can achieve higher levels of software delivery performance and build more secure systems. This idea is also known as shifting left, because concerns, including security concerns, are addressed earlier in the software development lifecycle (that is, left in a left-to-right schedule diagram).",Deployment Automation,Deployment automation is what enables you to deploy your software to testing and production environments with the push of a button. Automation is essential to reduce the risk of production deployments. It’s also essential for providing fast feedback on the quality of your software by allowing teams to do comprehensive testing as soon as possible after changes.,Version Control,"Version control systems like Git, Subversion, and Mercurial provide a logical means to organize files and coordinate their creation, controlled access, updating, and deletion across teams and organizations.",,,,,,,
OPERATION,Availability / Risk Management,Level 3,C,"DISASTER RECOVERY PLAN :
Review of DRP/BCP frequently (once by year)","### Expected 
* The Disaster Recovery Plan (DRP) and Business Continuity Plan (BCP), tasks and activation conditions are reviewed at least once a year
* Goal is to maintain capability and ensure the process is known, communicated and efficient in case of need


### Example
* Plan exercices with teammates in store to manually perform a cash register process if digital solution is unavailable. A BCP exist for this.",Change Level,#3-ARM0-DODFOBY0,TRUE,TRUE,TRUE,TRUE,TRUE,TRUE,FALSE,Reliability,,Visual Management,Visual management boards can create a shared understanding of where the team is in terms of its operational effectiveness. They can also help identify and remove obstacles in the path to higher performance.,Shift Left on Security,"By better integrating information security (InfoSec) objectives into daily work, teams can achieve higher levels of software delivery performance and build more secure systems. This idea is also known as shifting left, because concerns, including security concerns, are addressed earlier in the software development lifecycle (that is, left in a left-to-right schedule diagram).",Deployment Automation,Deployment automation is what enables you to deploy your software to testing and production environments with the push of a button. Automation is essential to reduce the risk of production deployments. It’s also essential for providing fast feedback on the quality of your software by allowing teams to do comprehensive testing as soon as possible after changes.,Version Control,"Version control systems like Git, Subversion, and Mercurial provide a logical means to organize files and coordinate their creation, controlled access, updating, and deletion across teams and organizations.",,,,,,,
OPERATION,Availability / Risk Management,Level 3,G,"ON-CALL DUTY :
The duty cases are reviewed and dutybook is updated regularly","### Expected 
* At least each year or / and by using the template, the documented cases are review by the team, to make sure none is missing or the criticality is still relevant
* Dutybook is updated regularly to maintain it as much up-to-date as possible ( take into account also evolution on the product)
* A good way to animate this, could be to plan dedicated quarter meeting with duty ressources to update the dutybook and share experience / upskill, ...

### Useful link
*",Change Level,#3-ARM0-NDCAROAY,TRUE,TRUE,TRUE,TRUE,TRUE,TRUE,FALSE,,,,,,,,,,,,,,,,,
OPERATION,Availability / Risk Management,Level 4,A,"RISKS: 
Conduct regular risks mitigation tests","### Expected 
* The risks are simulated and remediations are tested at least once a year in prod
* Risks encountered during the year are formalized in the document to update and define action to do
* Risks template filled by the team (Tabs to fill : ""Applicative Risk Management"", colum Real Life - Tested or last occurencies"")

### Useful link
* [Risks template](https://docs.google.com/spreadsheets/d/1-FRU-iAhapahyNSGb1iN3-QweN2OzEj0k4Yo7lBLljc/edit?gid=2140616589#gid=2140616589)

### Example
* [Stock Reliability - DRP&Risks file](https://docs.google.com/spreadsheets/d/14vJiZc1uj4qzwgbXHO-UeeugKOGdGPqlQKogChtjnQw/edit?gid=0#gid=0)",Update,#3-ARM0-ARPRCTR0,TRUE,TRUE,TRUE,TRUE,TRUE,TRUE,FALSE,Reliability,,Intellectual Stim,Challenges team members to think about old problems in new ways and to rethink some of their basic assumptions about their work; has ideas that force team members to rethink some things that they have never questioned before.,Test Auto,"Automated testing is a key component of modern software delivery practices. The ability to execute a comprehensive set of unit, integration, and system tests is essential to verify that your app or service behaves as expected, and can be safely deployed to production.",Shift Left on Security,"By better integrating information security (InfoSec) objectives into daily work, teams can achieve higher levels of software delivery performance and build more secure systems. This idea is also known as shifting left, because concerns, including security concerns, are addressed earlier in the software development lifecycle (that is, left in a left-to-right schedule diagram).",CI,"Software systems are complex, and an apparently simple, self-contained change to a single file can have unintended side effects on the overall system. When a large number of developers work on related systems, coordinating code updates is a hard problem, and changes from different developers can be incompatible. The practice of continuous integration (CI) was created to address these problems. ",,,,,,,
OPERATION,Availability / Risk Management,Level 4,G,"ON-CALL DUTY :
Optimize the duty triggering process","### Expected
* Use multiple methods to improve the way you're being triggered by others
* Perform pre-checks or automate some actions that could avoid been called directly

### Example
* Manage interaction with other team to improve the process
* Make sure you have almost no abusive triggering
* Communicate to the surrounding teams, so that they know the proper service to use
* In case of doubt, make the impacted service the first being called, so it can easily route to the most-likely rootcause service
* Build an automation that could, in case of need, perform an update of Database plan to accept more connexion before triggering directly an on-call engineer (just in case of failure he/she will be triggered)",Change Level,#4-ARM0-NTDTP000,TRUE,TRUE,TRUE,TRUE,TRUE,TRUE,FALSE,,,Intellectual Stim,Challenges team members to think about old problems in new ways and to rethink some of their basic assumptions about their work; has ideas that force team members to rethink some things that they have never questioned before.,,,,,,,,,,,,,
OPERATION,Availability / Risk Management,Level 5,B,"DISASTER RECOVERY PLAN :
Automate some DRP tasks to reduce RTO","### Expected 
* Some DRP tasks are automated, making multiple action free from human mistake and faster

### Example
* A github action can be launched to redeploy a version of a mobile application just using a TAG",Keep,#3-ARM0-DSDTTRR0,TRUE,TRUE,TRUE,TRUE,TRUE,TRUE,FALSE,Reliability,,Visual Management,Visual management boards can create a shared understanding of where the team is in terms of its operational effectiveness. They can also help identify and remove obstacles in the path to higher performance.,Shift Left on Security,"By better integrating information security (InfoSec) objectives into daily work, teams can achieve higher levels of software delivery performance and build more secure systems. This idea is also known as shifting left, because concerns, including security concerns, are addressed earlier in the software development lifecycle (that is, left in a left-to-right schedule diagram).",Deployment Automation,Deployment automation is what enables you to deploy your software to testing and production environments with the push of a button. Automation is essential to reduce the risk of production deployments. It’s also essential for providing fast feedback on the quality of your software by allowing teams to do comprehensive testing as soon as possible after changes.,Version Control,"Version control systems like Git, Subversion, and Mercurial provide a logical means to organize files and coordinate their creation, controlled access, updating, and deletion across teams and organizations.",,,,,,,
OPERATION,Availability / Risk Management,Level 5,C,"DISASTER RECOVERY PLAN :
With each major development, my DRP is reviewed to guarantee its sustainability","### Expected 
* The DRP tasks and activation conditions are reviewed and tested in production at each major change, to confirm they're still relevant",Keep,#4-ARM0-DEMIRDIT,TRUE,TRUE,TRUE,TRUE,TRUE,TRUE,FALSE,Reliability,,Version Control,"Version control systems like Git, Subversion, and Mercurial provide a logical means to organize files and coordinate their creation, controlled access, updating, and deletion across teams and organizations.",Streamlining CAB,Your goal should be to make your regular change management process fast and reliable enough that you can use it to make emergency changes too.,Shift Left on Security,"By better integrating information security (InfoSec) objectives into daily work, teams can achieve higher levels of software delivery performance and build more secure systems. This idea is also known as shifting left, because concerns, including security concerns, are addressed earlier in the software development lifecycle (that is, left in a left-to-right schedule diagram).",Test Auto,"Automated testing is a key component of modern software delivery practices. The ability to execute a comprehensive set of unit, integration, and system tests is essential to verify that your app or service behaves as expected, and can be safely deployed to production.",,,,,,,
OPERATION,Availability / Risk Management,Level 5,A,"RISKS:
Chaos testing automation is setup","### Expected
You have a running chaos testing tool set up on your infra, this tool breaks things randomly",New,#4-ARM0-RTAIS000-0919533e,TRUE,FALSE,FALSE,TRUE,FALSE,TRUE,FALSE,Reliability,,Intellectual Stim,Challenges team members to think about old problems in new ways and to rethink some of their basic assumptions about their work; has ideas that force team members to rethink some things that they have never questioned before.,#REF!,,#REF!,,#REF!,,,,,,,,
OPERATION,Change Management,Level 1,A,"COMMUNICATION:
Communication is done by informal channel (oral) in best effort either to users or my surrounding teams","### Expected 
* When you're planning and performing a change, you communicate via informal channel (oral, or 1-1 chats)",Delete,#0-CM00-CIDBICO0,TRUE,TRUE,TRUE,TRUE,TRUE,TRUE,FALSE,,,,,,,,,,,,,,,,,
OPERATION,Change Management,Level 1,A,"COMMUNICATION:
Some changes are communicated to users and my surrounding teams through a messaging solution ","### Expected 
* When you're planning and performing a change, you communicate through formal written channels (like group chat, mails or slack), but not with the official communication tool",Change Level,#1-CM00-CCACTUAM,TRUE,TRUE,TRUE,TRUE,TRUE,TRUE,FALSE,,,,,,,,,,,,,,,,,
OPERATION,Change Management,Level 1,E,"POST-INTERVENTION:
Some post-intervention checks are done without standard definition","### Expected 
* At the end of the intervention, you perform some checks to ensure that there is no major impact or regression

### Example
 Quick checks without using a standard definition such as an acceptance plan test",Change Level,#1-CM00-PPCADWSD,TRUE,TRUE,TRUE,TRUE,FALSE,TRUE,FALSE,Reliability,,,,,,,,,,,,,,,,
OPERATION,Change Management,Level 2,B,"PROCESSING:
Define timeslots which take in account my users and dependencies constraints","### Expected
* You know your dependencies and their constraints, when the intervention will impact the least, and plan your interventions accordingly (especially if it requires a service interruption)

### Example
* For e-commerce application that has its lower traffic timeframe during 2AM and 3AM, choose this.
* For warehouse application, choose the timeframe when you have no employee working (or as few as possible)
* For SaaS provider, you may have dedicated timeslot pushed by them, you will have to choose the better one based on their constraints and your activity peak

### Useful link
* [FR legal rules](https://docs.google.com/spreadsheets/d/1fHSBqTUcZ22IAP_-X5CZlcrhy25jqIe_3RjawueJOZ8/edit#gid=0)
* [Pilotage interventions HNO](https://docs.google.com/spreadsheets/d/105Ej7FUgdIYWcXCW-Ka5PbvRaAy7q-Nnmc6O9mH3nyo/edit?gid=1675918271#gid=1675918271)",Update,#2-CM00-PTTOBOMC,TRUE,TRUE,TRUE,TRUE,FALSE,TRUE,FALSE,,,,,,,,,,,,,,,,,
OPERATION,Change Management,Level 2,A,"COMMUNICATION:
All changes are communicated to users through an official communication tool or a dedicated channel","### Expected 
* You communicate through the official communication tool 
* In addition you may also use formal written channels (like group chat, mails or slack)

### Useful Link
* [How to use Statuspal tool](https://decathlon.atlassian.net/wiki/spaces/TECH/pages/192741743/STATUSPAL+How+to+use+it)
* [COMMERCE - How to communicate through Statuspal(Major/Minor Incidents or Maintenances)] (https://decathlon.atlassian.net/wiki/x/6wKqEQ)",Change Level,#2-CM00-CCACTUTO,TRUE,TRUE,TRUE,TRUE,TRUE,TRUE,FALSE,,,Streamlining CAB,Your goal should be to make your regular change management process fast and reliable enough that you can use it to make emergency changes too.,,,,,,,,,,,,,
OPERATION,Change Management,Level 2,E,"POST-INTERVENTION:
Post-intervention checks are done with an acceptance plan test which may involve end-users","### Expected 
* At the end of the intervention, you perform detailed checks to ensure that there is no major impact or regression
* These checks may require the involvement of end-users

### Usefull link 
* [Sportycoins - Checklist MAJOR RELEASE](https://decathlon.atlassian.net/wiki/x/1E1mCw)
* [Stock Reliability - Post Intervention tests](https://decathlon.atlassian.net/wiki/spaces/XCOM/pages/631603452/Post+Migration+Tests)",Change Level,#2-CM00-PTADWUCD,TRUE,TRUE,TRUE,TRUE,FALSE,TRUE,FALSE,Reliability,,,,,,,,,,,,,,,,
OPERATION,Change Management,Level 3,B,"PROCESSING:
Use the proper process based on change type","### Expected
* Define which operation are Standard, Normal or Emmergency on your perimeter
* You plan your major normal changes using the Change Advisory Board (CAB) process

### Useful links
* [Changes types](https://decathlon.atlassian.net/wiki/spaces/ENGINEERING/pages/258442719/Changes+types+-+Change+management+-+OPERATIONS)
* [CAB process](https://decathlon.atlassian.net/wiki/spaces/ENGINEERING/pages/184958450/Change+Advisory+Board)

### Example
* When you are planning a change that is not a regular change (with steps you're not used to in production or that may impact multiple teams), you need to use the CAB template to declare your intervention
* [Network CABs example](https://decathlon.atlassian.net/wiki/x/-6F6Cw)",Update,#2-CM00-PTCFNWC0,TRUE,TRUE,TRUE,TRUE,FALSE,TRUE,FALSE,,,Streamlining CAB,Your goal should be to make your regular change management process fast and reliable enough that you can use it to make emergency changes too.,,,,,,,,,,,,,
OPERATION,Change Management,Level 3,E,"POST-INTERVENTION:
Knowledge documentation is updated after the change implementation","### Expected 
* If your change is making the documentation obsolete (changing URLs, architecture, etc), you ensure that the documentation is updated

### Example
* If you have a breaking change with the adding of a new server, you have to add this new information to your infrastructure documentation
* You can also challenge this update with adding a requirement on your DoD (Definition of Done) on your delivery process",Change Level,#2-CM00-PDIUACP0,TRUE,TRUE,TRUE,TRUE,FALSE,TRUE,FALSE,,,,,,,,,,,,,,,,,
OPERATION,Change Management,Level 3,G,"MONITORING:
Manage monitoring / alerting checks desactivation&reactivation on my perimeter during operation","### Expected 
* This mostly concerns operations related to infrastructures
* During the intervention, no useless alerts will ring (based on planned impacts)
* This helps to fiabilize MTTR measurement, avoid triggering tickets and duties when we already know that we will operate and caused a downtime on the infrastructure part

### Useful link 
* [Solarwinds - How to set a downtime](https://decathlon.atlassian.net/wiki/spaces/TECH/pages/192657607/How+to+set+a+downtime)
* [Value Chain - Datadog - Downtime a Monitoring Probe](https://decathlon.atlassian.net/wiki/spaces/VALUECHAIN/pages/827196351/Downtime+a+Monitoring+Probe)",Update,#2-CM00-MMMACDOM,TRUE,TRUE,TRUE,TRUE,FALSE,TRUE,FALSE,Reliability,,Monitoring,"Monitoring is tooling or a technical solution that allows teams to watch and understand the state of their systems. Monitoring is based on gathering predefined sets of metrics or logs.
Observability is tooling or a technical solution that allows teams to actively debug their system. Observability is based on exploring properties and patterns not defined in advance.",,,,,,,,,,,,,
OPERATION,Change Management,Level 3,A,"COMMUNICATION:
Communication is based on templates with the appropriate level of informations ","### Expected 
* You have consistent templates that you use within the official communication tool for several steps
- change announcement
- beginning of the intervention
- potential updates in case of a longlasting intervention
- end of the intervention

### Useful link 
* [Cube In Store - Statuspal template](https://decathlon.atlassian.net/wiki/x/I4DvDQ)
* [In-Store Statuspal communication using templates](https://decathlon.atlassian.net/wiki/spaces/XCOM/pages/296354539/How+to+communicate+through+Statuspal+Major+Minor+Incidents+or+Maintenances)",Change Level,#3-CM00-CABOTWTA,TRUE,TRUE,TRUE,TRUE,TRUE,TRUE,FALSE,,,Streamlining CAB,Your goal should be to make your regular change management process fast and reliable enough that you can use it to make emergency changes too.,,,,,,,,,,,,,
OPERATION,Change Management,Level 4,E,"POST-INTERVENTION:
Organize retex to improve our delivery process on normal changes submitted to CAB approvals","### Expected 
* After each normal change, you try to improve the process by lowering the impact, improving the intervention duration, and preventing any further unwanted impact (you may also use the Post-Mortem process)
* You think about the possibility and conditions to operate the next similar interventions through standard changes instead of normal ones",Change Level,#4-CM00-PRTIODPO,TRUE,TRUE,TRUE,TRUE,TRUE,TRUE,FALSE,,,Intellectual Stim,Challenges team members to think about old problems in new ways and to rethink some of their basic assumptions about their work; has ideas that force team members to rethink some things that they have never questioned before.,,,,,,,,,,,,,
OPERATION,Change Management,Level 5,G,MONITORING : Have alerts on Post deployment SLO bad trend,"### Expected
* Each time I have degradation of the SLI just after a production deployment, I have an alert
(even if still above target, if the trend is decreasing, we need a quick alerting to detect anomaly linked to deployment)",Delete,#4-SLM0-HAOPDSBT-c262aa1f,TRUE,TRUE,TRUE,TRUE,FALSE,TRUE,FALSE,Reliability,,Visual Management,Visual management boards can create a shared understanding of where the team is in terms of its operational effectiveness. They can also help identify and remove obstacles in the path to higher performance.,Monitoring,"Monitoring is tooling or a technical solution that allows teams to watch and understand the state of their systems. Monitoring is based on gathering predefined sets of metrics or logs.
Observability is tooling or a technical solution that allows teams to actively debug their system. Observability is based on exploring properties and patterns not defined in advance.",Prod Feedback,"Monitoring is the process of collecting, analyzing, and using information to track applications and infrastructure in order to guide business decisions. Monitoring is a key capability because it gives you insight into your systems and your work. Properly implemented, monitoring also gives you rapid feedback so that you can quickly find and fix problems early in the software development lifecycle.",Vision,"Understands clearly where their team and the organization are going, and where they want the team to be in five years.",Proactive Notif,"Proactive failure notification is the practice of generating notifications when monitored values approach known failure thresholds, and not waiting for the system to alert you it has already failed — or worse, to find out from customers that your application or service is down.",,,,,
OPERATION,Change Management,Level 5,A,"COMMUNICATION:
Communication is also done directly in applications / components (communication embedded)","### Expected 
* When possible, your change communication is also done directly via the interface of your tool (pop-up, banners, etc)
* This helps to inform directly your users about an incident when they are using your product

### Example
* [CubeInStore - notifications & Messaging in-app](https://decathlon.atlassian.net/wiki/spaces/XCOM/pages/191204008/Notifications+Messaging+in-app+to+complete)",Keep,#4-CM00-CADDIACE,FALSE,TRUE,TRUE,TRUE,TRUE,TRUE,FALSE,,,,,,,,,,,,,,,,,
OPERATION,Change Management,Level 5,E,"POST-INTERVENTION:
Automate the post-intervention checks","### Expected 
* The post-intervention checklist you defined is automated, to improve time of intervention, and detect any unwanted behaviour quickly
* This checklist is updated with any change, or with undetected behaviour

### Example : 
* [CUBE Post MEP Validation](https://decathlon.atlassian.net/wiki/spaces/XCOM/pages/191265989/Validation+Post+Mep)",Keep,#4-CM00-PPCC0000,TRUE,TRUE,TRUE,TRUE,FALSE,TRUE,FALSE,Reliability,,Shift Left on Security,"By better integrating information security (InfoSec) objectives into daily work, teams can achieve higher levels of software delivery performance and build more secure systems. This idea is also known as shifting left, because concerns, including security concerns, are addressed earlier in the software development lifecycle (that is, left in a left-to-right schedule diagram).",Test Auto,"Automated testing is a key component of modern software delivery practices. The ability to execute a comprehensive set of unit, integration, and system tests is essential to verify that your app or service behaves as expected, and can be safely deployed to production.",Monitoring,"Monitoring is tooling or a technical solution that allows teams to watch and understand the state of their systems. Monitoring is based on gathering predefined sets of metrics or logs.
Observability is tooling or a technical solution that allows teams to actively debug their system. Observability is based on exploring properties and patterns not defined in advance.",Proactive Notif,"Proactive failure notification is the practice of generating notifications when monitored values approach known failure thresholds, and not waiting for the system to alert you it has already failed — or worse, to find out from customers that your application or service is down.",,,,,,,
OPERATION,Event Management,Level 1,B,"MONITORING PRODUCT: 
Choose the best and adapted monitoring/alerting solution for my solution/perimeter","### Expected
* Choose one or multiple monitoring/alerting tools to observe your application / user experiences, based on the ""tools catalog"", or the best tool for your use case (until a policy is written on these tools)
* Choice is documented in my application wiki

### Useful link
* [Monitoring Catalog](https://decathlon.atlassian.net/wiki/x/rBoGCw)
* [Monitoring Decision Tree](https://decathlon.atlassian.net/wiki/x/pXIGCw)

### Example
* [Network monitoring tools](https://decathlon.atlassian.net/wiki/x/e3R7Cw)",Keep,#1-EM00-MPCTBAAM,TRUE,TRUE,TRUE,TRUE,TRUE,TRUE,FALSE,Reliability,,Monitoring,"Monitoring is tooling or a technical solution that allows teams to watch and understand the state of their systems. Monitoring is based on gathering predefined sets of metrics or logs.
Observability is tooling or a technical solution that allows teams to actively debug their system. Observability is based on exploring properties and patterns not defined in advance.",,,,,,,,,,,,,
OPERATION,Event Management,Level 1,E,"INVESTIGATION:
Have a dashboard with basic metrics to handle the alerts","### Expected
* There are dashboards that allow you to easily find the information when you're responding to an alert
* You have at least the 4 golden signals displayed

### Example
* [Network - Solarwinds Monitoring dahboard page](https://decathlon.atlassian.net/wiki/spaces/TECH/pages/192574245/Network+-+Solarwinds+Monitoring+tool+usage)
* [Golden signals](https://decathlon.atlassian.net/wiki/spaces/ENGINEERING/pages/1189282148/Golden+signals+monitoring)",Change Level,#2-EM00-IADWBMAH,TRUE,TRUE,TRUE,TRUE,TRUE,TRUE,FALSE,Reliability,,Proactive Notif,"Proactive failure notification is the practice of generating notifications when monitored values approach known failure thresholds, and not waiting for the system to alert you it has already failed — or worse, to find out from customers that your application or service is down.",Visual Management,Visual management boards can create a shared understanding of where the team is in terms of its operational effectiveness. They can also help identify and remove obstacles in the path to higher performance.,Monitoring,"Monitoring is tooling or a technical solution that allows teams to watch and understand the state of their systems. Monitoring is based on gathering predefined sets of metrics or logs.
Observability is tooling or a technical solution that allows teams to actively debug their system. Observability is based on exploring properties and patterns not defined in advance.",,,,,,,,,
OPERATION,Event Management,Level 2,C,"ALERTING: 
Have notification level adapted to my scope's criticity","### Expected
* The alerting frequency and destination channels are justified regarding the reality (If your have alerts that nobody looks at, it's counter-productive. On the contrary, you don't wanna miss real incident)
If the SLIs are measured, trigger alert through service level metrics (burnrate, sli/slo).
If my scope is on duty, the metrics also trigger the duty

### Useful link
* [Datadog - How to create monitors](https://decathlon.atlassian.net/wiki/spaces/TECH/pages/192648231/Datadog+-+How+to+create+a+metric-based+Monitor)
* [Datadog - How to notify SMA-X Incident & Pagerduty Alert](https://decathlon.atlassian.net/wiki/spaces/TECH/pages/192645717/Datadog+-+How+to+notify+to+SMAX+Incident+PagerDuty+Alert)

### Example 
* If your application is really critical for the company, then you should have your alerts triggering the duty people
* If your application is not used during the night, you might not need alerting during these timeframes",Keep,#2-EM00-ANLATMSC,TRUE,TRUE,TRUE,TRUE,TRUE,TRUE,FALSE,Reliability,,Proactive Notif,"Proactive failure notification is the practice of generating notifications when monitored values approach known failure thresholds, and not waiting for the system to alert you it has already failed — or worse, to find out from customers that your application or service is down.",Monitoring,"Monitoring is tooling or a technical solution that allows teams to watch and understand the state of their systems. Monitoring is based on gathering predefined sets of metrics or logs.
Observability is tooling or a technical solution that allows teams to actively debug their system. Observability is based on exploring properties and patterns not defined in advance.",,,,,,,,,,,
OPERATION,Event Management,Level 2,A,OBSERVABILITY: Define your crash free user target,"### Why ?
Define a target to reach in order to have a quality goal for the product

### What ?
The crash free user is the percentage of people who use the app without having any crash (on a certain period of time, app version, ...)

### How ?
Define the percentage your product have to reach and make it visible (documentation, wiki, ...). Classical target is 99.9% but can be adapt from where your product start (step by step)",Keep,#1-O000-DYCFUT00,FALSE,TRUE,FALSE,FALSE,FALSE,FALSE,FALSE,Reliability,,Monitoring,"Monitoring is tooling or a technical solution that allows teams to watch and understand the state of their systems. Monitoring is based on gathering predefined sets of metrics or logs.
Observability is tooling or a technical solution that allows teams to actively debug their system. Observability is based on exploring properties and patterns not defined in advance.",,,,,,,,,,,,,
OPERATION,Event Management,Level 2,B,DATA QUALITY : setup basic checks so that data health is monitored,"### What
 Data quality checks are processes that ensure the accuracy, consistency, and reliability of data. 
### Why
 To maintain high data integrity, prevent errors in analysis, and ensure reliable decision-making. 
### How
Implement basic checks such as validation rules, duplication detection, and consistency checks. Use tools like Apache Airflow (or Pandera or Great Expectations) or custom scripts to automate these checks and generate alerts for anomalies.",Delete,#1-CM00-PHPV0000-bf91045a,FALSE,FALSE,FALSE,FALSE,TRUE,FALSE,FALSE,,,Monitoring,"Monitoring is tooling or a technical solution that allows teams to watch and understand the state of their systems. Monitoring is based on gathering predefined sets of metrics or logs.
Observability is tooling or a technical solution that allows teams to actively debug their system. Observability is based on exploring properties and patterns not defined in advance.",Visual Management,Visual management boards can create a shared understanding of where the team is in terms of its operational effectiveness. They can also help identify and remove obstacles in the path to higher performance.,"Ex. Marquez, great expectations, montecarlo.
cf. Data Exhcange? Push SRE? Ok pour ne pas réouvir un nouvea pillier",,,,,,,,,Corentin VASSEUR -CROIX-,
OPERATION,Event Management,Level 2,C,MODEL QUALITY : Setup basic checks so that model health is monitored,"### What
* Model quality checks involve monitoring and evaluating the performance and accuracy of machine learning models. 

### Why
* To ensure models remain effective, accurate, and aligned with business objectives. 

### How
* Establish metrics such as accuracy, precision, recall, and F1 score. Use monitoring tools like MLflow or TensorBoard to track model performance over time. Set up alerts for performance degradation and schedule regular reviews to recalibrate models as needed.
* You can find more information in [this document](https://docs.google.com/document/d/1nBOg_iOrjhe8Q4jEsonXqE5kEKKnv0qybaZ4V_AegNI/edit#heading=h.eagk4g88w5dj)",Delete,#1-EM00-DQCSBCST-da30b878,FALSE,FALSE,FALSE,FALSE,TRUE,FALSE,FALSE,,,Monitoring,"Monitoring is tooling or a technical solution that allows teams to watch and understand the state of their systems. Monitoring is based on gathering predefined sets of metrics or logs.
Observability is tooling or a technical solution that allows teams to actively debug their system. Observability is based on exploring properties and patterns not defined in advance.",Visual Management,Visual management boards can create a shared understanding of where the team is in terms of its operational effectiveness. They can also help identify and remove obstacles in the path to higher performance.,"E.g. Notebooks (e.g. performance but also XAI or bias analysis)
Cf. Data Exhcange? Push SRE?",,,,,,,,,Corentin VASSEUR -CROIX-,
OPERATION,Event Management,Level 3,C,"ALERTING :
Have a documentation (what to do) for each alert","### Expected
* Alerts needs to be documented, so that anyone seeing the alert can work on it, understand, and maybe fix the issue.
* The documentation is linked in the text of the alert

### Example
* [Xmerch-legacy alert process](https://decathlon.atlassian.net/wiki/x/MYJlCw)
* [BCP - Masterprice](https://decathlon.atlassian.net/wiki/spaces/ONESUITE/pages/194972285/Alerts+management+procedure)
* [BCP Onepay](https://docs.google.com/document/d/1VFERU6GjYVffL4tuQxLAW5Xb2S4qQelVjrN7boIxvzk/edit?tab=t.0#heading=h.7hqsmk6sb1c0)
* [Ecomm - Web checkout](https://decathlon.atlassian.net/wiki/spaces/XCOM/pages/265257018/Appli+-+Cart+page+synthetic+alert+DWC)",Change Level,#3-EM00-IADWTDFE,TRUE,TRUE,TRUE,TRUE,TRUE,TRUE,FALSE,Reliability,,Visual Management,Visual management boards can create a shared understanding of where the team is in terms of its operational effectiveness. They can also help identify and remove obstacles in the path to higher performance.,Proactive Notif,"Proactive failure notification is the practice of generating notifications when monitored values approach known failure thresholds, and not waiting for the system to alert you it has already failed — or worse, to find out from customers that your application or service is down.",,,,,,,,,,,
OPERATION,Event Management,Level 3,F,"LOG MANAGEMENT: Log cURL
In debug mode your application is logging all HTTP Calls, with cURL to reproduce","### Expected 
* Ease debug and replay requests
* Provide curl in DEBUG log (ONLY) for each requests

### Example
* By adding a Retrofit interceptor for each requests 
* Log and transform each requests in cUrl format
* A debug version is available into App distribution (Firebase) and people who need it are registered and authorized to use it.
",Delete,#1-LM00-LCILDMYA,FALSE,TRUE,FALSE,FALSE,FALSE,FALSE,FALSE,,,Visual Management,Visual management boards can create a shared understanding of where the team is in terms of its operational effectiveness. They can also help identify and remove obstacles in the path to higher performance.,,,,,,,,,,,,,
OPERATION,Event Management,Level 3,G,"LOG MANAGEMENT: HTTP errors is vulgarized
If your are facing a HTTP error, your application should handle it to avoid unsatisfaction","### Why ?
When user is facing an issue, we display an error code understandable by the user

### What ?
No more error display like ""error 500""

### How ?
*Display ""connexion issue""",Keep,#2-LM00-HEIVYAFA,FALSE,TRUE,FALSE,FALSE,FALSE,FALSE,FALSE,,,Intellectual Stim,Challenges team members to think about old problems in new ways and to rethink some of their basic assumptions about their work; has ideas that force team members to rethink some things that they have never questioned before.,,,,,,,,,,,,,
OPERATION,Event Management,Level 3,H,"LOG MANAGEMENT: (If you are using a BFF) Activate logs on all your servers
it should log all process on a Log manager (ex. CloudWatch)","### Why? 
To be able to retrieve logs and history of the BFF activity, enable easier debugging

### What?
Register the logs of the BFF activity, responses sent, specific internal logs, etc.. Content saved can be adjusted to both enable debugging and limit saving costs.

### How?
It depends of the technical stack used to manage the BFF, please refer to the appropriate tool documentation",Keep,#2-LM00-IYAUABAL,FALSE,TRUE,FALSE,FALSE,FALSE,FALSE,FALSE,Reliability,,Monitoring,"Monitoring is tooling or a technical solution that allows teams to watch and understand the state of their systems. Monitoring is based on gathering predefined sets of metrics or logs.
Observability is tooling or a technical solution that allows teams to actively debug their system. Observability is based on exploring properties and patterns not defined in advance.",,,,,,,,,,,,,
OPERATION,Event Management,Level 3,H,"OBSERVABILITY: Add alerting to your crash monitoring (email, slack, etc..)*","### Why ?
To gain proactivity, be aware of new crash without having to check the dashboard manually and risk to unseen some critic situations

### What ?
You must be alerted when your app crash

### How ?
Depends of you Crash Monitoring tool but it is usually a option to set directly in the tool to be triggered when crashs occurs (ex: new type of crashs + when a crash reach a certain occurence quantity). Alerting can be send on Slack dedicated channel and/or by email
",Keep,#1-O000-AATYCMES,FALSE,TRUE,FALSE,FALSE,FALSE,FALSE,FALSE,Reliability,,Proactive Notif,"Proactive failure notification is the practice of generating notifications when monitored values approach known failure thresholds, and not waiting for the system to alert you it has already failed — or worse, to find out from customers that your application or service is down.",,,,,,,,,,,,,
OPERATION,Event Management,Level 3,A,OBSERVABILITY: Most used APIs have custom URL pattern in Firebase dashboard,"### Why ?
Our apps mostly consume a lot of differents APIs endpoints. When you plug Firebase Performance SDK, it automatically detects the network traffic and extracts some data as the response time, success rate, etc... but Firebase aggregates calls with global pattern and it can make data analysis difficult or even irrelevant. ex: It will aggregate all the endpoints behind the Decathlon Portal API in a single entry point.
You can create custom URL patterns to manage more specifics aggregates and better consume the data extracted. ex: a custom URL pattern that aggregate all you ProductPage's API calls.

### What ?
Be able to observe the behavior of our most used APIs in the Firebase Performance dashboards

### How ?
[Url-Patterns](https://firebase.google.com/docs/perf-mon/custom-url-patterns)",Change Level,#1-O000-MUAHCUPI,FALSE,TRUE,FALSE,FALSE,FALSE,FALSE,FALSE,Reliability,,Monitoring,"Monitoring is tooling or a technical solution that allows teams to watch and understand the state of their systems. Monitoring is based on gathering predefined sets of metrics or logs.
Observability is tooling or a technical solution that allows teams to actively debug their system. Observability is based on exploring properties and patterns not defined in advance.",Visual Management,Visual management boards can create a shared understanding of where the team is in terms of its operational effectiveness. They can also help identify and remove obstacles in the path to higher performance.,,,,,,,,,,,
OPERATION,Event Management,Level 3,A,OBSERVABILITY: Crash free user rate is challenged during rituals - manually,"### Why ?
Share the daily values with the team in order to follow the evolution of the crash free user rate and take actions if needed.

### What ?
The crash free user is the percentage of people who use the app without having any crash (on a certain period of time, app version, ...). After defining the target, the daily values has to be shared with the team regularly

### How ?
Share the values available in the Crash Monitoring tool's dashboard in a ritual of your choice (the one that best suits the organization of the team, ex: the daily). Revelant data to share are the daily rate, the weekly rate, the all-time last version rate, etc..",Keep,#2-O000-CFURICDR,FALSE,TRUE,FALSE,FALSE,FALSE,FALSE,FALSE,Reliability,,Monitoring,"Monitoring is tooling or a technical solution that allows teams to watch and understand the state of their systems. Monitoring is based on gathering predefined sets of metrics or logs.
Observability is tooling or a technical solution that allows teams to actively debug their system. Observability is based on exploring properties and patterns not defined in advance.",Intellectual Stim,Challenges team members to think about old problems in new ways and to rethink some of their basic assumptions about their work; has ideas that force team members to rethink some things that they have never questioned before.,,,,,,,,,,,
OPERATION,Event Management,Level 3,C,DASHBOARDING - Provide an overview of the solution's health,"### What
A Morning Check Dashboard offers a snapshot of key metrics related to the health and performance of an AI solution or IT system. 
 ### Why
To quickly identify issues, ensure system reliability, and make informed decisions at the start of the day. 
### How
Develop a dashboard using tools like Tableau or Databricks Dashboard. Include key performance indicators (KPIs) such as system uptime, error rates, data latency, and user activity. Automate the dashboard to update daily and distribute it to relevant stakeholders each morning.",Delete,#1-EM00-MQCSBCST-070a08f2,FALSE,FALSE,FALSE,FALSE,TRUE,FALSE,FALSE,,,Monitoring,"Monitoring is tooling or a technical solution that allows teams to watch and understand the state of their systems. Monitoring is based on gathering predefined sets of metrics or logs.
Observability is tooling or a technical solution that allows teams to actively debug their system. Observability is based on exploring properties and patterns not defined in advance.",Visual Management,Visual management boards can create a shared understanding of where the team is in terms of its operational effectiveness. They can also help identify and remove obstacles in the path to higher performance.,"Tableau or Databricks dashboard - data/model
Datadog - infra",,,,,,,,,Corentin VASSEUR -CROIX-,
OPERATION,Event Management,Level 3,E,DATA QUALITY - Data health is documented,"### What
Documenting data health involves recording the processes and criteria used to assess data quality, including accuracy, consistency, and completeness. 
### Why
To ensure transparency in data management practices, improve data reliability, and maintain a high standard of data integrity. 
### How
Define quality metrics such as error rates, data freshness, and completeness. Document the methods used to monitor these metrics, using tools like Jupyter Notebooks or internal wikis. Include details about data validation processes, cleaning methods, and anomaly detection techniques.",Delete,#2-EM00-CABDTMRK-97bf467d,FALSE,FALSE,FALSE,FALSE,TRUE,FALSE,FALSE,,,,,,,,,,,,,,,,Corentin VASSEUR -CROIX-,
OPERATION,Event Management,Level 3,F,MODEL QUALITY :  model health is documented,"### What
Model health documentation records the metrics and processes used to evaluate the performance of machine learning models. 
### Why
To ensure models meet performance standards, facilitate troubleshooting, and provide a historical record for model evaluation. 
### How
Define key metrics like accuracy, precision, recall, and AUC-ROC. Document the tools and methods used to assess these metrics, such as MLflow or custom scripts. Include model retraining schedules and thresholds for performance degradation. Store documentation in a centralized location for team access.",Delete,#2-EM00-DQCDHID0-ce6f5639,FALSE,FALSE,FALSE,FALSE,TRUE,FALSE,FALSE,,,,,,,,,,,,,,,,Corentin VASSEUR -CROIX-,
OPERATION,Event Management,Level 3,G,"ALERTING : Threshold are defined so that data, model and system health can be assessed","### What
Alerting involves setting thresholds for key metrics that trigger notifications when crossed, indicating potential issues in data, model, or system health. 
### Why
To proactively identify and resolve issues before they impact performance, ensuring system reliability and data integrity. 
### How
Identify critical metrics for data (e.g., error rates), model (e.g., accuracy), and system (e.g., uptime). Define thresholds for each metric using historical data and industry standards. Implement alerting using tools like Prometheus or CloudWatch, with alerts sent to relevant team members via Slack or email.",Delete,#2-EM00-MQCMHID0-66c6e55e,FALSE,FALSE,FALSE,FALSE,TRUE,FALSE,FALSE,,,Proactive Notif,"Proactive failure notification is the practice of generating notifications when monitored values approach known failure thresholds, and not waiting for the system to alert you it has already failed — or worse, to find out from customers that your application or service is down.",,,"Detailed in a documentation, and implemented through Datadog for example",,,,,,,,,Corentin VASSEUR -CROIX-,
OPERATION,Event Management,Level 4,C,"ALERTING:
Review alerting configuration twice a year","### Expected
* Clean up any useless alert (eg : fixed rootcause)
* Check if the threshold are still relevant (every 6 months + each major change)
* For new incident that may occur again, you need to set up an alert (and associated documentation) to ease the management of the incident
* Alert to incident ratio is measured and challenged

### Useful link
* to create",Keep,#3-EM00-AAATACTM,TRUE,TRUE,TRUE,TRUE,TRUE,TRUE,FALSE,Reliability,,,,,,,,,,,,,,,,
OPERATION,Event Management,Level 4,F,"LOG MANAGEMENT: HTTP errors are named and categorized
","### Why ?
When user is facing an issue, we display an error code understandable by the user + code error ID and Support groups associated 

### What ?
No more error display like ""error 500""


### How ?
Display for internal apps , ""connexion issue - P02 - CS-INSTORE""
Display for external apps , way to contact CRC / or team in charge of support",Keep,#3-EM00-LMHEANAC-5e85e115,FALSE,TRUE,FALSE,FALSE,FALSE,FALSE,FALSE,,,Monitoring,"Monitoring is tooling or a technical solution that allows teams to watch and understand the state of their systems. Monitoring is based on gathering predefined sets of metrics or logs.
Observability is tooling or a technical solution that allows teams to actively debug their system. Observability is based on exploring properties and patterns not defined in advance.",Visual Management,Visual management boards can create a shared understanding of where the team is in terms of its operational effectiveness. They can also help identify and remove obstacles in the path to higher performance.,,,,,,,,,,,
OPERATION,Event Management,Level 4,G,"LOG MANAGEMENT: (If your are using a BFF) Send error detail to the application
If something goes wrong on your BFF, it should send a dedicated message to the app","### Why?
As a BFF is a backend, it should return detailed explanations in case of error to allow the front to understand the issue / fix the usage.

### What?
Every time you have to return an error, add clear explanation in addition to the response code to easily understand what is going wrong.

### How?
Please refer to the backend good practices to manage error responses.",Keep,#4-LM00-IYAUABSE,FALSE,TRUE,FALSE,FALSE,FALSE,FALSE,FALSE,,,Proactive Notif,"Proactive failure notification is the practice of generating notifications when monitored values approach known failure thresholds, and not waiting for the system to alert you it has already failed — or worse, to find out from customers that your application or service is down.",,,,,,,,,,,,,
OPERATION,Event Management,Level 4,D,MODEL QUALITY  : Setup advanced checks so that model health is monitored.,"### What
* Advanced model quality checks involve sophisticated techniques to evaluate machine learning model performance beyond basic metrics. 

### Why
* To gain deeper insights into model behavior, identify potential biases, and ensure robust performance in diverse scenarios. 

### How
* Implement techniques such as cross-validation, feature importance analysis, and bias detection. 
* Use tools like SHAP or LIME for interpretability and fairness checks. 
* Set up monitoring for model drift using platforms like TensorFlow Extended (TFX) or AWS SageMaker. 
* Document findings and actions taken in a centralized repository.",Delete,#3-EM00-MQCSACST-d1d8b5ed,FALSE,FALSE,FALSE,FALSE,TRUE,FALSE,FALSE,,,Monitoring,"Monitoring is tooling or a technical solution that allows teams to watch and understand the state of their systems. Monitoring is based on gathering predefined sets of metrics or logs.
Observability is tooling or a technical solution that allows teams to actively debug their system. Observability is based on exploring properties and patterns not defined in advance.",,,,,,,,,,,,Corentin VASSEUR -CROIX-,
OPERATION,Event Management,Level 4,E,Deployment - Continuous training is set if it is relevant for the use case.,"### Expected
Feedback launches retraining, as aforementioned metrics and thresholds trigger actions",Delete,#3-EM00-DCTISIII-0691834d,FALSE,FALSE,FALSE,FALSE,TRUE,FALSE,FALSE,,,Cust. Feedback,"DORA research shows that teams achieve higher performance when they work in organizations that utilize those capabilities and also do the following:
* Collect customer satisfaction metrics regularly.
* Seek out and attend to customer feedback on product and feature quality.
* Use this feedback to help design products and features.",,,,,,,,,,,,Corentin VASSEUR -CROIX-,
OPERATION,Event Management,Level 5,E,"DEPLOYMENT:
Provide metrics to the deployment pipeline for auto-rollback","### Expected
* You have identified metrics that are exposed and documented, that can be criterias to trigger rollback during a release deployment
* Each time I have degradation of the SLI just after a production deployment, I have an alert
(even if still above target, if the trend is decreasing, we need a quick alerting to detect anomaly linked to deployment)

### Example
* To complete",Keep,#3-EM00-DMTTDPFA,TRUE,TRUE,TRUE,TRUE,TRUE,TRUE,FALSE,Reliability,,Proactive Notif,"Proactive failure notification is the practice of generating notifications when monitored values approach known failure thresholds, and not waiting for the system to alert you it has already failed — or worse, to find out from customers that your application or service is down.",Monitoring,"Monitoring is tooling or a technical solution that allows teams to watch and understand the state of their systems. Monitoring is based on gathering predefined sets of metrics or logs.
Observability is tooling or a technical solution that allows teams to actively debug their system. Observability is based on exploring properties and patterns not defined in advance.",Deployment Automation,Deployment automation is what enables you to deploy your software to testing and production environments with the push of a button. Automation is essential to reduce the risk of production deployments. It’s also essential for providing fast feedback on the quality of your software by allowing teams to do comprehensive testing as soon as possible after changes.,Version Control,"Version control systems like Git, Subversion, and Mercurial provide a logical means to organize files and coordinate their creation, controlled access, updating, and deletion across teams and organizations.",CD,"Continuous delivery is the ability to release changes of all kinds on demand quickly, safely, and sustainably. Teams that practice continuous delivery well are able to release software and make changes to production in a low-risk way at any time—including during normal business hours—without impacting users.",,,,,
OPERATION,Event Management,Level 5,A,OBSERVABILITY: Add integration between crash monitoring tool and ITSM tool  to automatically create ticket ,"### Why ?
Gain time in the ticket creation, be sure to have all the data collected by the crash monitoring tool in the ticket to facilitate the correction
Add integration between crash monitoring tool and ITSM Tool to automatically create ticket 

### What ?
Be able to automatically create ITSM tickets directly from the crash monitoring tool

### How ?
Check the documentation of the crash monitoring tools to plugged ITSM tool ([exemple for Firebase Crashlytics](https://firebase.google.com/docs/crashlytics/velocity-alerts?hl=en#basic-alerts-3p))",Keep,#4-O000-AIBCMTAJ,FALSE,TRUE,FALSE,FALSE,FALSE,FALSE,FALSE,,,Monitoring,"Monitoring is tooling or a technical solution that allows teams to watch and understand the state of their systems. Monitoring is based on gathering predefined sets of metrics or logs.
Observability is tooling or a technical solution that allows teams to actively debug their system. Observability is based on exploring properties and patterns not defined in advance.",Intellectual Stim,Challenges team members to think about old problems in new ways and to rethink some of their basic assumptions about their work; has ideas that force team members to rethink some things that they have never questioned before.,,,,,,,,,,,
OPERATION,Incident Management,Level 1,A,"COMMUNICATION: 
Incident Communication is done in best effort","### Expected
* You're communicating for each major incident to the users you have identified (by any mean: mail, slack, etc)",Delete,#1-IM00-CCIDIBE0,TRUE,TRUE,TRUE,TRUE,TRUE,TRUE,FALSE,,,,,,,,,,,,,,,,,
OPERATION,Incident Management,Level 1,B,"PROCESSING:
Have a consistent way to display a list of incidents on my perimeter","### Expected
* You're creating and listing the incident report in a consistent way (same tool, same format,... ), even if it's not in the corporate incident management tool

### Useful link 
* [SMA-X - Understand Report and Dashboard management - section Create/Update a shared dashboard](https://decathlon.atlassian.net/wiki/spaces/TECH/pages/192629387/SMA-X+Understand+Report+and+Dashboard+management)

### Example
* [COM2U - Wedia Incident Management] (https://docs.google.com/spreadsheets/d/1OwO8mjk7YKpJTuW9nORNeewaimg4-DnMgjFlQvZKvAc/edit?gid=0#gid=0)",Update,#1-IM00-PACWTGAL,TRUE,TRUE,TRUE,TRUE,TRUE,TRUE,FALSE,,,Visual Management,Visual management boards can create a shared understanding of where the team is in terms of its operational effectiveness. They can also help identify and remove obstacles in the path to higher performance.,,,,,,,,,,,,,
OPERATION,Incident Management,Level 2,A,"COMMUNICATION: 
Communication is done with the united tool in a timely manner","### Expected
* Each significative incident is communicated in the united tool
* Each incident is communicated in a relevant delay, according to your activity (< 1 hours for critical incident, ...)

### Useful link
* [Statuspal wiki](https://decathlon.atlassian.net/wiki/x/bYl5Cw)",Change Level,#2-IM00-CCIDWTUT,TRUE,TRUE,TRUE,TRUE,TRUE,TRUE,FALSE,,,Visual Management,Visual management boards can create a shared understanding of where the team is in terms of its operational effectiveness. They can also help identify and remove obstacles in the path to higher performance.,,,,,,,,,,,,,
OPERATION,Incident Management,Level 2,B,"PROCESSING:
All incidents with user impact are logged / managed in the incident database (ITSM Tool)","### Expected
* You're creating and listing each incident in the corporate ITSM tool
* You have define some rules to switch from multiple Support request to a Father Incident for example
* Performing those actions help you to have the full picture of your support activity and take decisions

### Useful link
* [SMA-X incident user guide](https://decathlon.atlassian.net/wiki/x/z6B6Cw)",Update,#2-IM00-PIALITID,TRUE,TRUE,TRUE,TRUE,TRUE,TRUE,FALSE,,,Visual Management,Visual management boards can create a shared understanding of where the team is in terms of its operational effectiveness. They can also help identify and remove obstacles in the path to higher performance.,Cust. Feedback,"DORA research shows that teams achieve higher performance when they work in organizations that utilize those capabilities and also do the following:
* Collect customer satisfaction metrics regularly.
* Seek out and attend to customer feedback on product and feature quality.
* Use this feedback to help design products and features.",,,,,,,,,,,
OPERATION,Incident Management,Level 2,F,"INCIDENTS PROCESS:
Know and apply incidents management process","### Expected
* Your team is compliyng with the process for almost all incidents
* Your team has read and understood the process

### Useful link
* [Operations incident management](https://decathlon.atlassian.net/wiki/x/wggGCw)",Update,#2-IM00-IPIMP000,TRUE,TRUE,TRUE,TRUE,TRUE,TRUE,FALSE,,,,,,,,,,,,,,,,,
OPERATION,Incident Management,Level 3,E,"CRISIS PROCESS:
Know and apply crisis management process","### Expected
* Your team is trained and complying with the process for all crisis

### Useful link
* [Crisis management](https://decathlon.atlassian.net/wiki/spaces/CRIS/pages/184027245)
* [Crisis Cybersecurity Google site](https://sites.google.com/decathlon.com/cyber-crisis-management/crisis-documentation)",Update,#2-IM00-CPCMP000,TRUE,TRUE,TRUE,TRUE,TRUE,TRUE,FALSE,,,,,,,,,,,,,,,,,
OPERATION,Incident Management,Level 3,F,"INCIDENTS PROCESS:
Display and manage MTTR value on delivery Metrics","### Why
* To measure the stability of the product according to ""Accelerate"" framework. One of those Stability measure is ""Mean Time To Recovery"" 

### Expected
* Mean time to repair. This metric give precious informations about stability of the Digital product. 
* Mean time to repair/restore/recovery : How long it takes an organization to recover from a failure in production

### Useful link 
* [OPERATIONS - Mean time to ... (MTTx)](* See detailed explanations in our [wiki page](https://decathlon.atlassian.net/wiki/spaces/ENGINEERING/pages/426383988/OPERATIONS+-+Mean+Time+To+...+MTTx)

* [Link to IDP](https://idp.decathlon.net/)",Update,#2-IM00-IPMASM00-43940aeb,TRUE,TRUE,TRUE,TRUE,TRUE,TRUE,FALSE,Reliability,,Visibility of Work,"Visibility of work represents the extent to which teams have a good understanding of the flow of work from the business all the way through to customers, and whether they have visibility into this flow, including the status of products and features. ",Visual Management,Visual management boards can create a shared understanding of where the team is in terms of its operational effectiveness. They can also help identify and remove obstacles in the path to higher performance.,Personal Recognition,Commends team members when they do a better than average job; acknowledges improvement in quality of team members' work; personally compliments team members when they do outstanding work.,,,,,,,,,
OPERATION,Incident Management,Level 4,E,"CRISIS PROCESS:
Define my own structure / organization in crisis management process","### Expected 
* Your team/project has its own organization, defined and coordinated, and the template is properly filled

### Useful link
* [Crisis management](https://decathlon.atlassian.net/wiki/spaces/CRIS/pages/184027245)
* [Crisis template](https://wiki.decathlon.net/display/CRIS/___CRISIS+-+BU+xxxxx+-+TEMPLATE)

### Example  
* [___CRISIS - DOMAIN In Store & CC solutions](https://decathlon.atlassian.net/wiki/spaces/CRIS/pages/184026797/___CRISIS+-+DOMAIN+In+Store+CC+solutions)",Keep,#3-IM00-CPMOSOIC,TRUE,TRUE,TRUE,TRUE,TRUE,TRUE,FALSE,,,Visual Management,Visual management boards can create a shared understanding of where the team is in terms of its operational effectiveness. They can also help identify and remove obstacles in the path to higher performance.,,,,,,,,,,,,,
OPERATION,Incident Management,Level 4,B,"PROCESSING:
All incidents (including monitoring/observability incident) are logged / managed in the incident database (ITSM Tool)","### Expected
* Alerts are managed by observability tools and when threshold is reached, an incident ticket is generated on ITSM tool (managed recurrencies)

### Useful link
* [Observability Hub documentation](https://decathlon.atlassian.net/wiki/x/poACSQ)",Update,#3-IM00-PIIMIALM-6eaa41fe,TRUE,TRUE,TRUE,TRUE,TRUE,TRUE,FALSE,,,Proactive Notif,"Proactive failure notification is the practice of generating notifications when monitored values approach known failure thresholds, and not waiting for the system to alert you it has already failed — or worse, to find out from customers that your application or service is down.",Monitoring,"Monitoring is tooling or a technical solution that allows teams to watch and understand the state of their systems. Monitoring is based on gathering predefined sets of metrics or logs.
Observability is tooling or a technical solution that allows teams to actively debug their system. Observability is based on exploring properties and patterns not defined in advance.",,,,,,,,,,,
OPERATION,Incident Management,Level 4,F,"INCIDENTS PROCESS:
Manage my activity to reduce the MTTR value","### Why
* To measure the stability of the product according to ""Accelerate"" framework.One of those Stability measure is ""Mean Time To Recovery"" 
* Using metrics provided on Delivery Metrics, I organize my activity to try and identify some key points to reduce global MTTR value

### Expected

* You implemented the measure of your mean time to Detect
* You implemented the measure of your mean time to Restore
* You continuously challenge your processes, in order to reduce them, depending on where you can improve.


### Useful link
* Based on MTTR decomposition (see Wiki page named [OPERATIONS - Mean Time To ... (MTTx)](https://decathlon.atlassian.net/wiki/spaces/ENGINEERING/pages/426383988/OPERATIONS+-+Mean+Time+To+...+MTTx), I am able to identify axis were I can performed optimization and save time 

### Example
* [InStore - Explanations](https://decathlon.atlassian.net/wiki/x/BIMHZ)",Update,#3-IM00-IPMASM00-6c65781e,TRUE,TRUE,TRUE,TRUE,TRUE,TRUE,FALSE,Reliability,,Cust. Feedback,"DORA research shows that teams achieve higher performance when they work in organizations that utilize those capabilities and also do the following:
* Collect customer satisfaction metrics regularly.
* Seek out and attend to customer feedback on product and feature quality.
* Use this feedback to help design products and features.",,,,,,,,,,,,,
OPERATION,Incident Management,Level 4,G,"INCIDENTS PROCESS:
Ease the creation, organization, and closure for the incidents by automation","### Why
* Reduce time spent on administrative tasks (like creating tickets, and communication)
* Reduce MTTR
* Increase Team Clarity
* Guarantee Full Process Adherence

### Example
* [Cross-Domain Incident workflow] (https://decathlon.atlassian.net/wiki/x/CIBtbQ)",New,#3-IM00-IPTCOACF-270f6cc8,TRUE,TRUE,TRUE,TRUE,TRUE,TRUE,FALSE,,,Empowered Teams,,,,,,,,,,,,,,
OPERATION,Incident Management,Level 5,A,"COMMUNICATION:
Communication are done directly in applications / components (communication embedded)","### Expected 
* When possible, your incident communication is done directly via the interface of your tool (pop-up, banners, etc)
* This helps to inform directly your users about an incident when they are using your product

### Example
* [CubeInStore - notifications & Messaging in-app](https://decathlon.atlassian.net/wiki/spaces/XCOM/pages/191204008/Notifications+Messaging+in-app+to+complete)",Change Level,#3-IM00-CADDIACE-86257d69,FALSE,TRUE,TRUE,TRUE,TRUE,FALSE,FALSE,,,Visual Management,Visual management boards can create a shared understanding of where the team is in terms of its operational effectiveness. They can also help identify and remove obstacles in the path to higher performance.,,,,,,,,,,,,,
OPERATION,Incident Management,Level 5,B,"REPORTING:
Follow the evolution of the ratio between the number of alerts and incidents","### Expected
* You measure the ratio (number of alerts / number of incidents), and you are able to challenge the value

### Why
* This can ensure you have a proper level of alerting. Not too many false positive but you're able to detect properly the incidents.

### How
* You may do it manually or with your prefered method. This needs to be challenged on wide timeframe, so no need for automated way for now. (No tool to do it at the moment)
* On Datadog, you can use this menu to access to all metrics about monitor (number of triggered on a specific time period by type and by team,..) Looking for [Monitor Notifications Overview](https://app.datadoghq.eu/dash/integration/monitor_alerts_overview)

### Example
* If my ratio is below 1, it means I have less alerts than incidents, so my alerting might need to be improved
* If my ratio is above 20, it means I have 20 alerts for each incident => This might be improved, too",Change Level,#3-IM00-RTEOTRBT-c8579eeb,TRUE,TRUE,TRUE,TRUE,TRUE,TRUE,FALSE,Reliability,,Visual Management,Visual management boards can create a shared understanding of where the team is in terms of its operational effectiveness. They can also help identify and remove obstacles in the path to higher performance.,Monitoring,"Monitoring is tooling or a technical solution that allows teams to watch and understand the state of their systems. Monitoring is based on gathering predefined sets of metrics or logs.
Observability is tooling or a technical solution that allows teams to actively debug their system. Observability is based on exploring properties and patterns not defined in advance.",,,,,,,,,,,
OPERATION,Knowledge / Continuous Improvement Management,Level 1,A,"SUPPORT PROCEDURES:
Knowledge in my support group is covered by written procedures","### Expected 
* You have written procedures in one or multiple spaces, for some of your common requests/incidents",Keep,#1-KCIM-SPIMSGIC,TRUE,TRUE,TRUE,TRUE,TRUE,TRUE,FALSE,,,Visual Management,Visual management boards can create a shared understanding of where the team is in terms of its operational effectiveness. They can also help identify and remove obstacles in the path to higher performance.,,,,,,,,,,,,,
OPERATION,Knowledge / Continuous Improvement Management,Level 2,B,"ESCALATION DOCUMENTATION:
Identify and document information about support level groups/teams (LU/CC/CP/CS) which are dealing on my activity","### Expected 
* Workflow of known (or usual) support groups you can get tickets from, and you can send tickets to
 You have a documentation that lists the lower support groups that may send you requests/incidents/problem, making your life easier when you need to communicate with them and train them
* You have a mapping between API used and their support group


### Useful link
* [Support mgt interations](https://docs.google.com/presentation/d/1onNXE6qm1PGpn-OGJ_pvi3f52C7t_p2qbWl-qZizQxs/edit#slide=id.g104ef978868_1_8)

### Example
* [X-merch Aggregator Support process](https://decathlon.atlassian.net/wiki/spaces/XCOM/pages/191178112)
* Provide a way to know the API use in the app
* Having documentation mapping API and support group
* Use [Gravity](https://portal-gravitee.decathlon.net/) to know the support group of the API
* [Signeasy Contacts team](https://decathlon.atlassian.net/wiki/spaces/XCOM/pages/191143255/Contacts)",Change Level,#1-SCM0-CDWTMSMT,TRUE,TRUE,TRUE,TRUE,TRUE,TRUE,FALSE,,,Visibility of Work,"Visibility of work represents the extent to which teams have a good understanding of the flow of work from the business all the way through to customers, and whether they have visibility into this flow, including the status of products and features. ",Small Batches,"Working in small batches has many benefits:
* It reduces the time it takes to get feedback on changes, making it easier to triage and remediate problems.
* It increases efficiency and motivation.
* It prevents your organization from succumbing to the sunk-cost fallacy.",,,,,,,,,,,
OPERATION,Knowledge / Continuous Improvement Management,Level 2,A,"SUPPORT PROCEDURES:
Create or link procedures of my support group in the united tool, with a defined template, centralized in a unique folder","### Expected 
* You have written procedures in the official knowledge base, and you used a similar template each time

### Example
* Your procedure are all referenced in Confluence, even if some confluence page are embedding other doc format (like Google Docs)
* [Template SIG OPERATIONS](https://decathlon.atlassian.net/wiki/x/JweXHQ)",Update,#2-KCIM-SPOLPOMS,TRUE,TRUE,TRUE,TRUE,TRUE,TRUE,FALSE,,,,,,,,,,,,,,,,,
OPERATION,Knowledge / Continuous Improvement Management,Level 2,C,"IMPROVEMENT: 
Improve the autonomy of the previous support groups  who are working on my activity (LU/CC/CP/CS), by direct feedbacks loops, or better documentation / procedures","### Expected 
* Based on the list of the support groups you have, you're making sure they have the proper level on informations (+ documentation links) for the requests/incidents they might work on.
* One key KPI for this, could be the autonomy level of a support group regarding support taskson a service, could be checked with [METRI-X](https://lookerstudio.google.com/u/0/reporting/8ebb2d11-cd78-4db9-997a-828e3407fa17/page/9I4fD)

### Useful Link


### Example",Update,#2-KCIM-ITPSGWAW,TRUE,TRUE,TRUE,TRUE,TRUE,TRUE,FALSE,,,Cust. Feedback,"DORA research shows that teams achieve higher performance when they work in organizations that utilize those capabilities and also do the following:
* Collect customer satisfaction metrics regularly.
* Seek out and attend to customer feedback on product and feature quality.
* Use this feedback to help design products and features.",,,,,,,,,,,,,
OPERATION,Knowledge / Continuous Improvement Management,Level 3,B,"ESCALATION DOCUMENTATION:
Provide a diagnostic tree / escalation schema with support groups to transfer to","### Expected 
* Advanced version of previous workflow, with splitting escalations groups by case
* Help to address ticket to the right escalation group

### Example
* [X-merch Legacy support process](https://decathlon.atlassian.net/wiki/spaces/XCOM/pages/191251229/Support+Process+Legacy)
* [Network Zscaler Client connector Diagnostic Resolving Tree](https://decathlon.atlassian.net/wiki/spaces/KDH/pages/196450225/Support+-+Diagnostic+Resolving+Tree+-+Zscaler+Client+Connector)
* [CASHTILL - Escalation Schema CASHTILL](https://decathlon.atlassian.net/wiki/spaces/COMMERCE/pages/248056684/CASHTILL+Escalation+Schema+CASHTILL)
* [WEBPOS - Escalation Schema WEBPOS EU](https://decathlon.atlassian.net/wiki/spaces/KDH/pages/196443377/WebPOS+Escalation+Schema+WebPOS)",Change Level,#3-SCM0-CDESWESA,TRUE,TRUE,TRUE,TRUE,TRUE,TRUE,FALSE,,,Visual Management,Visual management boards can create a shared understanding of where the team is in terms of its operational effectiveness. They can also help identify and remove obstacles in the path to higher performance.,Small Batches,"Working in small batches has many benefits:
* It reduces the time it takes to get feedback on changes, making it easier to triage and remediate problems.
* It increases efficiency and motivation.
* It prevents your organization from succumbing to the sunk-cost fallacy.",,,,,,,,,,,
OPERATION,Knowledge / Continuous Improvement Management,Level 3,C,"IMPROVEMENT: 
Provide an FAQ page or a tool to help end users self-remediate their issues ","### Expected 
* You're providing enough documentation so that your users can solve their issues on their own (when possible), avoiding tickets creation
* In app embedded section about FAQ for example or training courses",Change Level,#3-KCIM-IGMATUTS,TRUE,TRUE,TRUE,TRUE,TRUE,TRUE,FALSE,,,,,,,,,,,,,,,,,
OPERATION,Knowledge / Continuous Improvement Management,Level 4,C,"IMPROVEMENT: 
Have repeated sessions (like reliability committee) to improve autonomy and transfer rate","### Expected 
* Based on training and documented procedure, you're managing improvement sessions with the support groups that help you deal with your activity, like reliability commitee.
* You debrief activity (figures, knowledge, wrong qualification, escalation tree, new feature,...)

### Useful link
* [Reliability commitee (slide 29)](https://docs.google.com/presentation/d/1rLO0t6a4loK8u8WoO7JHgQM2jMN1JLEQTFNmT685teY/edit#slide=id.gf534a5fde1_0_10)",Keep,#3-KCIM-IHRSLRCT,TRUE,TRUE,TRUE,TRUE,TRUE,TRUE,FALSE,,,Cust. Feedback,"DORA research shows that teams achieve higher performance when they work in organizations that utilize those capabilities and also do the following:
* Collect customer satisfaction metrics regularly.
* Seek out and attend to customer feedback on product and feature quality.
* Use this feedback to help design products and features.",,,,,,,,,,,,,
OPERATION,Knowledge / Continuous Improvement Management,Level 5,E,"CATALOG DOCUMENTATION:
Review and update my support/escalation schema & diagnostic tree ","### Expected 
* At least each year and when it's needed, you should verifiy your excalation schema still match your organization, the application you work on, and which you depend (or are a dependance to)",Delete,#4-SCM0-CDAUMSS0,TRUE,TRUE,TRUE,TRUE,TRUE,TRUE,FALSE,,,Visual Management,Visual management boards can create a shared understanding of where the team is in terms of its operational effectiveness. They can also help identify and remove obstacles in the path to higher performance.,Small Batches,"Working in small batches has many benefits:
* It reduces the time it takes to get feedback on changes, making it easier to triage and remediate problems.
* It increases efficiency and motivation.
* It prevents your organization from succumbing to the sunk-cost fallacy.",,,,,,,,,,,
OPERATION,Knowledge / Continuous Improvement Management,Level 5,A,"SUPPORT PROCEDURES:
Review and/or upgrade procedures and escalation schemes at least each year","### Expected 
* All your written procedures, are reviewed (at least) each year to update/move/delete them according to your needs

* Also when it's needed, you should verifiy your excalation schema still match your organization, the application you work on, and which you depend (or are a dependance to)",Update,#4-KCIM-SPAUPALE,TRUE,TRUE,TRUE,TRUE,TRUE,FALSE,FALSE,,,,,,,,,,,,,,,,,
OPERATION,Problem Management,Level 1,A,Place holder: please validate,,Delete,#0-PM00-PHPV0000-bf91045a,TRUE,TRUE,TRUE,TRUE,TRUE,TRUE,FALSE,,,,,,,,,,,,,,,,,
OPERATION,Problem Management,Level 1,B,PROCESSING  Know and apply Problem Management process,"""### Expected
* Your team is compliyng with the process for all problems
* Your team has read and understood the process

### Useful link
* [Problem management process](https://decathlon.atlassian.net/wiki/spaces/ENGINEERING/pages/184957832/OPERATIONS+-+Problem+Management+process)",Change Level,#1-PM00-PKAAPMP0-6ea257ad,TRUE,TRUE,TRUE,TRUE,TRUE,TRUE,FALSE,,,Visibility of Work,"Visibility of work represents the extent to which teams have a good understanding of the flow of work from the business all the way through to customers, and whether they have visibility into this flow, including the status of products and features. ",Cust. Feedback,"DORA research shows that teams achieve higher performance when they work in organizations that utilize those capabilities and also do the following:
* Collect customer satisfaction metrics regularly.
* Seek out and attend to customer feedback on product and feature quality.
* Use this feedback to help design products and features.",,,,,,,,,,,
OPERATION,Problem Management,Level 2,D,"POST-MORTEM:
Debrief major/repetitive incidents through PostMortem and create actions plan","### Expected
* Each major or repetitive incident has a Post mortem, following the United process
* The objective is not to find the culprit or the team responsible, but to confirm the origin of the problem and to take action plans to avoid recurrence.
The action plans can be multiple ( Communication / Monitoring / Alerting / Process modification / Evolution ) and assigned to all skills ( PM / DEV / QA / PE )

### Useful link
* [Post-mortem management](https://decathlon.atlassian.net/wiki/x/EEEGCw)

### Example 
* [PM example in X-merch](https://decathlon.atlassian.net/wiki/x/Zc1lCw)
* [JIRA PM - POSDATA](https://decathlon.atlassian.net/browse/PMORTEM-975)
* [WIKI PM - POSDATA](https://decathlon.atlassian.net/wiki/spaces/COMMERCE/pages/283607473)",Change Level,#3-IM00-PMITPACA,TRUE,TRUE,TRUE,TRUE,TRUE,TRUE,FALSE,Reliability,,Intellectual Stim,Challenges team members to think about old problems in new ways and to rethink some of their basic assumptions about their work; has ideas that force team members to rethink some things that they have never questioned before.,,,,,,,,,,,,,
OPERATION,Problem Management,Level 2,B,PROCESSING : Use a consistent way to list my problem (always same tool),"""### Expected
* Your team is compliyng with the process for all problems
* Your team has read and understood the process

### Useful link
* [Problem management process](https://decathlon.atlassian.net/wiki/spaces/ENGINEERING/pages/184957832/OPERATIONS+-+Problem+Management+process)",Change Level,#2-PM00-UACWTLMP,TRUE,TRUE,TRUE,TRUE,TRUE,TRUE,FALSE,,,Visibility of Work,"Visibility of work represents the extent to which teams have a good understanding of the flow of work from the business all the way through to customers, and whether they have visibility into this flow, including the status of products and features. ",Cust. Feedback,"DORA research shows that teams achieve higher performance when they work in organizations that utilize those capabilities and also do the following:
* Collect customer satisfaction metrics regularly.
* Seek out and attend to customer feedback on product and feature quality.
* Use this feedback to help design products and features.",,,,,,,,,,,
OPERATION,Problem Management,Level 3,C,PROCESSING : Product Backlog (defects) alimented via Problem to define the root cause,"### Expected
* When you identify problems, their analysis and resolution issues are tracked in project management tool (JIRA)

### Useful link 
* [Jira tool](https://decathlon.atlassian.net/jira/projects)",Keep,#2-PM00-PBDAVPTD,TRUE,TRUE,TRUE,TRUE,TRUE,TRUE,FALSE,,,Visual Management,Visual management boards can create a shared understanding of where the team is in terms of its operational effectiveness. They can also help identify and remove obstacles in the path to higher performance.,Cust. Feedback,"DORA research shows that teams achieve higher performance when they work in organizations that utilize those capabilities and also do the following:
* Collect customer satisfaction metrics regularly.
* Seek out and attend to customer feedback on product and feature quality.
* Use this feedback to help design products and features.",,,,,,,,,,,
OPERATION,Problem Management,Level 3,B,PROCESSING : Use ITSM tool to improve Problem Management process,"### Expected 
* You're listing the problems (then the known errors), based on recurring support request or incidents (at least monthly) following the problem management process, using the corporate ITSM tool
* Goal is to provide figures regarding number of occurences of the problem. It helps Product Manager to identify priorities based on real-user's impact
* The aim is also to provide procedures for workarounds for support teams (especially Helpdesk teams)

### Useful link
* [SMA-X Problem workflow creation](https://decathlon.atlassian.net/wiki/spaces/TECH/pages/192649323/SMA-X+Problem+Management+Procedure)

### Examples
* [EPOS X RETAIL PRICES] (https://support.decathlon.net/saw/Problem/220546414/general)
* [MDM] (https://support.decathlon.net/saw/Problem/178775155/general)
* [MEMBER] (https://support.decathlon.net/saw/Problem/166732893/general)",Update,#3-PM00-USITTLAT,TRUE,TRUE,TRUE,TRUE,TRUE,TRUE,FALSE,,,Visual Management,Visual management boards can create a shared understanding of where the team is in terms of its operational effectiveness. They can also help identify and remove obstacles in the path to higher performance.,Cust. Feedback,"DORA research shows that teams achieve higher performance when they work in organizations that utilize those capabilities and also do the following:
* Collect customer satisfaction metrics regularly.
* Seek out and attend to customer feedback on product and feature quality.
* Use this feedback to help design products and features.",,,,,,,,,,,
OPERATION,Problem Management,Level 3,D,"POST-MORTEM:
Follow up of actions plans defined in PostMortem until resolution","### Expected
* All post mortem actions are handled with the proper priority & with the right estimated resolution target (P1/P2/P3)

### Useful link
* [Improving Post-mortem actions resolution - OPERATIONS](https://decathlon.atlassian.net/wiki/spaces/ENGINEERING/pages/546145712/Improving+Post-mortem+actions+resolution+-+OPERATIONS)
* [Post mortem actions deadline/due date - OPERATIONS](https://decathlon.atlassian.net/wiki/spaces/ENGINEERING/pages/545883244/Post+mortem+actions+deadline+due+date+-+OPERATIONS)",Update,#4-PM00-PUOAPDIP-d5a2cfcd,TRUE,TRUE,TRUE,TRUE,TRUE,TRUE,FALSE,Reliability,,Visibility of Work,"Visibility of work represents the extent to which teams have a good understanding of the flow of work from the business all the way through to customers, and whether they have visibility into this flow, including the status of products and features. ",Intellectual Stim,Challenges team members to think about old problems in new ways and to rethink some of their basic assumptions about their work; has ideas that force team members to rethink some things that they have never questioned before.,Personal Recognition,Commends team members when they do a better than average job; acknowledges improvement in quality of team members' work; personally compliments team members when they do outstanding work.,Proactive Notif,"Proactive failure notification is the practice of generating notifications when monitored values approach known failure thresholds, and not waiting for the system to alert you it has already failed — or worse, to find out from customers that your application or service is down.",,,,,,,
OPERATION,Problem Management,Level 4,B,PROCESSING : Product Backlog (defects) is analyzed and definitive solution implemented,"### Expected 
* Thanks to Product Backlog alimented by Problem, you can work on them to find a definitive solution
* Your team provides definitive solutions to eradicates Known errors, after analysing the rootcause(s)
* Indicator to follow could be the number of problem on SMA-X closed or nmber of Jira defects done

### Useful link 
* [Jira tool](https://decathlon.atlassian.net/jira/projects)",Keep,#3-PM00-RAADSI00,TRUE,TRUE,TRUE,TRUE,TRUE,TRUE,FALSE,,,Visibility of Work,"Visibility of work represents the extent to which teams have a good understanding of the flow of work from the business all the way through to customers, and whether they have visibility into this flow, including the status of products and features. ",,,,,,,,,,,,,
OPERATION,Problem Management,Level 4,D,"POST-MORTEM:
Ensure that the action plans are delivered within the related target date, defined during the postmortem debrief","### Expected
* For all the P1 action plans, the action plans are done in the expected schedule",New,#3-PM00-PTTAPADW-80b7dff6,TRUE,TRUE,TRUE,TRUE,TRUE,TRUE,FALSE,Reliability,,Proactive Notif,"Proactive failure notification is the practice of generating notifications when monitored values approach known failure thresholds, and not waiting for the system to alert you it has already failed — or worse, to find out from customers that your application or service is down.",Empowered Teams,"In truly agile teams, what’s written on the story card is a reminder of a conversation between customers and the team. Stories start from the business outcome that they are trying to achieve or the problem they are trying to solve. Teams then decide on what needs to be done, and test whether it will achieve the outcome or solve the problem. Empower teams and allow them to work on new ideas in pursuit of business goals that solve important problems.",Team Experiment,"DORA research identifies three key components to team experimentation that drive software delivery performance:
* The ability to work on new ideas independently, without having to get permission from outside of the team.
* The ability to write and change specifications during development.
* The ability to make changes to stories and specifications without having to get permission from outside of the team.",Vision,"Understands clearly where their team and the organization are going, and where they want the team to be in five years.",,,,,,,
OPERATION,Problem Management,Level 5,C,PROCESSING : Automate or optimize workaround response for those which can be (like low value tasks),"### Expected 
* When your root cause can't be solved quickly, and the human impacts can be high (workload), you'll need to provide automation or quick workaround to fix the data issue/incidents efficiently, or to prevent them to occur

### Example
* Develop an automatic batch used to resend flows to another tool, if a workaround takes more than 15 minutes and is very recurrent",Keep,#4-PM00-AWFTWCBL,TRUE,TRUE,TRUE,TRUE,TRUE,TRUE,FALSE,Reliability,,Test Auto,"Automated testing is a key component of modern software delivery practices. The ability to execute a comprehensive set of unit, integration, and system tests is essential to verify that your app or service behaves as expected, and can be safely deployed to production.",Cust. Feedback,"DORA research shows that teams achieve higher performance when they work in organizations that utilize those capabilities and also do the following:
* Collect customer satisfaction metrics regularly.
* Seek out and attend to customer feedback on product and feature quality.
* Use this feedback to help design products and features.",,,,,,,,,,,
OPERATION,Service Catalog Management,Level 1,B,"CATALOG DOCUMENTATION:
Support my user's requests by any communication channel","### Expected 
* Not much. Level 1 is doing as you can to make people know how to reach you. You are supporting assets in best-effort mode.",Delete,#0-SCM0-CDMURBAC,TRUE,TRUE,TRUE,TRUE,TRUE,TRUE,FALSE,,,Cust. Feedback,"DORA research shows that teams achieve higher performance when they work in organizations that utilize those capabilities and also do the following:
* Collect customer satisfaction metrics regularly.
* Seek out and attend to customer feedback on product and feature quality.
* Use this feedback to help design products and features.",,,,,,,,,,,,,
OPERATION,Service Catalog Management,Level 1,A,"SERVICES:
Implement my Services & support group(s) in the ITSM tool and Document them","### Expected 
* Documentation (list) of your service(s) (in a team/application) & support group(s) and their purpose, explaining the aim of each
* Reality in the ITSM tool needs to fit what's documented 
* This is required if you want to track activities in the ITSM tool and get metrics on daily support Service / Team workload

### Useful link 
* [Offering to create service/categories](https://support.decathlon.net/saw/ess/offeringPage/54967576)
* [Offering to create support group](https://support.decathlon.net/saw/ess/offeringPage/57600902)


### Example
* [Network Services/ Categories](https://decathlon.atlassian.net/wiki/x/jdh8Cw)",Change Level,#1-SCM0-SMSACIN0,TRUE,TRUE,TRUE,TRUE,TRUE,TRUE,FALSE,,,Cust. Feedback,"DORA research shows that teams achieve higher performance when they work in organizations that utilize those capabilities and also do the following:
* Collect customer satisfaction metrics regularly.
* Seek out and attend to customer feedback on product and feature quality.
* Use this feedback to help design products and features.",Visual Management,Visual management boards can create a shared understanding of where the team is in terms of its operational effectiveness. They can also help identify and remove obstacles in the path to higher performance.,,,,,,,,,,,
OPERATION,Service Catalog Management,Level 2,C,"SERVICES:
Follow and visit the cost infrastructure dashboards provide by FinOps teams.","### Expected
* Cost infrastructure dashboards are tools used to monitor and manage financial data related to cloud resources.
* To optimize costs, ensure efficient resource allocation, maintain financial accountability, and support strategic planning. 

### Usefull link
* Access the dashboards through the provided Tableau link: Tableau Dashboard. 
* Analyze key metrics such as resource usage, cost trends, and budget variances to identify areas for improvement.
[LINK](https://prod-uk-a.online.tableau.com/#/site/dktunited/views/BillingReport/BillingReport?:iid=1)",Delete,#1-SCM0-SAVTCIDP-1c54f64b,FALSE,FALSE,FALSE,FALSE,TRUE,TRUE,FALSE,,,Monitoring,"Monitoring is tooling or a technical solution that allows teams to watch and understand the state of their systems. Monitoring is based on gathering predefined sets of metrics or logs.
Observability is tooling or a technical solution that allows teams to actively debug their system. Observability is based on exploring properties and patterns not defined in advance.",Visual Management,Visual management boards can create a shared understanding of where the team is in terms of its operational effectiveness. They can also help identify and remove obstacles in the path to higher performance.,Prod Feedback,"Monitoring is the process of collecting, analyzing, and using information to track applications and infrastructure in order to guide business decisions. Monitoring is a key capability because it gives you insight into your systems and your work. Properly implemented, monitoring also gives you rapid feedback so that you can quickly find and fix problems early in the software development lifecycle.",,,,,,-> Bouger côté infra l'année prochaine(errorbudget),,Corentin VASSEUR -CROIX-,Gilles DI GUGLIELMO -PARIS-
OPERATION,Service Catalog Management,Level 2,A,"SERVICES:
Implement categories / sub-categories in the ITSM tool(s)","### Expected 
* Reality in the ITSM tool needs to fit what's documented 
* This step will help team to identify typology of tickets solved and is really usefull to take decision , identify topic to deal with and reduce volume of tickets 

### Useful link
* [Offering to create service/categories](https://support.decathlon.net/saw/ess/offeringPage/54967576)

### Example
* [Network Services/ Categories](https://decathlon.atlassian.net/wiki/x/jdh8Cw)
* [CASHTILL - Windows for CC](https://decathlon.atlassian.net/wiki/spaces/KDH/pages/568659871/CASHTILL+CASHTILL+WINDOWS+FOR+CC)
* [CUBEINSTORE (CIS)](https://decathlon.atlassian.net/wiki/spaces/KDH/pages/307757057/CUBEINSTORE+CIS#SMA-X-%3A-Services-%26-Categories)",Change Level,#2-SCM0-STSACITI,TRUE,TRUE,TRUE,TRUE,TRUE,TRUE,FALSE,,,Visual Management,Visual management boards can create a shared understanding of where the team is in terms of its operational effectiveness. They can also help identify and remove obstacles in the path to higher performance.,Cust. Feedback,"DORA research shows that teams achieve higher performance when they work in organizations that utilize those capabilities and also do the following:
* Collect customer satisfaction metrics regularly.
* Seek out and attend to customer feedback on product and feature quality.
* Use this feedback to help design products and features.",,,,,,,,,,,
OPERATION,Service Catalog Management,Level 3,A,"SERVICES: Perform a review of my services, categories / sub-categories, and support group(s)","### Expected 
* At least each year and when it's needed, you should verifiy your services/categories/support group(s) are still relevant according to your organisation/application/support management
* Review services, categories/sub-categories, support group(s) metadatas on ITSM tool (owning group, owner,etc..)
* Regarding specific topic of services and categories ==> teams should analyzed this and try to get as less as possible of ""uncategorized"" resolved tickets",Change Level,#3-SCM0-SAUMSACI,TRUE,TRUE,TRUE,TRUE,TRUE,TRUE,FALSE,,,Visual Management,Visual management boards can create a shared understanding of where the team is in terms of its operational effectiveness. They can also help identify and remove obstacles in the path to higher performance.,Cust. Feedback,"DORA research shows that teams achieve higher performance when they work in organizations that utilize those capabilities and also do the following:
* Collect customer satisfaction metrics regularly.
* Seek out and attend to customer feedback on product and feature quality.
* Use this feedback to help design products and features.",,,,,,,,,,,
OPERATION,Service Catalog Management,Level 3,D,"DOCUMENTATION: 
Define and document the Diagram of responsabilities (e.g. data, ml, infra, api).","### What
A Diagram of Responsibilities outlines the roles and responsibilities within an AI or IT project, covering areas like data management, machine learning (ML), infrastructure, and APIs. 
### Why
Clarifies team roles, enhances collaboration, reduces duplication of effort, and ensures accountability across different functions. 
### How
Create a visual diagram using tools. Define responsibilities for each team (e.g., Data team handles data quality, ML team manages model development, Infra team oversees server maintenance, API team develops endpoints). Document this in a shared location for easy access by all stakeholders.",Delete,#2-SCM0-DDADTDOR-99f4eef7,FALSE,FALSE,FALSE,FALSE,TRUE,FALSE,FALSE,,,,,,,,,,,,,,,,Corentin VASSEUR -CROIX-,
OPERATION,Service Catalog Management,Level 4,B,"CATALOG DOCUMENTATION:
Have a service catalog page","### Expected 
* Have a page that documents all your services, with at least the name and a description, and as bonus the criticality, the support SLA, the planned availability/reliabiity, and the support processes associated

### Example 
* [CubeInStore (CIS) - Helpdesk Knowledge Page](https://decathlon.atlassian.net/wiki/spaces/KDH/pages/307757057/CUBEINSTORE+CIS)
* [Helpdesk - WIKI : Template page (META KT) (2024)](https://decathlon.atlassian.net/wiki/spaces/KDH/pages/292094014/WIKI+Template+page+META+KT+2024)

",Keep,#3-SCM0-CDASC000,TRUE,TRUE,TRUE,TRUE,FALSE,TRUE,FALSE,,,Visual Management,Visual management boards can create a shared understanding of where the team is in terms of its operational effectiveness. They can also help identify and remove obstacles in the path to higher performance.,Cust. Feedback,"DORA research shows that teams achieve higher performance when they work in organizations that utilize those capabilities and also do the following:
* Collect customer satisfaction metrics regularly.
* Seek out and attend to customer feedback on product and feature quality.
* Use this feedback to help design products and features.",,,,,,,,,,,
OPERATION,Service Level Management,Level 1,A,Place holder: please validate,,Delete,#0-SLM0-PPV00000-de977cbb,TRUE,TRUE,TRUE,TRUE,TRUE,TRUE,FALSE,Reliability,,,,,,,,,,,,,,,,
OPERATION,Service Level Management,Level 1,C,"SUPPORT SERVICE LEVEL:
Define priorities (across incidents,requests, problems, changes)","### Expected 
* Documentation on priorities and support organisation according to it
* You've documented that fact that major incidents are prioritized before major requests, then problems, then minor incidents, then changes

### Example
* [Cloud Services CPE India](https://decathlon.atlassian.net/wiki/spaces/CSTI/pages/200098655/2.+Priority+Levels)
* [Value Chain - SAP PO - Support Prioritization](https://decathlon.atlassian.net/wiki/spaces/VALUECHAINTECH/pages/628326491/Support+Prioritization)",Change Level,#2-SLM0-SSLPAIPC,TRUE,TRUE,TRUE,TRUE,FALSE,TRUE,FALSE,,,Visibility of Work,"Visibility of work represents the extent to which teams have a good understanding of the flow of work from the business all the way through to customers, and whether they have visibility into this flow, including the status of products and features. ",,,,,,,,,,,,,
OPERATION,Service Level Management,Level 2,G,"CRITICALITY:
Document the criticality of my product and its different functions with my users #SLA","### Expected 
* You should define the criticality based on your expected resolution time (SLA) for major incident in accordance with your users
* Mention if it's in a Tier1 user journey
* Have identifed the Critical User Journey (CUJ) that depends on my application. If Tier1, there are on a CUJ of Decathlon
* Ensure that the criticity of my service in SMA-X is correct compared to its tiering in IDP

### Example 
* ",Update,#1-SLM0-CTCOMAAI,TRUE,TRUE,TRUE,TRUE,FALSE,TRUE,FALSE,Reliability,,Visual Management,Visual management boards can create a shared understanding of where the team is in terms of its operational effectiveness. They can also help identify and remove obstacles in the path to higher performance.,,,,,,,,,,,,,
OPERATION,Service Level Management,Level 2,B,"SUPPORT SERVICE LEVEL:
Define my activity's dashboard(s) in order to animate the requests and incidents","### Expected 
* You have a dashboard to see your current services status (open Requests/Incidents, etc) that allows you to see your work

### Useful link
* [SMA-X - Understand Report and Dashboard management](https://decathlon.atlassian.net/wiki/x/i0p7Cw)
* [Second life example - How to find my current requests] (https://decathlon.atlassian.net/wiki/x/ap7UCw)",Keep,#1-SLM0-SSLMADOI,TRUE,TRUE,TRUE,TRUE,TRUE,TRUE,FALSE,,,Visual Management,Visual management boards can create a shared understanding of where the team is in terms of its operational effectiveness. They can also help identify and remove obstacles in the path to higher performance.,Cust. Feedback,"DORA research shows that teams achieve higher performance when they work in organizations that utilize those capabilities and also do the following:
* Collect customer satisfaction metrics regularly.
* Seek out and attend to customer feedback on product and feature quality.
* Use this feedback to help design products and features.",,,,,,,,,,,
OPERATION,Service Level Management,Level 2,D,"RELIABLITY:
Document SLI/SLO of my application","### Expected 
* The SLI(s) definitions of your application (or the user journey you contribute to) are published on a documented page
* Using the tool of your choice, you manually measure your SLI on the largest timeframe you decided (usually 28 days, but can be more), and you share the result with your team

### Useful link
* [SLI/SLO Definition Template](https://decathlon.atlassian.net/wiki/x/IxQGCw)

### Example
* [Second life example](https://decathlon.atlassian.net/wiki/x/w_rUCw)
* [Xmerch example](https://decathlon.atlassian.net/wiki/x/N0dlCw)
* [Retail-Pirces](https://decathlon.atlassian.net/wiki/spaces/XCOM/pages/191201919/6+-+SLI+SLO+definition)",Keep,#2-SLM0-RMSODR00,TRUE,TRUE,TRUE,TRUE,TRUE,TRUE,FALSE,Reliability,,Visual Management,Visual management boards can create a shared understanding of where the team is in terms of its operational effectiveness. They can also help identify and remove obstacles in the path to higher performance.,Vision,"Understands clearly where their team and the organization are going, and where they want the team to be in five years.",Prod Feedback,"Monitoring is the process of collecting, analyzing, and using information to track applications and infrastructure in order to guide business decisions. Monitoring is a key capability because it gives you insight into your systems and your work. Properly implemented, monitoring also gives you rapid feedback so that you can quickly find and fix problems early in the software development lifecycle.",,,,,,,,,
OPERATION,Service Level Management,Level 3,C,"SUPPORT SERVICE LEVEL:
Ensure the Service Level Management (SLA) of my product","### Expected 
* The SLA is respected for the service I provide
* Based on my team objectives, I improve my SLA and work to comply with it


### Useful link
*[[SMA-X] Understand SLA/OLA : Targets/Agreements](https://decathlon.atlassian.net/wiki/spaces/TECH/pages/192601189/SMA-X+Understand+SLA+OLA+Targets+Agreements)
* [METRI-X Dashboard](https://lookerstudio.google.com/u/0/reporting/8ebb2d11-cd78-4db9-997a-828e3407fa17)

### Exemple : 
* Challenge support group that manage requests on my service
* Involve and train level 1 and 2 teams 
* Provide escalation schema to help them to better understand issues """,Update,#2-SLM0-SSLTSMSO,TRUE,TRUE,TRUE,TRUE,TRUE,TRUE,FALSE,,,Visual Management,Visual management boards can create a shared understanding of where the team is in terms of its operational effectiveness. They can also help identify and remove obstacles in the path to higher performance.,Cust. Feedback,"DORA research shows that teams achieve higher performance when they work in organizations that utilize those capabilities and also do the following:
* Collect customer satisfaction metrics regularly.
* Seek out and attend to customer feedback on product and feature quality.
* Use this feedback to help design products and features.",Visibility of Work,"Visibility of work represents the extent to which teams have a good understanding of the flow of work from the business all the way through to customers, and whether they have visibility into this flow, including the status of products and features. ",,,,,,,,,
OPERATION,Service Level Management,Level 3,B,"SUPPORT SERVICE LEVEL :
I debrief and manage my support activity (across incidents,requests, problems, changes)","### Expected
* You have a dashboard to follow your ""basic"" KPIs (cf common kpis)

### Useful link
* [SMA-X Dashboard management](https://decathlon.atlassian.net/wiki/x/i0p7Cw)
* [Common KPIs](https://docs.google.com/presentation/d/1rLO0t6a4loK8u8WoO7JHgQM2jMN1JLEQTFNmT685teY/edit#slide=id.gf2e0f7f06d_0_64)
* [METRI-X Dashboard](https://lookerstudio.google.com/u/0/reporting/8ebb2d11-cd78-4db9-997a-828e3407fa17/page/9I4fD)",Keep,#2-SLM0-SSLIDAMM-617afd39,TRUE,TRUE,TRUE,TRUE,TRUE,TRUE,FALSE,,,Visual Management,Visual management boards can create a shared understanding of where the team is in terms of its operational effectiveness. They can also help identify and remove obstacles in the path to higher performance.,Cust. Feedback,"DORA research shows that teams achieve higher performance when they work in organizations that utilize those capabilities and also do the following:
* Collect customer satisfaction metrics regularly.
* Seek out and attend to customer feedback on product and feature quality.
* Use this feedback to help design products and features.",,,,,,,,,,,
OPERATION,Service Level Management,Level 3,E,"RELIABLITY:
SLI/SLO are measured automatically on my various relevant timeframes","### Expected 
* Using the tool of your choice, the SLIs (on multiple timeframe, usually 1h/12h/7d/28d) are measured and available for your team (Dashboard, savedquery, etc)
* SLO are deployed in corporate tools : SLO Generator or official corporate Monitoring tools
* Measure SLO via APIM if you expose an API via APIM",Keep,#2-SLM0-RAMAOMVR-8f552dc0,TRUE,TRUE,TRUE,TRUE,TRUE,TRUE,FALSE,Reliability,,Visual Management,Visual management boards can create a shared understanding of where the team is in terms of its operational effectiveness. They can also help identify and remove obstacles in the path to higher performance.,Monitoring,"Monitoring is tooling or a technical solution that allows teams to watch and understand the state of their systems. Monitoring is based on gathering predefined sets of metrics or logs.
Observability is tooling or a technical solution that allows teams to actively debug their system. Observability is based on exploring properties and patterns not defined in advance.",Prod Feedback,"Monitoring is the process of collecting, analyzing, and using information to track applications and infrastructure in order to guide business decisions. Monitoring is a key capability because it gives you insight into your systems and your work. Properly implemented, monitoring also gives you rapid feedback so that you can quickly find and fix problems early in the software development lifecycle.",Vision,"Understands clearly where their team and the organization are going, and where they want the team to be in five years.",Proactive Notif,"Proactive failure notification is the practice of generating notifications when monitored values approach known failure thresholds, and not waiting for the system to alert you it has already failed — or worse, to find out from customers that your application or service is down.",,,,,
OPERATION,Service Level Management,Level 3,D,"RELIABLITY:
Measure and share to stakeholders SLI/SLO of my application, on each period defined","### Expected 
* The SLI(s) (measures) of your application are automatically measured on several timeframs (eg : 1h / 12h / 7d / 28d)
* They are pushed to corporate tools (Datadog, Splunk, Solarwinds)
* They are published (at least for the largest timeframe, eg : ""Last 28 days""), visible by the many
* If they belong to a Decathlon CUJ, they are configured in SLO Generator
* SLO are pushed to IDP metrics and Reliability Compliance score is available on Product view

### Useful link
* [SLI/SLO Definition Template](https://decathlon.atlassian.net/wiki/spaces/ENGINEERING/pages/184947747)
* [SLO Generator documentation](https://decathlon.atlassian.net/wiki/spaces/TO/pages/432014010/Steps+of+Implementation+SLO+Generator)

### Example
* [Cube example (see ""Measures"")](https://decathlon.atlassian.net/wiki/spaces/XCOM/pages/191208335)
* [BCP - OFFER SLISLO 28 DAYS](https://servicelevel-monitoring.decathlon.net/d/xSvIpqa7k/dcp-offer-slislo-28-days?orgId=1)",Update,#3-SLM0-RAPSOMA0,TRUE,TRUE,TRUE,TRUE,TRUE,TRUE,FALSE,Reliability,,Visual Management,Visual management boards can create a shared understanding of where the team is in terms of its operational effectiveness. They can also help identify and remove obstacles in the path to higher performance.,Monitoring,"Monitoring is tooling or a technical solution that allows teams to watch and understand the state of their systems. Monitoring is based on gathering predefined sets of metrics or logs.
Observability is tooling or a technical solution that allows teams to actively debug their system. Observability is based on exploring properties and patterns not defined in advance.",Prod Feedback,"Monitoring is the process of collecting, analyzing, and using information to track applications and infrastructure in order to guide business decisions. Monitoring is a key capability because it gives you insight into your systems and your work. Properly implemented, monitoring also gives you rapid feedback so that you can quickly find and fix problems early in the software development lifecycle.",Vision,"Understands clearly where their team and the organization are going, and where they want the team to be in five years.",Proactive Notif,"Proactive failure notification is the practice of generating notifications when monitored values approach known failure thresholds, and not waiting for the system to alert you it has already failed — or worse, to find out from customers that your application or service is down.",,,,,
OPERATION,Service Level Management,Level 4,E,"RELIABILITY:
SLO targets are relevant depending on the Decathlon CUJ (Critical User Journey) I belong","### Expected 
* My SLOs are discussed and aligned with the chain of applications on the CUJ (Critical User Journey) 

### Useful link
* [List of Decathlon CUJ and applications](xxx)
",Keep,#3-SLM0-RTARDOTD-e20832f3,TRUE,TRUE,TRUE,TRUE,TRUE,TRUE,FALSE,Reliability,,Visual Management,Visual management boards can create a shared understanding of where the team is in terms of its operational effectiveness. They can also help identify and remove obstacles in the path to higher performance.,Monitoring,"Monitoring is tooling or a technical solution that allows teams to watch and understand the state of their systems. Monitoring is based on gathering predefined sets of metrics or logs.
Observability is tooling or a technical solution that allows teams to actively debug their system. Observability is based on exploring properties and patterns not defined in advance.",Prod Feedback,"Monitoring is the process of collecting, analyzing, and using information to track applications and infrastructure in order to guide business decisions. Monitoring is a key capability because it gives you insight into your systems and your work. Properly implemented, monitoring also gives you rapid feedback so that you can quickly find and fix problems early in the software development lifecycle.",Vision,"Understands clearly where their team and the organization are going, and where they want the team to be in five years.",Proactive Notif,"Proactive failure notification is the practice of generating notifications when monitored values approach known failure thresholds, and not waiting for the system to alert you it has already failed — or worse, to find out from customers that your application or service is down.",,,,,
OPERATION,Service Level Management,Level 4,D,"RELIABLITY:
Reliability Compliance score is configured","### Expected 
* The SLI(s) are declared in Delivery metrics to get the Reliability Compliance score calculation

### Useful link
* [Score explanation](https://decathlon.atlassian.net/wiki/spaces/TO/pages/476972975/Reliability+Score+-+DORA+metrics)

### Example
* [Onepay v2 in Delivery metrics (Go to Reliability > Reliability compliance](https://delivery-metrics.decathlon.net/scope/benchmark?uuid=5bba9f89-575b-4da1-b00f-aa43a476b55d)",Delete,#3-SLM0-RCSIC000-6df20f5b,TRUE,TRUE,TRUE,TRUE,TRUE,TRUE,FALSE,Reliability,,Visual Management,Visual management boards can create a shared understanding of where the team is in terms of its operational effectiveness. They can also help identify and remove obstacles in the path to higher performance.,Monitoring,"Monitoring is tooling or a technical solution that allows teams to watch and understand the state of their systems. Monitoring is based on gathering predefined sets of metrics or logs.
Observability is tooling or a technical solution that allows teams to actively debug their system. Observability is based on exploring properties and patterns not defined in advance.",Prod Feedback,"Monitoring is the process of collecting, analyzing, and using information to track applications and infrastructure in order to guide business decisions. Monitoring is a key capability because it gives you insight into your systems and your work. Properly implemented, monitoring also gives you rapid feedback so that you can quickly find and fix problems early in the software development lifecycle.",Vision,"Understands clearly where their team and the organization are going, and where they want the team to be in five years.",Proactive Notif,"Proactive failure notification is the practice of generating notifications when monitored values approach known failure thresholds, and not waiting for the system to alert you it has already failed — or worse, to find out from customers that your application or service is down.",,,,,
OPERATION,Service Level Management,Level 4,F,"RELIABLITY:
Document the Error Budget Policy of my application","### Expected 
* The Error budget policy for multiple timeframes are documented
* It is recommended (but not mandatory) that the error budget policy for the 28d timeframe has a partial or total freeze impact on your feature releases

### Useful link
* [Error Budget Policy](https://decathlon.atlassian.net/wiki/x/Us4GCw)

### Example
* [NFS example](https://decathlon.atlassian.net/wiki/x/v2JlCw)",Update,#3-SLM0-RTEBPOMA,TRUE,TRUE,TRUE,TRUE,TRUE,TRUE,FALSE,Reliability,,Visual Management,Visual management boards can create a shared understanding of where the team is in terms of its operational effectiveness. They can also help identify and remove obstacles in the path to higher performance.,Monitoring,"Monitoring is tooling or a technical solution that allows teams to watch and understand the state of their systems. Monitoring is based on gathering predefined sets of metrics or logs.
Observability is tooling or a technical solution that allows teams to actively debug their system. Observability is based on exploring properties and patterns not defined in advance.",Prod Feedback,"Monitoring is the process of collecting, analyzing, and using information to track applications and infrastructure in order to guide business decisions. Monitoring is a key capability because it gives you insight into your systems and your work. Properly implemented, monitoring also gives you rapid feedback so that you can quickly find and fix problems early in the software development lifecycle.",Vision,"Understands clearly where their team and the organization are going, and where they want the team to be in five years.",Proactive Notif,"Proactive failure notification is the practice of generating notifications when monitored values approach known failure thresholds, and not waiting for the system to alert you it has already failed — or worse, to find out from customers that your application or service is down.",,,,,
OPERATION,Service Level Management,Level 4,B,"SUPPORT SERVICE LEVEL:
Based on activity analysis, I took concrete mid / long term actions","### Expected 
* Have a monthly commitee to analyse the activity of past period, categorizing the incidents/requests/problems to take decisions
* Major objectives are to reduce amount of requests and try to automate as much as possible low value tasks, review of autonomy level is also something important

### Useful link : 
* [METRI-X Dashboard](https://lookerstudio.google.com/u/0/reporting/8ebb2d11-cd78-4db9-997a-828e3407fa17/page/9I4fD)",Update,#4-SLM0-SSLDAATI,TRUE,TRUE,TRUE,TRUE,TRUE,TRUE,FALSE,,,Visual Management,Visual management boards can create a shared understanding of where the team is in terms of its operational effectiveness. They can also help identify and remove obstacles in the path to higher performance.,Cust. Feedback,"DORA research shows that teams achieve higher performance when they work in organizations that utilize those capabilities and also do the following:
* Collect customer satisfaction metrics regularly.
* Seek out and attend to customer feedback on product and feature quality.
* Use this feedback to help design products and features.",,,,,,,,,,,
OPERATION,Service Level Management,Level 5,E,"RELIABLITY:
Regularly review the SLI and SLO (values and measure)","### Expected 
* Depending on your measure timeframe, but at least every quarter, make sure the measure is still relevant or update it accordingly. 
* Make sure your objective is still relevant or update it accordingly
* Also, following your timeframes, use your measures to prioritize your work (features vs reliability).",Keep,#4-SLM0-RDAATSAS,TRUE,TRUE,TRUE,TRUE,TRUE,TRUE,FALSE,Reliability,,Visual Management,Visual management boards can create a shared understanding of where the team is in terms of its operational effectiveness. They can also help identify and remove obstacles in the path to higher performance.,Monitoring,"Monitoring is tooling or a technical solution that allows teams to watch and understand the state of their systems. Monitoring is based on gathering predefined sets of metrics or logs.
Observability is tooling or a technical solution that allows teams to actively debug their system. Observability is based on exploring properties and patterns not defined in advance.",Prod Feedback,"Monitoring is the process of collecting, analyzing, and using information to track applications and infrastructure in order to guide business decisions. Monitoring is a key capability because it gives you insight into your systems and your work. Properly implemented, monitoring also gives you rapid feedback so that you can quickly find and fix problems early in the software development lifecycle.",Vision,"Understands clearly where their team and the organization are going, and where they want the team to be in five years.",Proactive Notif,"Proactive failure notification is the practice of generating notifications when monitored values approach known failure thresholds, and not waiting for the system to alert you it has already failed — or worse, to find out from customers that your application or service is down.",,,,,
OPERATION,Service Level Management,Level 5,F,"RELIABLITY:
Error budget policy is respected for each breach","### Expected 
* Each time the SLO is not matched, you're applying the policy linked to the timeframe
* If you're in a Tier1 CUJ (Critical User Journey) , the budget policy of the CUJ is applied

### Example : 
* [Second Life - budget error policy](https://decathlon.atlassian.net/wiki/spaces/SECONDHAND/pages/891289732/5.+Budget+error+policy)
* [DWC Error budget policy](https://decathlon.atlassian.net/wiki/spaces/XCOM/pages/413925634/Error+budget+policy+DWC)",Update,#4-SLM0-RBPIRFEB,TRUE,TRUE,TRUE,TRUE,TRUE,TRUE,FALSE,Reliability,,Visual Management,Visual management boards can create a shared understanding of where the team is in terms of its operational effectiveness. They can also help identify and remove obstacles in the path to higher performance.,Monitoring,"Monitoring is tooling or a technical solution that allows teams to watch and understand the state of their systems. Monitoring is based on gathering predefined sets of metrics or logs.
Observability is tooling or a technical solution that allows teams to actively debug their system. Observability is based on exploring properties and patterns not defined in advance.",Prod Feedback,"Monitoring is the process of collecting, analyzing, and using information to track applications and infrastructure in order to guide business decisions. Monitoring is a key capability because it gives you insight into your systems and your work. Properly implemented, monitoring also gives you rapid feedback so that you can quickly find and fix problems early in the software development lifecycle.",Vision,"Understands clearly where their team and the organization are going, and where they want the team to be in five years.",Proactive Notif,"Proactive failure notification is the practice of generating notifications when monitored values approach known failure thresholds, and not waiting for the system to alert you it has already failed — or worse, to find out from customers that your application or service is down.",,,,,
OPERATION,Service Level Management,Level 5,F,"RELIABLITY:
28d Error budget policy breaches can stop / slow down feature launch","### Expected 
* In your error budget policy, you have a policy that will provoke a change in the product prioritization, including more realiability
* If you're in a Tier1 CUJ (Critical User Journey) , the budget policy of the CUJ is applied

### Example
* [DWC Error budget policy](https://decathlon.atlassian.net/wiki/spaces/XCOM/pages/413925634/Error+budget+policy+DWC)",Delete,#4-SLM0-REBPBCSS-18dbf421,TRUE,TRUE,TRUE,TRUE,TRUE,TRUE,FALSE,Reliability,,Visual Management,Visual management boards can create a shared understanding of where the team is in terms of its operational effectiveness. They can also help identify and remove obstacles in the path to higher performance.,Monitoring,"Monitoring is tooling or a technical solution that allows teams to watch and understand the state of their systems. Monitoring is based on gathering predefined sets of metrics or logs.
Observability is tooling or a technical solution that allows teams to actively debug their system. Observability is based on exploring properties and patterns not defined in advance.",Prod Feedback,"Monitoring is the process of collecting, analyzing, and using information to track applications and infrastructure in order to guide business decisions. Monitoring is a key capability because it gives you insight into your systems and your work. Properly implemented, monitoring also gives you rapid feedback so that you can quickly find and fix problems early in the software development lifecycle.",Vision,"Understands clearly where their team and the organization are going, and where they want the team to be in five years.",Proactive Notif,"Proactive failure notification is the practice of generating notifications when monitored values approach known failure thresholds, and not waiting for the system to alert you it has already failed — or worse, to find out from customers that your application or service is down.",,,,,
OPERATION,Service Request Management,Level 1,C,"PRIORITIZATION: Be able to get requests by any mean (mail, slack, etc), and handle them without SLA","### Expected 
* No concrete organization for request management, work in best effort, without concrete prioritization method. You handle user requests by any channel",Delete,#0-SRM0-BATGRBAM,TRUE,TRUE,TRUE,TRUE,TRUE,TRUE,FALSE,,,Cust. Feedback,"DORA research shows that teams achieve higher performance when they work in organizations that utilize those capabilities and also do the following:
* Collect customer satisfaction metrics regularly.
* Seek out and attend to customer feedback on product and feature quality.
* Use this feedback to help design products and features.",,,,,,,,,,,,,
OPERATION,Service Request Management,Level 1,A,"OFFERING:
Have a consistent way to display a list of requests on my perimeter","### Expected 
* All the requests are collected by the same mean, and listed in the same format, in the same place (not necessarily the ITSM tool)
* Could be a simple Gform or a list of requirements on gsheet, to avoid loosing requests from users",Change Level,#1-SRM0-OACWTGAL,TRUE,TRUE,TRUE,TRUE,TRUE,TRUE,FALSE,,,Visibility of Work,"Visibility of work represents the extent to which teams have a good understanding of the flow of work from the business all the way through to customers, and whether they have visibility into this flow, including the status of products and features. ",Visual Management,Visual management boards can create a shared understanding of where the team is in terms of its operational effectiveness. They can also help identify and remove obstacles in the path to higher performance.,,,,,,,,,,,
OPERATION,Service Request Management,Level 1,C,"PRIORITIZATION:
Have rule to triage my requests","### Expected 
* You have at least 1 consistent rule that allows you to prioritize the requests (example : First in, First out, Requests types, categorizations, SLA,...)
* This rule is documented and known by all teammates who provide support on the product.

### Example",Change Level,#1-SRM0-POCFTPOM,TRUE,TRUE,TRUE,TRUE,TRUE,TRUE,FALSE,,,WIP Limits,"When faced with too much work and too few people to do it, rookie managers assign people to work on multiple tasks in the hope of increasing throughput. Unfortunately, the result is that tasks take longer to get done, and the team burns out in the process.Instead, you should do the following:
* Prioritize work
* Limit how much people work on
* Focus on completing a small number of high-priority tasks",,,,,,,,,,,,,
OPERATION,Service Request Management,Level 2,C,"PRIORITIZATION:
Have multiple rules based on request categories to triage and prioritize my requests","### Expected 
* Based on the Service Level Agreement (SLA) of your service, your team is prioritizing the resolution of the requests it receives

### Useful link
*[[SMA-X] Understand SLA/OLA : Targets/Agreements](https://decathlon.atlassian.net/wiki/spaces/TECH/pages/192601189/SMA-X+Understand+SLA+OLA+Targets+Agreements)

### Example
* If you have a H2 SLA, you need to check the requests multiple times a day, in order to comply to the agreement",Change Level,#2-SRM0-PCMSRBOM,TRUE,TRUE,TRUE,TRUE,TRUE,TRUE,FALSE,,,Visual Management,Visual management boards can create a shared understanding of where the team is in terms of its operational effectiveness. They can also help identify and remove obstacles in the path to higher performance.,Monitoring,"Monitoring is tooling or a technical solution that allows teams to watch and understand the state of their systems. Monitoring is based on gathering predefined sets of metrics or logs.
Observability is tooling or a technical solution that allows teams to actively debug their system. Observability is based on exploring properties and patterns not defined in advance.",,,,,,,,,,,
OPERATION,Service Request Management,Level 2,D,"PROCESSING :
Know and apply basic service request management - Statuts / Phases ","### Expected
* Your team applies the basic of request management
* You are managing request using Status, Phase, Updates, etc...
* You know global rules to manage a support request from customer popint of view (regular updates, detail technical actions on going, clearly mention the technical solution provided to feed a knowledge base)

### Useful link
* [Request management process (slide 15)](https://docs.google.com/presentation/d/1rLO0t6a4loK8u8WoO7JHgQM2jMN1JLEQTFNmT685teY/edit#slide=id.gf27aa6dc02_0_297)",Change Level,#2-SRM0-PKSRMP00,TRUE,TRUE,TRUE,TRUE,TRUE,TRUE,FALSE,,,Visibility of Work,"Visibility of work represents the extent to which teams have a good understanding of the flow of work from the business all the way through to customers, and whether they have visibility into this flow, including the status of products and features. ",,,,,,,,,,,,,
OPERATION,Service Request Management,Level 2,A,"OFFERING:
Have or use a basic offering (description + urgency) for my user's requests, in the ITSM tool","### Expected 
* Requests are collected by an offering (form) in the ITSM tool without any custom fields or dynamic rules

### Useful link
* [Offering Global documentation - from SMO teams](https://decathlon.atlassian.net/wiki/spaces/TECH/pages/192548947/SMA-X+Design+an+offering
* [Template Offering creation](https://docs.google.com/spreadsheets/d/1uxUS4F9NJIVIoMoN8KQDvhYKGWTC-HKf8dOsCHFWk0M/edit#gid=1967485419)",Change Level,#2-SRM0-OOUABODU-2,TRUE,TRUE,TRUE,TRUE,TRUE,TRUE,FALSE,,,Cust. Feedback,"DORA research shows that teams achieve higher performance when they work in organizations that utilize those capabilities and also do the following:
* Collect customer satisfaction metrics regularly.
* Seek out and attend to customer feedback on product and feature quality.
* Use this feedback to help design products and features.",,,,,,,,,,,,,
OPERATION,Service Request Management,Level 2,A,"TOOLING: For each Release version, My support team is able to reproduce the issue on production","### Expected 
* To be more efficient in functional support with teamates, be able to contextualize tickets and reproduce issue

### Example 
* Reproduce issue on a mobile application with the scenario of the user",Delete,#2-T000-FERVADVI,FALSE,TRUE,FALSE,TRUE,FALSE,FALSE,FALSE,,,Version Control,"Version control systems like Git, Subversion, and Mercurial provide a logical means to organize files and coordinate their creation, controlled access, updating, and deletion across teams and organizations.",,,,,,,,,,,,,
OPERATION,Service Request Management,Level 3,B,"OFFERING:
Ease the way to find the link(s) of my offering(s)","### Expected 
* You've communicated your offering to your users, so that they know how to create requests to you

### Examples
* [GEX SITE](https://sites.google.com/oxylane.com/gex-site/support-tickets-user-needs)
* [Mybusiness google site](https://sites.google.com/decathlon.com/mybusiness/support?authuser=0)
",Delete,#2-SRM0-OMOLEFTM,TRUE,TRUE,TRUE,TRUE,TRUE,TRUE,FALSE,,,Visual Management,Visual management boards can create a shared understanding of where the team is in terms of its operational effectiveness. They can also help identify and remove obstacles in the path to higher performance.,Cust. Feedback,"DORA research shows that teams achieve higher performance when they work in organizations that utilize those capabilities and also do the following:
* Collect customer satisfaction metrics regularly.
* Seek out and attend to customer feedback on product and feature quality.
* Use this feedback to help design products and features.",,,,,,,,,,,
OPERATION,Service Request Management,Level 3,D,"PROCESSING :
Know and apply advanced service request management - Wrong qualifications / Related records ","### Expected
* Wrong qualification , External number references , Related records

### Useful link
* [Request Management - Wrong Qualification (WQ) system](https://decathlon.atlassian.net/wiki/spaces/ENGINEERING/pages/1680048892/Request+Management+-+Wrong+Qualification+WQ+system)
* [WQ System Global IT Support Quality Enhancement](https://docs.google.com/presentation/d/1_sdJ3zhbr59Xr-__xdaxCoGrk7EQi_Xnsd6MGQfbd_8/edit?slide=id.g2e06b66aadd_0_4889#slide=id.g2e06b66aadd_0_4889)",New,#2-SRM0-PKAAASRM-a52e7795,TRUE,TRUE,TRUE,TRUE,TRUE,TRUE,FALSE,,,Monitoring,"Monitoring is tooling or a technical solution that allows teams to watch and understand the state of their systems. Monitoring is based on gathering predefined sets of metrics or logs.
Observability is tooling or a technical solution that allows teams to actively debug their system. Observability is based on exploring properties and patterns not defined in advance.",,,,,,,,,,,,,
OPERATION,Service Request Management,Level 3,A,"OFFERING:
Have or use an advanced offering (with customs fields and rules), in the ITSM tool","### Expected 
* You're using an offering that have multiple questions that will route the ticket to the proper team, and that will categorizing it properly (impacted service and category)
* You are managing language traduction directly in the offering

### Useful link
* [Offering Global documentation - from SMO teams](https://decathlon.atlassian.net/wiki/spaces/TECH/pages/192548947/SMA-X+Design+an+offering
* [Template Offering creation](https://docs.google.com/spreadsheets/d/1uxUS4F9NJIVIoMoN8KQDvhYKGWTC-HKf8dOsCHFWk0M/edit#gid=1967485419)

### Exemples
* [[Network] DNS - Global Offering](https://support.decathlon.net/saw/Offering/51245321/general)
* [CUBEINSTORE - Report an issue [USER]](https://support.decathlon.net/saw/Offering/16511772/general)",Change Level,#3-SRM0-OOUAAOWC,TRUE,TRUE,TRUE,TRUE,TRUE,TRUE,FALSE,,,Cust. Feedback,"DORA research shows that teams achieve higher performance when they work in organizations that utilize those capabilities and also do the following:
* Collect customer satisfaction metrics regularly.
* Seek out and attend to customer feedback on product and feature quality.
* Use this feedback to help design products and features.",,,,,,,,,,,,,
OPERATION,Service Request Management,Level 3,A,"TOOLING: For each Release version, a Debug version is generated in order to troubleshoot issue with logcat","### Expected 
* In order to be able to reproduce issue of users, teams have a debug version available with logs activated. so they can get logs and troubleshoot easier

### Example 
* Version with Debug mode activated",Delete,#3-T000-ERAATMTO,FALSE,TRUE,FALSE,FALSE,FALSE,FALSE,FALSE,,,Version Control,"Version control systems like Git, Subversion, and Mercurial provide a logical means to organize files and coordinate their creation, controlled access, updating, and deletion across teams and organizations.",,,,,,,,,,,,,
OPERATION,Service Request Management,Level 4,B,"OFFERING:
(If possible) Share the link of create a support ticket directly on my application","### Expected 
* On your application, you linked the offering so that user may reach you easily

### Example
* [Sports Badge application - right left banner](https://sports-badge.dktapp.cloud/)",Update,#3-SRM0-IPSTLOTO,FALSE,TRUE,TRUE,TRUE,FALSE,FALSE,FALSE,,,Visual Management,Visual management boards can create a shared understanding of where the team is in terms of its operational effectiveness. They can also help identify and remove obstacles in the path to higher performance.,Cust. Feedback,"DORA research shows that teams achieve higher performance when they work in organizations that utilize those capabilities and also do the following:
* Collect customer satisfaction metrics regularly.
* Seek out and attend to customer feedback on product and feature quality.
* Use this feedback to help design products and features.",,,,,,,,,,,
OPERATION,Service Request Management,Level 4,A,"OFFERING:
Regularly review and adjust my offering fields and rules","### Expected 
* You make sure, at least once a year, that the offering you manage or you're using is up-to-date with your needs, and you potential services evolution
* I review regularly the usage of my offering by checking number of ticket created from it. If it's not used I try to rework it and manage to better communicate it to my users",Change Level,#4-SRM0-ORAAMOFA,TRUE,TRUE,TRUE,TRUE,TRUE,TRUE,FALSE,,,,,,,,,,,,,,,,,
OPERATION,Service Request Management,Level 5,D,"PROCESSING :
Automate requests for low value tasks","### Expected
* You are automating the resolution the eligible service requests
* You are automating the fetch of useful informations (from monitoring, extract infos from ticket information, ...)

### Example
* [NETWORK - DNS Requests automation](https://decathlon.atlassian.net/wiki/spaces/TECH/pages/192754805/DNS+Automation+-+Workflow)",Keep,#4-SRM0-OARFLVT0-486aa673,TRUE,TRUE,TRUE,TRUE,TRUE,TRUE,FALSE,,,Streamlining CAB,Your goal should be to make your regular change management process fast and reliable enough that you can use it to make emergency changes too.,,,,,,,,,,,,,
,,,,,,,,,,,,,,,,,,,,,,,,,,,,,,,
,,,,,,,,,,,,,,,,,,,,,,,,,,,,,,,
,,,,,,,,,,,,,,,,,,,,,,,,,,,,,,,
,,,,,,,,,,,,,,,,,,,,,,,,,,,,,,,
,,,,,,,,,,,,,,,,,,,,,,,,,,,,,,,
,,,,,,,,,,,,,,,,,,,,,,,,,,,,,,,
,,,,,,,,,,,,,,,,,,,,,,,,,,,,,,,
,,,,,,,,,,,,,,,,,,,,,,,,,,,,,,,
,,,,,,,,,,,,,,,,,,,,,,,,,,,,,,,
,,,,,,,,,,,,,,,,,,,,,,,,,,,,,,,
,,,,,,,,,,,,,,,,,,,,,,,,,,,,,,,
,,,,,,,,,,,,,,,,,,,,,,,,,,,,,,,
,,,,,,,,,,,,,,,,,,,,,,,,,,,,,,,
,,,,,,,,,,,,,,,,,,,,,,,,,,,,,,,
,,,,,,,,,,,,,,,,,,,,,,,,,,,,,,,
,,,,,,,,,,,,,,,,,,,,,,,,,,,,,,,
,,,,,,,,,,,,,,,,,,,,,,,,,,,,,,,
,,,,,,,,,,,,,,,,,,,,,,,,,,,,,,,
,,,,,,,,,,,,,,,,,,,,,,,,,,,,,,,
,,,,,,,,,,,,,,,,,,,,,,,,,,,,,,,
,,,,,,,,,,,,,,,,,,,,,,,,,,,,,,,
,,,,,,,,,,,,,,,,,,,,,,,,,,,,,,,
,,,,,,,,,,,,,,,,,,,,,,,,,,,,,,,
,,,,,,,,,,,,,,,,,,,,,,,,,,,,,,,
,,,,,,,,,,,,,,,,,,,,,,,,,,,,,,,
,,,,,,,,,,,,,,,,,,,,,,,,,,,,,,,
,,,,,,,,,,,,,,,,,,,,,,,,,,,,,,,
,,,,,,,,,,,,,,,,,,,,,,,,,,,,,,,
,,,,,,,,,,,,,,,,,,,,,,,,,,,,,,,
,,,,,,,,,,,,,,,,,,,,,,,,,,,,,,,
,,,,,,,,,,,,,,,,,,,,,,,,,,,,,,,
,,,,,,,,,,,,,,,,,,,,,,,,,,,,,,,
,,,,,,,,,,,,,,,,,,,,,,,,,,,,,,,
,,,,,,,,,,,,,,,,,,,,,,,,,,,,,,,
,,,,,,,,,,,,,,,,,,,,,,,,,,,,,,,
,,,,,,,,,,,,,,,,,,,,,,,,,,,,,,,
,,,,,,,,,,,,,,,,,,,,,,,,,,,,,,,
,,,,,,,,,,,,,,,,,,,,,,,,,,,,,,,
,,,,,,,,,,,,,,,,,,,,,,,,,,,,,,,
,,,,,,,,,,,,,,,,,,,,,,,,,,,,,,,
,,,,,,,,,,,,,,,,,,,,,,,,,,,,,,,
,,,,,,,,,,,,,,,,,,,,,,,,,,,,,,,
,,,,,,,,,,,,,,,,,,,,,,,,,,,,,,,
,,,,,,,,,,,,,,,,,,,,,,,,,,,,,,,
,,,,,,,,,,,,,,,,,,,,,,,,,,,,,,,
,,,,,,,,,,,,,,,,,,,,,,,,,,,,,,,
,,,,,,,,,,,,,,,,,,,,,,,,,,,,,,,
,,,,,,,,,,,,,,,,,,,,,,,,,,,,,,,
,,,,,,,,,,,,,,,,,,,,,,,,,,,,,,,
,,,,,,,,,,,,,,,,,,,,,,,,,,,,,,,
,,,,,,,,,,,,,,,,,,,,,,,,,,,,,,,
,,,,,,,,,,,,,,,,,,,,,,,,,,,,,,,
,,,,,,,,,,,,,,,,,,,,,,,,,,,,,,,
,,,,,,,,,,,,,,,,,,,,,,,,,,,,,,,
,,,,,,,,,,,,,,,,,,,,,,,,,,,,,,,
,,,,,,,,,,,,,,,,,,,,,,,,,,,,,,,
,,,,,,,,,,,,,,,,,,,,,,,,,,,,,,,
,,,,,,,,,,,,,,,,,,,,,,,,,,,,,,,
,,,,,,,,,,,,,,,,,,,,,,,,,,,,,,,
,,,,,,,,,,,,,,,,,,,,,,,,,,,,,,,
,,,,,,,,,,,,,,,,,,,,,,,,,,,,,,,
,,,,,,,,,,,,,,,,,,,,,,,,,,,,,,,
,,,,,,,,,,,,,,,,,,,,,,,,,,,,,,,
,,,,,,,,,,,,,,,,,,,,,,,,,,,,,,,
,,,,,,,,,,,,,,,,,,,,,,,,,,,,,,,
,,,,,,,,,,,,,,,,,,,,,,,,,,,,,,,
,,,,,,,,,,,,,,,,,,,,,,,,,,,,,,,
,,,,,,,,,,,,,,,,,,,,,,,,,,,,,,,
,,,,,,,,,,,,,,,,,,,,,,,,,,,,,,,
,,,,,,,,,,,,,,,,,,,,,,,,,,,,,,,
,,,,,,,,,,,,,,,,,,,,,,,,,,,,,,,
,,,,,,,,,,,,,,,,,,,,,,,,,,,,,,,
,,,,,,,,,,,,,,,,,,,,,,,,,,,,,,,
,,,,,,,,,,,,,,,,,,,,,,,,,,,,,,,
,,,,,,,,,,,,,,,,,,,,,,,,,,,,,,,
,,,,,,,,,,,,,,,,,,,,,,,,,,,,,,,
,,,,,,,,,,,,,,,,,,,,,,,,,,,,,,,
,,,,,,,,,,,,,,,,,,,,,,,,,,,,,,,
,,,,,,,,,,,,,,,,,,,,,,,,,,,,,,,
,,,,,,,,,,,,,,,,,,,,,,,,,,,,,,,
,,,,,,,,,,,,,,,,,,,,,,,,,,,,,,,
,,,,,,,,,,,,,,,,,,,,,,,,,,,,,,,
,,,,,,,,,,,,,,,,,,,,,,,,,,,,,,,
,,,,,,,,,,,,,,,,,,,,,,,,,,,,,,,
,,,,,,,,,,,,,,,,,,,,,,,,,,,,,,,
,,,,,,,,,,,,,,,,,,,,,,,,,,,,,,,
,,,,,,,,,,,,,,,,,,,,,,,,,,,,,,,
,,,,,,,,,,,,,,,,,,,,,,,,,,,,,,,
,,,,,,,,,,,,,,,,,,,,,,,,,,,,,,,
,,,,,,,,,,,,,,,,,,,,,,,,,,,,,,,
,,,,,,,,,,,,,,,,,,,,,,,,,,,,,,,
,,,,,,,,,,,,,,,,,,,,,,,,,,,,,,,
,,,,,,,,,,,,,,,,,,,,,,,,,,,,,,,
,,,,,,,,,,,,,,,,,,,,,,,,,,,,,,,
,,,,,,,,,,,,,,,,,,,,,,,,,,,,,,,
,,,,,,,,,,,,,,,,,,,,,,,,,,,,,,,
,,,,,,,,,,,,,,,,,,,,,,,,,,,,,,,
,,,,,,,,,,,,,,,,,,,,,,,,,,,,,,,
,,,,,,,,,,,,,,,,,,,,,,,,,,,,,,,
,,,,,,,,,,,,,,,,,,,,,,,,,,,,,,,
,,,,,,,,,,,,,,,,,,,,,,,,,,,,,,,
,,,,,,,,,,,,,,,,,,,,,,,,,,,,,,,
,,,,,,,,,,,,,,,,,,,,,,,,,,,,,,,
,,,,,,,,,,,,,,,,,,,,,,,,,,,,,,,
,,,,,,,,,,,,,,,,,,,,,,,,,,,,,,,
,,,,,,,,,,,,,,,,,,,,,,,,,,,,,,,
,,,,,,,,,,,,,,,,,,,,,,,,,,,,,,,
,,,,,,,,,,,,,,,,,,,,,,,,,,,,,,,
,,,,,,,,,,,,,,,,,,,,,,,,,,,,,,,
,,,,,,,,,,,,,,,,,,,,,,,,,,,,,,,
,,,,,,,,,,,,,,,,,,,,,,,,,,,,,,,
,,,,,,,,,,,,,,,,,,,,,,,,,,,,,,,
,,,,,,,,,,,,,,,,,,,,,,,,,,,,,,,
,,,,,,,,,,,,,,,,,,,,,,,,,,,,,,,
,,,,,,,,,,,,,,,,,,,,,,,,,,,,,,,
,,,,,,,,,,,,,,,,,,,,,,,,,,,,,,,
,,,,,,,,,,,,,,,,,,,,,,,,,,,,,,,
,,,,,,,,,,,,,,,,,,,,,,,,,,,,,,,
,,,,,,,,,,,,,,,,,,,,,,,,,,,,,,,
,,,,,,,,,,,,,,,,,,,,,,,,,,,,,,,
,,,,,,,,,,,,,,,,,,,,,,,,,,,,,,,
,,,,,,,,,,,,,,,,,,,,,,,,,,,,,,,
,,,,,,,,,,,,,,,,,,,,,,,,,,,,,,,
,,,,,,,,,,,,,,,,,,,,,,,,,,,,,,,
,,,,,,,,,,,,,,,,,,,,,,,,,,,,,,,
,,,,,,,,,,,,,,,,,,,,,,,,,,,,,,,
,,,,,,,,,,,,,,,,,,,,,,,,,,,,,,,
,,,,,,,,,,,,,,,,,,,,,,,,,,,,,,,
,,,,,,,,,,,,,,,,,,,,,,,,,,,,,,,
,,,,,,,,,,,,,,,,,,,,,,,,,,,,,,,
,,,,,,,,,,,,,,,,,,,,,,,,,,,,,,,
,,,,,,,,,,,,,,,,,,,,,,,,,,,,,,,
,,,,,,,,,,,,,,,,,,,,,,,,,,,,,,,
,,,,,,,,,,,,,,,,,,,,,,,,,,,,,,,
,,,,,,,,,,,,,,,,,,,,,,,,,,,,,,,
,,,,,,,,,,,,,,,,,,,,,,,,,,,,,,,
,,,,,,,,,,,,,,,,,,,,,,,,,,,,,,,
,,,,,,,,,,,,,,,,,,,,,,,,,,,,,,,
,,,,,,,,,,,,,,,,,,,,,,,,,,,,,,,
,,,,,,,,,,,,,,,,,,,,,,,,,,,,,,,
,,,,,,,,,,,,,,,,,,,,,,,,,,,,,,,
,,,,,,,,,,,,,,,,,,,,,,,,,,,,,,,
,,,,,,,,,,,,,,,,,,,,,,,,,,,,,,,
,,,,,,,,,,,,,,,,,,,,,,,,,,,,,,,
,,,,,,,,,,,,,,,,,,,,,,,,,,,,,,,
,,,,,,,,,,,,,,,,,,,,,,,,,,,,,,,
,,,,,,,,,,,,,,,,,,,,,,,,,,,,,,,
,,,,,,,,,,,,,,,,,,,,,,,,,,,,,,,
,,,,,,,,,,,,,,,,,,,,,,,,,,,,,,,
,,,,,,,,,,,,,,,,,,,,,,,,,,,,,,,
,,,,,,,,,,,,,,,,,,,,,,,,,,,,,,,
,,,,,,,,,,,,,,,,,,,,,,,,,,,,,,,
,,,,,,,,,,,,,,,,,,,,,,,,,,,,,,,
,,,,,,,,,,,,,,,,,,,,,,,,,,,,,,,
,,,,,,,,,,,,,,,,,,,,,,,,,,,,,,,
,,,,,,,,,,,,,,,,,,,,,,,,,,,,,,,
,,,,,,,,,,,,,,,,,,,,,,,,,,,,,,,
,,,,,,,,,,,,,,,,,,,,,,,,,,,,,,,
,,,,,,,,,,,,,,,,,,,,,,,,,,,,,,,
,,,,,,,,,,,,,,,,,,,,,,,,,,,,,,,
,,,,,,,,,,,,,,,,,,,,,,,,,,,,,,,
,,,,,,,,,,,,,,,,,,,,,,,,,,,,,,,
,,,,,,,,,,,,,,,,,,,,,,,,,,,,,,,
,,,,,,,,,,,,,,,,,,,,,,,,,,,,,,,
,,,,,,,,,,,,,,,,,,,,,,,,,,,,,,,
,,,,,,,,,,,,,,,,,,,,,,,,,,,,,,,
,,,,,,,,,,,,,,,,,,,,,,,,,,,,,,,
,,,,,,,,,,,,,,,,,,,,,,,,,,,,,,,
,,,,,,,,,,,,,,,,,,,,,,,,,,,,,,,
,,,,,,,,,,,,,,,,,,,,,,,,,,,,,,,
,,,,,,,,,,,,,,,,,,,,,,,,,,,,,,,
,,,,,,,,,,,,,,,,,,,,,,,,,,,,,,,
,,,,,,,,,,,,,,,,,,,,,,,,,,,,,,,
,,,,,,,,,,,,,,,,,,,,,,,,,,,,,,,
,,,,,,,,,,,,,,,,,,,,,,,,,,,,,,,
,,,,,,,,,,,,,,,,,,,,,,,,,,,,,,,
SECURITY,Code/Build,Level 1,B,"CODE003 - Internal developers are aware of and responsible for the security of their code. (proof : name of project developer)
* mandatory awareness : 6 modules on [decathlon.ws02-securityeducation.com](https://decathlon.ws02-securityeducation.com) (not open for partner)","**CODE003 Manual Secure Code Review**

[Wiki - CODE003 Manual Secure Code Review](https://decathlon.atlassian.net/wiki/spaces/SEC/pages/197463270/CODE003+Manual+Secure+Code+Review)",Keep,#1-CODE003-ManualSecureCodeReview,TRUE,TRUE,FALSE,TRUE,FALSE,FALSE,FALSE,,,,,,,,,,,,,,,,,
SECURITY,Code/Build,Level 3,F,"CODE007 - The team has a Snyk (secure code scanner) directly integrated into the IDE.
  
\
_Snyk is only available for Application with Criticality Level 3 and 4, use NOT_APPLICABLE for other cases_","**CODE007 Inline IDE Secure Code Analysis**

! Snyk through the IDE is accessible for everyone in DKT (even without SC) !

[Snyk Documentation](https://decathlon.atlassian.net/wiki/spaces/SEC/pages/215222036/Snyk+as+Plugin+in+IDE+VS+Code)

[Wiki - CODE007 Inline IDE Secure Code Analysis](https://decathlon.atlassian.net/wiki/spaces/SEC/pages/197460393/CODE007+Inline+IDE+Secure+Code+Analysis)",Keep,#1-CODE007-InlineIDESecureCodeAnalysis,TRUE,TRUE,FALSE,TRUE,FALSE,FALSE,FALSE,,,,,,,,,,,,,Décision to put this question in level 3. (Yes for only 47%),,,,
SECURITY,Code/Build,Level 3,B,"CODE003 - A security champion reviews and validates the pertinent PR from a security point of view.
* proof expected in comments : name of security champion / links from a PR example","**CODE003 Manual Secure Code Review**

[Wiki - CODE003 Manual Secure Code Review](https://decathlon.atlassian.net/wiki/spaces/SEC/pages/197463270/CODE003+Manual+Secure+Code+Review)",Keep,#2-CODE003-ManualSecureCodeReview,TRUE,TRUE,FALSE,TRUE,FALSE,FALSE,FALSE,,,,,,,,,,,,,,,,,
SECURITY,Code/Build,Level 2,C,"CODE004 - The team has a Snyk (SAST scanner) built into their application deployment and the results are tracked by the team.
* it's mandatory rule for application with Criticality Level 3 and 4
* at least one scan before each release
* proof expected in comments : ""Snyk Dashboard link""  
  
\
_Snyk is only available for Application with Criticality Level 3 and 4, use NOT_APPLICABLE for other cases_","**CODE004 Static Application Security Testing**

[Snyk Documentation](https://decathlon.atlassian.net/wiki/spaces/SEC/pages/205097834/Snyk+SAST+SCA)

[Wiki - CODE004 Static Application Security Testing](https://decathlon.atlassian.net/wiki/spaces/SEC/pages/197463261/CODE004+SAST+Static+Application+Security+Testing)",Keep,#2-CODE004-SAST,TRUE,TRUE,FALSE,TRUE,FALSE,FALSE,FALSE,,,,,,,,,,,,,,,,,
SECURITY,Code/Build,Level 2,D,"CODE005 - The team has a Snyk (SCA scanner) built into their application deployment and the results are tracked by the team.
* it's mandatory rule for application with Criticality Level 3 and 4
* at least one scan before each release
* proof expected in comments : ""Snyk Dashboard link""
  
\
_Snyk is only available for Application with Criticality Level 3 and 4, use NOT_APPLICABLE for other cases_","**CODE005 SCA Software Composition Analysis**

[Snyk Documentation](https://decathlon.atlassian.net/wiki/spaces/SEC/pages/205097834/Snyk+SAST+SCA)

[Wiki - CODE005 SCA Software Composition Analysis](https://decathlon.atlassian.net/wiki/spaces/SEC/pages/197460737/CODE005+SCA+Software+Composition+Analysis)",Keep,#2-CODE005-SCA,TRUE,TRUE,FALSE,TRUE,FALSE,FALSE,FALSE,,,,,,,,,,,,,,,,,
SECURITY,Code/Build,Level 2,E,"CODE006 - The team has a Snyk (SLC scanner) built into the application builds and the results are tracked by the team following the rules of the framework.
* it's mandatory rule for application with Criticality Level 3 and 4
* at least one scan before each release
* proof expected in comments : ""Snyk Dashboard link""
  
\
_Snyk is only available for Application with Criticality Level 3 and 4, use NOT_APPLICABLE for other cases_","**CODE006 SLC Software Licence Compliance**

[Snyk Documentation](https://decathlon.atlassian.net/wiki/spaces/SEC/pages/205097834/Snyk+SAST+SCA)

[Wiki - CODE006 SLC Software Licence Compliance](https://decathlon.atlassian.net/wiki/spaces/SEC/pages/197463273/CODE006+SLC+Software+Licence+Compliance)",Keep,#2-CODE006-SLC,TRUE,TRUE,FALSE,TRUE,FALSE,FALSE,FALSE,,,,,,,,,,,,,,,,,
SECURITY,Code/Build,Level 5,F,"CODE007 - The team has a Snyk (secure code scanner) directly integrated in the IDE and has defined a specific scope of rules for their project.
  
\
_Snyk is only available for Application with Criticality Level 3 and 4, use NOT_APPLICABLE for other cases_","**CODE007 Inline IDE Secure Code Analysis**

! Snyk through the IDE is accessible for everyone in DKT (even without SC) !

[Snyk Documentation](https://decathlon.atlassian.net/wiki/spaces/SEC/pages/215222036/Snyk+as+Plugin+in+IDE+VS+Code)

[Wiki - CODE007 Inline IDE Secure Code Analysis](https://decathlon.atlassian.net/wiki/spaces/SEC/pages/197460393/CODE007+Inline+IDE+Secure+Code+Analysis)",Keep,#2-CODE007-InlineIDESecureCodeAnalysis,TRUE,TRUE,FALSE,TRUE,FALSE,FALSE,FALSE,,,,,,,,,,,,,Décision to put this question in level 5. (Yes for only 29%),,,,
SECURITY,Code/Build,Level 4,B,"CODE003 - A security champion performs a regular (at least annually) code review of all the application's code.
* proof expected in comments: name of security champion / links from security review document","**CODE003 Manual Secure Code Review**

[Wiki - CODE003 Manual Secure Code Review](https://decathlon.atlassian.net/wiki/spaces/SEC/pages/197463270/CODE003+Manual+Secure+Code+Review)",Keep,#3-CODE003-ManualSecureCodeReview,TRUE,TRUE,FALSE,TRUE,FALSE,FALSE,FALSE,,,,,,,,,,,,,Décision to put this question in level 4. (Yes for only 27%),,,,
SECURITY,Code/Build,Level 3,C,"CODE004 - The team has a built-in Snyk (SAST scanner) in all builds and PR of the app. The scanner blocks builds and PR if the result shows vulnerabilities. Regular monitoring is done on the non-blocking results.
  
\
_Snyk is only available for Application with Criticality Level 3 and 4, use NOT_APPLICABLE for other cases_","**CODE004 Static Application Security Testing**

[Snyk Documentation](https://decathlon.atlassian.net/wiki/spaces/SEC/pages/205097834/Snyk+SAST+SCA)

[Wiki - CODE004 Static Application Security Testing](https://decathlon.atlassian.net/wiki/spaces/SEC/pages/197463261/CODE004+SAST+Static+Application+Security+Testing)",Keep,#3-CODE004-SAST,TRUE,TRUE,FALSE,TRUE,FALSE,FALSE,FALSE,,,,,,,,,,,,,,,,,
SECURITY,Code/Build,Level 3,D,"CODE005 - The team has a built-in Snyk (SCA scanner) in all builds and PR of the app. The scanner blocks builds and PR if the result shows vulnerabilities. Regular monitoring is done on the non-blocking results.
  
\
_Snyk is only available for Application with Criticality Level 3 and 4, use NOT_APPLICABLE for other cases_","**CODE005 SCA Software Composition Analysis**

[Snyk Documentation](https://decathlon.atlassian.net/wiki/spaces/SEC/pages/205097834/Snyk+SAST+SCA)

[Wiki - CODE005 SCA Software Composition Analysis](https://decathlon.atlassian.net/wiki/spaces/SEC/pages/197460737/CODE005+SCA+Software+Composition+Analysis)",Keep,#3-CODE005-SCA,TRUE,TRUE,FALSE,TRUE,FALSE,FALSE,FALSE,,,,,,,,,,,,,,,,,
SECURITY,Code/Build,Level 3,E,"CODE006 - The team has a Snyk (SLC scanner) built into the application builds and PRs. Depending on the results, this blocks the builds and PRs. Regular follow-up is done on non-blocking results.
  
\
_Snyk is only available for Application with Criticality Level 3 and 4, use NOT_APPLICABLE for other cases_","**CODE006 SLC Software Licence Compliance**

[Snyk Documentation](https://decathlon.atlassian.net/wiki/spaces/SEC/pages/205097834/Snyk+SAST+SCA)

[Wiki - CODE006 SLC Software Licence Compliance](https://decathlon.atlassian.net/wiki/spaces/SEC/pages/197463273/CODE006+SLC+Software+Licence+Compliance)",Keep,#3-CODE006-SLC,TRUE,TRUE,FALSE,TRUE,FALSE,FALSE,FALSE,,,,,,,,,,,,,,,,,
SECURITY,Code/Build,Level 5,F,"CODE007 - The team has a Snyk (secure code scanner) directly integrated into the IDE and blocks the push if the code does not meet the specific rules for their project.
  
\
_Snyk is only available for Application with Criticality Level 3 and 4, use NOT_APPLICABLE for other cases_","**CODE007 Inline IDE Secure Code Analysis**

! Snyk through the IDE is accessible for everyone in DKT (even without SC) !

[Snyk Documentation](https://decathlon.atlassian.net/wiki/spaces/SEC/pages/215222036/Snyk+as+Plugin+in+IDE+VS+Code)

[Wiki - CODE007 Inline IDE Secure Code Analysis](https://decathlon.atlassian.net/wiki/spaces/SEC/pages/197460393/CODE007+Inline+IDE+Secure+Code+Analysis)",Keep,#3-CODE007-InlineIDESecureCodeAnalysis,TRUE,TRUE,FALSE,TRUE,FALSE,FALSE,FALSE,,,,,,,,,,,,,Decision to change to level 5 (only 8% of yes),,,,
SECURITY,Design,Level 2,A,"DES002 - The project context has been filled with your Security Champion and stored in the security champion drive.
* it's mandatory rule
* proof expected in comments : document link","**DES002 Threat Modelling**

[project context explanation and template](https://decathlon.atlassian.net/wiki/spaces/SEC/pages/283509593/Mapping+contextualization)

[Wiki - DES002 Threat Modelling](https://decathlon.atlassian.net/wiki/spaces/SEC/pages/197460387/DES002+Threat+Modelling)",Delete,#1-DES002-ThreatModelling,TRUE,TRUE,FALSE,TRUE,FALSE,TRUE,FALSE,,,,,,,,,,,,,,,,,
SECURITY,Design,Level 1,A,"DES003 - All applications for employees, of which at least one resource must not be accessible to everyone, I set up FedID.
* proof expected in comments : EntityID or client_ID","**DES003 Access Right Management**

[Wiki - DES003 Access Right Management](https://decathlon.atlassian.net/wiki/spaces/SEC/pages/197460389/DES003+Access+Right+Management)",Keep,#1-DES003-AccessRightManagement,TRUE,TRUE,FALSE,TRUE,FALSE,TRUE,FALSE,,,,,,,,,,,,,Décision to put this question in level 1. (Yes for 78%),,,,
SECURITY,Design,Level 4,A,"DES002 - A threat modeling activity has been performed on the application by a security analyst (AppSec or SO).
* proof expected in comments : document link","**DES002 Threat Modelling**

[Wiki - DES002 Threat Modelling](https://decathlon.atlassian.net/wiki/spaces/SEC/pages/197460387/DES002+Threat+Modelling)",Keep,#2-DES002-ThreatModelling,TRUE,TRUE,FALSE,TRUE,FALSE,TRUE,FALSE,,,,,,,,,,,,,,,,,
SECURITY,Design,Level 1,B,"DES003 - All applications for DKT customers, of which at least one resource must not be accessible to everyone, I set up Login.
* proof expected in comments : framing note link","**DES003 Access Right Management**

[Wiki - DES003 Access Right Management](https://decathlon.atlassian.net/wiki/spaces/SEC/pages/197460389/DES003+Access+Right+Management)",Keep,#3-DES003-AccessRightManagement,TRUE,TRUE,FALSE,TRUE,FALSE,TRUE,FALSE,,,,,,,,,,,,,Décision to put this question in level 1. (Yes + N/A  for 82%),,,,
SECURITY,Operate/Monitor,Level 2,A,I use alcatrace if i have to handle personnal data,"### Why ?
Data protection is a matter that is getting more and more sensitive nowdays, especially whenever it concerne people's informations.
Likewise RGPD in Europe, many countries have their own regulation.
Check the following sites for further details : [CNIL (fr)](https://www.cnil.fr/fr/la-protection-des-donnees-dans-le-monde) & [UNCTAD (en)](https://unctad.org/page/data-protection-and-privacy-legislation-worldwide#:~:text=137%20out%20of%20194%20countries,in%20only%2048%20per%20cent.)
If we want to make business in those countries we need to conform with those reglementations, else we would risk huge fines that could jeopardize our business model. 

Alcatrace is a Decathlon's IT project that aim to address in a centralized place many of those data protection problematics.

### What ?
In a nutshell, fullfiling this requirement takes to send a log to Alcatrace each time a Personal Data is created, modified or deleted in any components of software.

You can find futher details regarding this project on the following Decathlon's Wiki pages and / or sites :
- [The Alcatrace wiki page](https://wiki.decathlon.net/display/SEC/SOC+-+ALCATRACE)
- [The XCommerce's security team digest about Alcatrace](https://wiki.decathlon.net/display/XCOM/Alcatrace)
- [The Alcatrace site](https://sites.google.com/oxylane.com/alcatrace/accueil)

### How ?
The team must be able to demonstrate that all its software components comply with Alcatrace requirements
At best, all Personal Data CRUD manipulation will be managed in a dedicated component, in order to centralize and automatize the log sending to Alcatrace, and ease the auditing of this criteria",Keep,#1-OPR004-ApplicationSecurityLogging,TRUE,FALSE,FALSE,FALSE,FALSE,FALSE,FALSE,,,,,,"Actuellement pas d'équipe qui exploite la data, soucis de standardisation de la data, de budget pour stockage, ... sujet pour 2025",,,,,,,Décision to put this question in level 2. (Yes + N/A  - 62%),,,,
SECURITY,Operate/Monitor,Level 1,A,Wiz is setup in my CI,"### Why ?
Knowledge is power.
Being able to solve your vulnerabilities require first to know to which ones you are exposed.

### What ?
Altough there is a shift left trend on that matter, a first good place to monitor that is in your CI.
Add this extra Wiz check step after each ones that produce an artifact !
This will enable your team to be proactive on that matter, and to fix troubles before a Sec Ops ask for it for ASAP :)
Notice that Dependabot is a good sidekick to adding a Wiz step in your CI, but it can't replace it because Wiz scan performed in your CI are also a way to feed our Security teams with metrics.

### How ?
Wiz ship scanners that can be applied on produced artifacts.
For example a CI producing Docker images can use [this Dktunied Github Action](https://github.com/dktunited/.github/blob/main/actions/Wiz/action.yml) in order to have a vulerability report added to your Pull Requests
To estimate that your team reached this maturity level, it must to able to show that each of its PR's artifacts are subject to a Vulnerability scan",Keep,#1-REL002-SecureArtifactManagement,TRUE,TRUE,FALSE,TRUE,FALSE,TRUE,FALSE,,,,,,A revoir sur 2024 (RFP potentiellement changement d'outil sur l'année),,,,,,,Décision to put this question in level 1. (Yes for 71%),,,,
SECURITY,Operate/Monitor,Level 3,A,Wiz issues are reviewed and prioritized in the project backlog,"### Why ?
Checking your vulnerabilities at CI time is good first step, but far far from been enough :
A vulnerability can be discovered month after your last CI run produced and delivered an artifact in production
This is the main reason why having yout team animating itself on a regular basis regarding its artifacts' vulnerabilities is a must have.

### What ?
Choose the metric you'll rely on to animate your review.
Right now it's , but it can evolve : stay up to date with the last official way to check it !
Choose an adapted review frequency and perform it
Analyse each reported troubles, with the help of your Sec Ops if necessary, and decide :
- if they are relevant (some false positives can sneak in)
- how to remediate them
- have a deadline recorded if you decide to fix it
- create the corresponding tasks in your backlog
- if you think it's not worth fixing it, make a CAB to validate your choice with your Sec Ops.

### How ?
Your team should be able to present its review minutes, including in each of them the references to metrics that have been considered, which decisions have been made, why, and the references to either the corresponding JIRA or CAB",Keep,#2-REL002-SecureArtifactManagement,TRUE,TRUE,FALSE,TRUE,FALSE,TRUE,FALSE,,,,,,A revoir sur 2024 (RFP potentiellement changement d'outil sur l'année),,,,,,,Decision to change to level 3 (50% of yes),,,,
SECURITY,Operate/Monitor,Level 5,A,CI fail if a Wiz issue is detected,"### Why ?
Having the Wiz scan's reports added as comments on your PR's is nice, but let's face it, you could forget to have a check on it.
And it would sad to miss an opportunity to make things better from a security point of view, especially once you have relatively clean artifacts produced.

### What ?
The point of this quality criteria is to turn the PR's Wiz comment into real quality gates.
Have your team choosing a criticy level you don't allow to be shipped without at least have been warned as a quality gate failure
Modify your CI in order to have this new quality gate triggered accordingly
Notice : the goal is not to prevent you from delivering a hot fix whenever necessary, but to help you making choises with the right information level. If it's more critical for the business to pass an hot fix before remediating to a vulnerability, use your administrator rights and manage the vulnerability in a second step, or at least don't forget to keep track of this task in your backlog

### How ?
Your team should be able to demonstrate that each of its CI producing artifacts subject to Wiz scan had a related quality gate configured",Keep,#3-REL002-SecureArtifactManagement,TRUE,TRUE,FALSE,TRUE,FALSE,TRUE,FALSE,,,,,,A revoir sur 2024 (RFP potentiellement changement d'outil sur l'année),,,,,,,,,,,
SECURITY,Organisation,Level 1,A,"ORG001 - I filled my security assement in SSOT with my SO ?
* it's mandatory rule
* proof expected in comments : ""cyber critical level"", ""IDP UUID""","**ORG001 Risk Assessment**

[List of SO](https://decathlon.atlassian.net/wiki/spaces/SEC/pages/197459980/Organisation+and+contact)

/!\ : SSOT is only accessible to SO in write mode",Keep,#1-ORG001-RiskAssessment,TRUE,TRUE,FALSE,TRUE,FALSE,TRUE,FALSE,,,,,,,,,,,,,,,,,
SECURITY,Organisation,Level 1,B,"ORG003 - My application is known and followed by my SO ?
* it's mandatory rule
* proof expected in comments : ""names"" of SO in comment","**ORG003 Security Champion**

[List of SO](https://decathlon.atlassian.net/wiki/spaces/SEC/pages/197459980/Organisation+and+contact)

[Wiki - ORG003 Security Champion](https://decathlon.atlassian.net/wiki/spaces/SEC/pages/197460601/ORG003+SecurityChampion)",Keep,#1-ORG003-SecurityChampion,TRUE,TRUE,FALSE,TRUE,FALSE,TRUE,FALSE,,,,,,,,,,,,,"Even if answer is ""yes"" for 87%, still a very important info for us since we should reach 100% ",,,,
SECURITY,Organisation,Level 2,A,"ORG001 - I identified a Security Champion for my application in SSOT?
* it's mandatory rule
","**ORG001 Risk Assessment**

[List of SO](https://decathlon.atlassian.net/wiki/spaces/SEC/pages/197459980/Organisation+and+contact)

/!\ : the applimap file is only accessible to SO

[Wiki - ORG001 Risk Assessment](https://decathlon.atlassian.net/wiki/spaces/SEC/pages/197463253/ORG001+RiskAssessment)",Keep,#4-ORG001-RiskAssessment,TRUE,TRUE,FALSE,TRUE,FALSE,TRUE,FALSE,,,,,,,,,,,,,wording,,,,
SECURITY,Organisation,Level 4,B,"ORG003 - My application is monitored by a Security Champion and one of the team members has security responsibility for the application?
* it's mandatory rule
* proof expected in comments : ""names"", ""names"" of Security Champion and team member","**ORG003 Security Champion**

[List of SC](https://decathlon.atlassian.net/wiki/spaces/SEC/pages/197460154/Security+Champion+List)

[Wiki - ORG003 Security Champion](https://decathlon.atlassian.net/wiki/spaces/SEC/pages/197460601/ORG003+SecurityChampion)",Keep,#2-ORG003-SecurityChampion,TRUE,TRUE,FALSE,TRUE,FALSE,TRUE,FALSE,,,,,,,,,,,,,Décision to put this question in level 4. (Yes for only 41%),,,,
SECURITY,Organisation,Level 2,C,"ORG003 - My application is monitored by a Security Champion, one of the team members has security responsibility for the application and the application is under DevSecOps?
* it's mandatory rule
* proof expected in comments : ""DevSecOps dashboard link","**ORG003 Security Champion**

To put an application under DevSecOps control, you have to go through an Onboarding process accompanied by a Security Champion.

[Wiki - ORG003 Security Champion](https://decathlon.atlassian.net/wiki/spaces/SEC/pages/197460601/ORG003+SecurityChampion)",Keep,#3-ORG003-SecurityChampion,TRUE,TRUE,FALSE,TRUE,FALSE,TRUE,FALSE,,,,,,,,,,,,,,,,,
SECURITY,Requirement,Level 4,A,"REQ003 -Security user stories and abuse stories template are defined and used.
* it's mandatory rule
* proof expected in comments ""Jira Dashboard Link""","**REQ003 Security User Stories and Acceptance Criterias**

[How to write an abuse story](https://decathlon.atlassian.net/wiki/spaces/SEC/pages/197460383/REQ003+Security+User+Stories+and+Acceptance+Criterias)

[Wiki - REQ003 Security User Stories and Acceptance Criterias](https://decathlon.atlassian.net/wiki/spaces/SEC/pages/197460383/REQ003+Security+User+Stories+and+Acceptance+Criterias)",Keep,#1-REQ003-SecurityUserStoriesandAcceptanceCriterias,TRUE,TRUE,FALSE,TRUE,FALSE,TRUE,FALSE,,,,,,,,,,,,,Décision to put this question in level 4. (Yes for only 32%),,,,
SECURITY,Requirement,Level 4,A,REQ003 - Security use and misuse cases are defined as feature's acceptance criteria.,"**REQ003 Security User Stories and Acceptance Criterias**

[Wiki - REQ003 Security User Stories and Acceptance Criterias](https://decathlon.atlassian.net/wiki/spaces/SEC/pages/197460383/REQ003+Security+User+Stories+and+Acceptance+Criterias)",Keep,#2-REQ003-SecurityUserStoriesandAcceptanceCriterias,TRUE,TRUE,FALSE,TRUE,FALSE,TRUE,FALSE,,,,,,,,,,,,,,,,,
SECURITY,Requirement,Level 1,A,I followed the SaaS Assessment Cybersecurity,"**SAAS001 SaaS Assessment**

[SaaS Assessment Cybersecurity Sourcing](https://decathlon.atlassian.net/wiki/spaces/SEC/pages/197460520/SaaS+Assessment+Cybersecurity+Sourcing)",Keep,#1-SAAS001-SaaSAssessment,FALSE,FALSE,TRUE,FALSE,FALSE,FALSE,FALSE,,,,,,Jerome Artigue,,,,,,,,,,,
SECURITY,Test,Level 1,A,"TEST001 - The staging environment is different from production environment and doesn't contain production data with the exception of data used for the proper functioning of the application (config, parameters, administration) and data that is already public (store opening hours, list of items, countries, postal codes, etc.)","**TEST001 Security Test Management**

[Wiki - TEST001 Security Test Management](https://decathlon.atlassian.net/wiki/spaces/SEC/pages/197460397/TEST001+Security+Test+Management)",Keep,#1-TEST001-SecurityTestManagement,TRUE,TRUE,FALSE,TRUE,FALSE,TRUE,FALSE,,,,,,,,,,,,,Décision to put this question in level 1. (Yes for 83%),,,,
SECURITY,Test,Level 1,B,"TEST004 - Pentests are performed at the frequency defined by the Application Vulnerability Management Framework. (evidence: links to the pentest request)
Vulnerabilities resulting from the pentest are tracked in a tool.
* proof expected in comments : Links to Application Vulnerability Centralization Tool","**TEST004 Penetration Testing**

[Wiki - TEST004 Penetration Testing](https://docs.google.com/document/d/19TOgPcbvQHC7fmfpJhS1UxHG4CHAaDmBmgfNM5GL38A/edit?tab=t.0)",Keep,#1-TEST004-PenetrationTesting,TRUE,TRUE,FALSE,TRUE,FALSE,FALSE,FALSE,,,,,,,,,,,,,Since we should reach 100% we want to keep this question at level 1,,,,
SECURITY,Test,Level 2,A,TEST001 - The staging environment is identical to the production environment on the scope of the entire application (infrastructure and code) and test data can be shared.,"**TEST001 Security Test Management**

[Wiki - TEST001 Security Test Management](https://decathlon.atlassian.net/wiki/spaces/SEC/pages/197460397/TEST001+Security+Test+Management)",Keep,#2-TEST001-SecurityTestManagement,TRUE,TRUE,FALSE,TRUE,FALSE,TRUE,FALSE,,,,,,,,,,,,,Decision to change to level 2 (68% of yes),,,,
SECURITY,Test,Level 3,A,TEST001 - The staging environment is identical to the production environment on the scope of the entire application and all applications on which it depends (infrastructure and code) and test data can be created on-demand.,"**TEST001 Security Test Management**

[Wiki - TEST001 Security Test Management](https://decathlon.atlassian.net/wiki/spaces/SEC/pages/197460397/TEST001+Security+Test+Management)",Keep,#3-TEST001-SecurityTestManagement,TRUE,TRUE,FALSE,TRUE,FALSE,TRUE,FALSE,,,,,,,,,,,,,Decision to change to level 3 (46% of yes),,,,
,,,,,,,,,,,,,,,,,,,,,,,,,,,,,,,
,,,,,,,,,,,,,,,,,,,,,,,,,,,,,,,
,,,,,,,,,,,,,,,,,,,,,,,,,,,,,,,
,,,,,,,,,,,,,,,,,,,,,,,,,,,,,,,
,,,,,,,,,,,,,,,,,,,,,,,,,,,,,,,
,,,,,,,,,,,,,,,,,,,,,,,,,,,,,,,
,,,,,,,,,,,,,,,,,,,,,,,,,,,,,,,
,,,,,,,,,,,,,,,,,,,,,,,,,,,,,,,
,,,,,,,,,,,,,,,,,,,,,,,,,,,,,,,
,,,,,,,,,,,,,,,,,,,,,,,,,,,,,,,
,,,,,,,,,,,,,,,,,,,,,,,,,,,,,,,
,,,,,,,,,,,,,,,,,,,,,,,,,,,,,,,
,,,,,,,,,,,,,,,,,,,,,,,,,,,,,,,
,,,,,,,,,,,,,,,,,,,,,,,,,,,,,,,
,,,,,,,,,,,,,,,,,,,,,,,,,,,,,,,
,,,,,,,,,,,,,,,,,,,,,,,,,,,,,,,
,,,,,,,,,,,,,,,,,,,,,,,,,,,,,,,
,,,,,,,,,,,,,,,,,,,,,,,,,,,,,,,
,,,,,,,,,,,,,,,,,,,,,,,,,,,,,,,
,,,,,,,,,,,,,,,,,,,,,,,,,,,,,,,
,,,,,,,,,,,,,,,,,,,,,,,,,,,,,,,
,,,,,,,,,,,,,,,,,,,,,,,,,,,,,,,
,,,,,,,,,,,,,,,,,,,,,,,,,,,,,,,
,,,,,,,,,,,,,,,,,,,,,,,,,,,,,,,
,,,,,,,,,,,,,,,,,,,,,,,,,,,,,,,
,,,,,,,,,,,,,,,,,,,,,,,,,,,,,,,
,,,,,,,,,,,,,,,,,,,,,,,,,,,,,,,
,,,,,,,,,,,,,,,,,,,,,,,,,,,,,,,
,,,,,,,,,,,,,,,,,,,,,,,,,,,,,,,
,,,,,,,,,,,,,,,,,,,,,,,,,,,,,,,
,,,,,,,,,,,,,,,,,,,,,,,,,,,,,,,
,,,,,,,,,,,,,,,,,,,,,,,,,,,,,,,
,,,,,,,,,,,,,,,,,,,,,,,,,,,,,,,
,,,,,,,,,,,,,,,,,,,,,,,,,,,,,,,
,,,,,,,,,,,,,,,,,,,,,,,,,,,,,,,
,,,,,,,,,,,,,,,,,,,,,,,,,,,,,,,
,,,,,,,,,,,,,,,,,,,,,,,,,,,,,,,
,,,,,,,,,,,,,,,,,,,,,,,,,,,,,,,
,,,,,,,,,,,,,,,,,,,,,,,,,,,,,,,
,,,,,,,,,,,,,,,,,,,,,,,,,,,,,,,
,,,,,,,,,,,,,,,,,,,,,,,,,,,,,,,
,,,,,,,,,,,,,,,,,,,,,,,,,,,,,,,
,,,,,,,,,,,,,,,,,,,,,,,,,,,,,,,
,,,,,,,,,,,,,,,,,,,,,,,,,,,,,,,
,,,,,,,,,,,,,,,,,,,,,,,,,,,,,,,
,,,,,,,,,,,,,,,,,,,,,,,,,,,,,,,
,,,,,,,,,,,,,,,,,,,,,,,,,,,,,,,
,,,,,,,,,,,,,,,,,,,,,,,,,,,,,,,
,,,,,,,,,,,,,,,,,,,,,,,,,,,,,,,
,,,,,,,,,,,,,,,,,,,,,,,,,,,,,,,
,,,,,,,,,,,,,,,,,,,,,,,,,,,,,,,
,,,,,,,,,,,,,,,,,,,,,,,,,,,,,,,
,,,,,,,,,,,,,,,,,,,,,,,,,,,,,,,
,,,,,,,,,,,,,,,,,,,,,,,,,,,,,,,
,,,,,,,,,,,,,,,,,,,,,,,,,,,,,,,
,,,,,,,,,,,,,,,,,,,,,,,,,,,,,,,
,,,,,,,,,,,,,,,,,,,,,,,,,,,,,,,
,,,,,,,,,,,,,,,,,,,,,,,,,,,,,,,
,,,,,,,,,,,,,,,,,,,,,,,,,,,,,,,
,,,,,,,,,,,,,,,,,,,,,,,,,,,,,,,
,,,,,,,,,,,,,,,,,,,,,,,,,,,,,,,
,,,,,,,,,,,,,,,,,,,,,,,,,,,,,,,
,,,,,,,,,,,,,,,,,,,,,,,,,,,,,,,
,,,,,,,,,,,,,,,,,,,,,,,,,,,,,,,
,,,,,,,,,,,,,,,,,,,,,,,,,,,,,,,
,,,,,,,,,,,,,,,,,,,,,,,,,,,,,,,
,,,,,,,,,,,,,,,,,,,,,,,,,,,,,,,
,,,,,,,,,,,,,,,,,,,,,,,,,,,,,,,
,,,,,,,,,,,,,,,,,,,,,,,,,,,,,,,
,,,,,,,,,,,,,,,,,,,,,,,,,,,,,,,
,,,,,,,,,,,,,,,,,,,,,,,,,,,,,,,
,,,,,,,,,,,,,,,,,,,,,,,,,,,,,,,
,,,,,,,,,,,,,,,,,,,,,,,,,,,,,,,
,,,,,,,,,,,,,,,,,,,,,,,,,,,,,,,
,,,,,,,,,,,,,,,,,,,,,,,,,,,,,,,
,,,,,,,,,,,,,,,,,,,,,,,,,,,,,,,
,,,,,,,,,,,,,,,,,,,,,,,,,,,,,,,
,,,,,,,,,,,,,,,,,,,,,,,,,,,,,,,
,,,,,,,,,,,,,,,,,,,,,,,,,,,,,,,
,,,,,,,,,,,,,,,,,,,,,,,,,,,,,,,
,,,,,,,,,,,,,,,,,,,,,,,,,,,,,,,
,,,,,,,,,,,,,,,,,,,,,,,,,,,,,,,
,,,,,,,,,,,,,,,,,,,,,,,,,,,,,,,
,,,,,,,,,,,,,,,,,,,,,,,,,,,,,,,
,,,,,,,,,,,,,,,,,,,,,,,,,,,,,,,
,,,,,,,,,,,,,,,,,,,,,,,,,,,,,,,
,,,,,,,,,,,,,,,,,,,,,,,,,,,,,,,
,,,,,,,,,,,,,,,,,,,,,,,,,,,,,,,
,,,,,,,,,,,,,,,,,,,,,,,,,,,,,,,
,,,,,,,,,,,,,,,,,,,,,,,,,,,,,,,
,,,,,,,,,,,,,,,,,,,,,,,,,,,,,,,
,,,,,,,,,,,,,,,,,,,,,,,,,,,,,,,
,,,,,,,,,,,,,,,,,,,,,,,,,,,,,,,
,,,,,,,,,,,,,,,,,,,,,,,,,,,,,,,
,,,,,,,,,,,,,,,,,,,,,,,,,,,,,,,
,,,,,,,,,,,,,,,,,,,,,,,,,,,,,,,
,,,,,,,,,,,,,,,,,,,,,,,,,,,,,,,
,,,,,,,,,,,,,,,,,,,,,,,,,,,,,,,
,,,,,,,,,,,,,,,,,,,,,,,,,,,,,,,
,,,,,,,,,,,,,,,,,,,,,,,,,,,,,,,
,,,,,,,,,,,,,,,,,,,,,,,,,,,,,,,
,,,,,,,,,,,,,,,,,,,,,,,,,,,,,,,
,,,,,,,,,,,,,,,,,,,,,,,,,,,,,,,
,,,,,,,,,,,,,,,,,,,,,,,,,,,,,,,
,,,,,,,,,,,,,,,,,,,,,,,,,,,,,,,
,,,,,,,,,,,,,,,,,,,,,,,,,,,,,,,
,,,,,,,,,,,,,,,,,,,,,,,,,,,,,,,
,,,,,,,,,,,,,,,,,,,,,,,,,,,,,,,
,,,,,,,,,,,,,,,,,,,,,,,,,,,,,,,
,,,,,,,,,,,,,,,,,,,,,,,,,,,,,,,
,,,,,,,,,,,,,,,,,,,,,,,,,,,,,,,
,,,,,,,,,,,,,,,,,,,,,,,,,,,,,,,
,,,,,,,,,,,,,,,,,,,,,,,,,,,,,,,
,,,,,,,,,,,,,,,,,,,,,,,,,,,,,,,
,,,,,,,,,,,,,,,,,,,,,,,,,,,,,,,
,,,,,,,,,,,,,,,,,,,,,,,,,,,,,,,
,,,,,,,,,,,,,,,,,,,,,,,,,,,,,,,
,,,,,,,,,,,,,,,,,,,,,,,,,,,,,,,
,,,,,,,,,,,,,,,,,,,,,,,,,,,,,,,
,,,,,,,,,,,,,,,,,,,,,,,,,,,,,,,
,,,,,,,,,,,,,,,,,,,,,,,,,,,,,,,
,,,,,,,,,,,,,,,,,,,,,,,,,,,,,,,
,,,,,,,,,,,,,,,,,,,,,,,,,,,,,,,
,,,,,,,,,,,,,,,,,,,,,,,,,,,,,,,
,,,,,,,,,,,,,,,,,,,,,,,,,,,,,,,
,,,,,,,,,,,,,,,,,,,,,,,,,,,,,,,
,,,,,,,,,,,,,,,,,,,,,,,,,,,,,,,
,,,,,,,,,,,,,,,,,,,,,,,,,,,,,,,
,,,,,,,,,,,,,,,,,,,,,,,,,,,,,,,
,,,,,,,,,,,,,,,,,,,,,,,,,,,,,,,
,,,,,,,,,,,,,,,,,,,,,,,,,,,,,,,
,,,,,,,,,,,,,,,,,,,,,,,,,,,,,,,
,,,,,,,,,,,,,,,,,,,,,,,,,,,,,,,
,,,,,,,,,,,,,,,,,,,,,,,,,,,,,,,
,,,,,,,,,,,,,,,,,,,,,,,,,,,,,,,
,,,,,,,,,,,,,,,,,,,,,,,,,,,,,,,
,,,,,,,,,,,,,,,,,,,,,,,,,,,,,,,
,,,,,,,,,,,,,,,,,,,,,,,,,,,,,,,
,,,,,,,,,,,,,,,,,,,,,,,,,,,,,,,
,,,,,,,,,,,,,,,,,,,,,,,,,,,,,,,
,,,,,,,,,,,,,,,,,,,,,,,,,,,,,,,
,,,,,,,,,,,,,,,,,,,,,,,,,,,,,,,
,,,,,,,,,,,,,,,,,,,,,,,,,,,,,,,
,,,,,,,,,,,,,,,,,,,,,,,,,,,,,,,
,,,,,,,,,,,,,,,,,,,,,,,,,,,,,,,
,,,,,,,,,,,,,,,,,,,,,,,,,,,,,,,
,,,,,,,,,,,,,,,,,,,,,,,,,,,,,,,
,,,,,,,,,,,,,,,,,,,,,,,,,,,,,,,
,,,,,,,,,,,,,,,,,,,,,,,,,,,,,,,
,,,,,,,,,,,,,,,,,,,,,,,,,,,,,,,
,,,,,,,,,,,,,,,,,,,,,,,,,,,,,,,
,,,,,,,,,,,,,,,,,,,,,,,,,,,,,,,
,,,,,,,,,,,,,,,,,,,,,,,,,,,,,,,
,,,,,,,,,,,,,,,,,,,,,,,,,,,,,,,
,,,,,,,,,,,,,,,,,,,,,,,,,,,,,,,
,,,,,,,,,,,,,,,,,,,,,,,,,,,,,,,
,,,,,,,,,,,,,,,,,,,,,,,,,,,,,,,
,,,,,,,,,,,,,,,,,,,,,,,,,,,,,,,
,,,,,,,,,,,,,,,,,,,,,,,,,,,,,,,
,,,,,,,,,,,,,,,,,,,,,,,,,,,,,,,
,,,,,,,,,,,,,,,,,,,,,,,,,,,,,,,
,,,,,,,,,,,,,,,,,,,,,,,,,,,,,,,
,,,,,,,,,,,,,,,,,,,,,,,,,,,,,,,
,,,,,,,,,,,,,,,,,,,,,,,,,,,,,,,
,,,,,,,,,,,,,,,,,,,,,,,,,,,,,,,
,,,,,,,,,,,,,,,,,,,,,,,,,,,,,,,
,,,,,,,,,,,,,,,,,,,,,,,,,,,,,,,
,,,,,,,,,,,,,,,,,,,,,,,,,,,,,,,
,,,,,,,,,,,,,,,,,,,,,,,,,,,,,,,
,,,,,,,,,,,,,,,,,,,,,,,,,,,,,,,
,,,,,,,,,,,,,,,,,,,,,,,,,,,,,,,
,,,,,,,,,,,,,,,,,,,,,,,,,,,,,,,
,,,,,,,,,,,,,,,,,,,,,,,,,,,,,,,
,,,,,,,,,,,,,,,,,,,,,,,,,,,,,,,
,,,,,,,,,,,,,,,,,,,,,,,,,,,,,,,
,,,,,,,,,,,,,,,,,,,,,,,,,,,,,,,
,,,,,,,,,,,,,,,,,,,,,,,,,,,,,,,
,,,,,,,,,,,,,,,,,,,,,,,,,,,,,,,
,,,,,,,,,,,,,,,,,,,,,,,,,,,,,,,
,,,,,,,,,,,,,,,,,,,,,,,,,,,,,,,
,,,,,,,,,,,,,,,,,,,,,,,,,,,,,,,
,,,,,,,,,,,,,,,,,,,,,,,,,,,,,,,
,,,,,,,,,,,,,,,,,,,,,,,,,,,,,,,
,,,,,,,,,,,,,,,,,,,,,,,,,,,,,,,
,,,,,,,,,,,,,,,,,,,,,,,,,,,,,,,
,,,,,,,,,,,,,,,,,,,,,,,,,,,,,,,
,,,,,,,,,,,,,,,,,,,,,,,,,,,,,,,
,,,,,,,,,,,,,,,,,,,,,,,,,,,,,,,
,,,,,,,,,,,,,,,,,,,,,,,,,,,,,,,
,,,,,,,,,,,,,,,,,,,,,,,,,,,,,,,
,,,,,,,,,,,,,,,,,,,,,,,,,,,,,,,
,,,,,,,,,,,,,,,,,,,,,,,,,,,,,,,
,,,,,,,,,,,,,,,,,,,,,,,,,,,,,,,
,,,,,,,,,,,,,,,,,,,,,,,,,,,,,,,
,,,,,,,,,,,,,,,,,,,,,,,,,,,,,,,
,,,,,,,,,,,,,,,,,,,,,,,,,,,,,,,
,,,,,,,,,,,,,,,,,,,,,,,,,,,,,,,
,,,,,,,,,,,,,,,,,,,,,,,,,,,,,,,
,,,,,,,,,,,,,,,,,,,,,,,,,,,,,,,
,,,,,,,,,,,,,,,,,,,,,,,,,,,,,,,
,,,,,,,,,,,,,,,,,,,,,,,,,,,,,,,
,,,,,,,,,,,,,,,,,,,,,,,,,,,,,,,
,,,,,,,,,,,,,,,,,,,,,,,,,,,,,,,
,,,,,,,,,,,,,,,,,,,,,,,,,,,,,,,
,,,,,,,,,,,,,,,,,,,,,,,,,,,,,,,
,,,,,,,,,,,,,,,,,,,,,,,,,,,,,,,
,,,,,,,,,,,,,,,,,,,,,,,,,,,,,,,
,,,,,,,,,,,,,,,,,,,,,,,,,,,,,,,
,,,,,,,,,,,,,,,,,,,,,,,,,,,,,,,
,,,,,,,,,,,,,,,,,,,,,,,,,,,,,,,
,,,,,,,,,,,,,,,,,,,,,,,,,,,,,,,
,,,,,,,,,,,,,,,,,,,,,,,,,,,,,,,
,,,,,,,,,,,,,,,,,,,,,,,,,,,,,,,
,,,,,,,,,,,,,,,,,,,,,,,,,,,,,,,
,,,,,,,,,,,,,,,,,,,,,,,,,,,,,,,
,,,,,,,,,,,,,,,,,,,,,,,,,,,,,,,
,,,,,,,,,,,,,,,,,,,,,,,,,,,,,,,
,,,,,,,,,,,,,,,,,,,,,,,,,,,,,,,
,,,,,,,,,,,,,,,,,,,,,,,,,,,,,,,
,,,,,,,,,,,,,,,,,,,,,,,,,,,,,,,
,,,,,,,,,,,,,,,,,,,,,,,,,,,,,,,
,,,,,,,,,,,,,,,,,,,,,,,,,,,,,,,
,,,,,,,,,,,,,,,,,,,,,,,,,,,,,,,
,,,,,,,,,,,,,,,,,,,,,,,,,,,,,,,
,,,,,,,,,,,,,,,,,,,,,,,,,,,,,,,
,,,,,,,,,,,,,,,,,,,,,,,,,,,,,,,
,,,,,,,,,,,,,,,,,,,,,,,,,,,,,,,
,,,,,,,,,,,,,,,,,,,,,,,,,,,,,,,
,,,,,,,,,,,,,,,,,,,,,,,,,,,,,,,
,,,,,,,,,,,,,,,,,,,,,,,,,,,,,,,
,,,,,,,,,,,,,,,,,,,,,,,,,,,,,,,
,,,,,,,,,,,,,,,,,,,,,,,,,,,,,,,
,,,,,,,,,,,,,,,,,,,,,,,,,,,,,,,
,,,,,,,,,,,,,,,,,,,,,,,,,,,,,,,
,,,,,,,,,,,,,,,,,,,,,,,,,,,,,,,
,,,,,,,,,,,,,,,,,,,,,,,,,,,,,,,
,,,,,,,,,,,,,,,,,,,,,,,,,,,,,,,
,,,,,,,,,,,,,,,,,,,,,,,,,,,,,,,
,,,,,,,,,,,,,,,,,,,,,,,,,,,,,,,
,,,,,,,,,,,,,,,,,,,,,,,,,,,,,,,
,,,,,,,,,,,,,,,,,,,,,,,,,,,,,,,
,,,,,,,,,,,,,,,,,,,,,,,,,,,,,,,
,,,,,,,,,,,,,,,,,,,,,,,,,,,,,,,
,,,,,,,,,,,,,,,,,,,,,,,,,,,,,,,
,,,,,,,,,,,,,,,,,,,,,,,,,,,,,,,
,,,,,,,,,,,,,,,,,,,,,,,,,,,,,,,
,,,,,,,,,,,,,,,,,,,,,,,,,,,,,,,
,,,,,,,,,,,,,,,,,,,,,,,,,,,,,,,
,,,,,,,,,,,,,,,,,,,,,,,,,,,,,,,
,,,,,,,,,,,,,,,,,,,,,,,,,,,,,,,
,,,,,,,,,,,,,,,,,,,,,,,,,,,,,,,
,,,,,,,,,,,,,,,,,,,,,,,,,,,,,,,
,,,,,,,,,,,,,,,,,,,,,,,,,,,,,,,
,,,,,,,,,,,,,,,,,,,,,,,,,,,,,,,
,,,,,,,,,,,,,,,,,,,,,,,,,,,,,,,
,,,,,,,,,,,,,,,,,,,,,,,,,,,,,,,
,,,,,,,,,,,,,,,,,,,,,,,,,,,,,,,
,,,,,,,,,,,,,,,,,,,,,,,,,,,,,,,
,,,,,,,,,,,,,,,,,,,,,,,,,,,,,,,
,,,,,,,,,,,,,,,,,,,,,,,,,,,,,,,
,,,,,,,,,,,,,,,,,,,,,,,,,,,,,,,
,,,,,,,,,,,,,,,,,,,,,,,,,,,,,,,
,,,,,,,,,,,,,,,,,,,,,,,,,,,,,,,
,,,,,,,,,,,,,,,,,,,,,,,,,,,,,,,
,,,,,,,,,,,,,,,,,,,,,,,,,,,,,,,
,,,,,,,,,,,,,,,,,,,,,,,,,,,,,,,
,,,,,,,,,,,,,,,,,,,,,,,,,,,,,,,
,,,,,,,,,,,,,,,,,,,,,,,,,,,,,,,
PROCESS_PRACTICES,User needs,Level 1,A,Do you actively and regularly gather feedback from users and act on it?,"### Expected 
* It’s essential to build customer feedback gathering into the delivery process. Every significant feature you build should start by considering the problem to be solved.

### Useful link
* https://dora.dev/devops-capabilities/process/customer-feedback/

### Example
* Demo
* Forms / Interviews etc ...",Keep,#0-UN00-DYAARGFF-d8a3ce71,TRUE,TRUE,FALSE,TRUE,TRUE,TRUE,TRUE,Cust. Feedback,"DORA research shows that teams achieve higher performance when they work in organizations that utilize those capabilities and also do the following:
* Collect customer satisfaction metrics regularly.
* Seek out and attend to customer feedback on product and feature quality.
* Use this feedback to help design products and features.",,,,,,,,,,,,,,,
PROCESS_PRACTICES,User needs,Level 1,B,Do you have metrics that measure customer satisfaction?,"### What
* When you are developing a product, it’s important to establish key metrics to gauge its success. These metrics help you understand whether you’re solving a real problem, whether your solution is being adopted sufficiently quickly, and whether users continue to use it and recommend it to others.

### Expected 
* Your customer satisfaction metrics are described on a documented page (definition and calculation) and measured and available for the team. 

### Useful link
* https://dora.dev/devops-capabilities/process/customer-feedback/

### Example
* NPS
* Customer satisfaction (rating)
* AARRR: acquisition, activation, retention, referral, and revenue",Keep,#0-UN00-DYHMTMCS-9eea3ca9,TRUE,TRUE,FALSE,TRUE,TRUE,TRUE,TRUE,Cust. Feedback,"DORA research shows that teams achieve higher performance when they work in organizations that utilize those capabilities and also do the following:
* Collect customer satisfaction metrics regularly.
* Seek out and attend to customer feedback on product and feature quality.
* Use this feedback to help design products and features.",,,,,,,,,,,,,,,
PROCESS_PRACTICES,User needs,Level 2,A,Are customer satisfaction metrics updated and broadcast to teams regularly? ,"### Expected 
* Delivery teams must know the customer feedback to be empowered to make changes to the design or specification of the system in response to feedback.

### Useful link
* https://dora.dev/devops-capabilities/process/customer-feedback/",Keep,#1-UN00-ACSMUABT-be2f4979,TRUE,TRUE,FALSE,TRUE,TRUE,TRUE,TRUE,Cust. Feedback,"DORA research shows that teams achieve higher performance when they work in organizations that utilize those capabilities and also do the following:
* Collect customer satisfaction metrics regularly.
* Seek out and attend to customer feedback on product and feature quality.
* Use this feedback to help design products and features.",,,,,,,,,,,,,,,
PROCESS_PRACTICES,User needs,Level 2,B,Do you act on customer satisfaction metrics?,"### Expected 
* Your customer satisfaction metrics are regularly reviewed and you take actions to maintain / improve them

### Useful link
* https://dora.dev/devops-capabilities/process/customer-feedback/

### Example
* Review
* Improve customer satisfaction as a key result (OKR)",Keep,#1-UN00-DYAOCSM0-f6b95d10,TRUE,TRUE,FALSE,TRUE,TRUE,TRUE,TRUE,Cust. Feedback,"DORA research shows that teams achieve higher performance when they work in organizations that utilize those capabilities and also do the following:
* Collect customer satisfaction metrics regularly.
* Seek out and attend to customer feedback on product and feature quality.
* Use this feedback to help design products and features.",,,,,,,,,,,,,,,
PROCESS_PRACTICES,User needs,Level 2,C,Do you perform user research with prototypes as part of delivery?,"### What
* Every significant feature you build should start by considering the problem to be solved. This should include performing user research to determine possible solutions and select a candidate. User research should be analyzed before a single line of code is written.

### Expected 
* User research and prototypes are published on a documented page

### Useful link
* https://dora.dev/devops-capabilities/process/customer-feedback/

### Example
* https://decathlon.atlassian.net/wiki/spaces/XCOM/whiteboard/516591154
*  ",Keep,#1-UN00-DYPURWPA-a1e2652f,TRUE,TRUE,FALSE,TRUE,TRUE,TRUE,TRUE,Cust. Feedback,"DORA research shows that teams achieve higher performance when they work in organizations that utilize those capabilities and also do the following:
* Collect customer satisfaction metrics regularly.
* Seek out and attend to customer feedback on product and feature quality.
* Use this feedback to help design products and features.",,,,,,,,,,,,,,,
PROCESS_PRACTICES,User needs,Level 3,A,Has everyone worked with a final user,"### Expected 
* By empathizing with customer problems and understanding their pains, engineering teams can create customer-centric solutions, improve user experiences, and build products that resonate with their target audience. Each member of the team must meet their users through interviews, live my life, etc.

### Example
* Interview
* Live my life",Keep,#2-UN00-HEWWAFU0-1d25be49,TRUE,TRUE,FALSE,TRUE,TRUE,TRUE,TRUE,Cust. Feedback,"DORA research shows that teams achieve higher performance when they work in organizations that utilize those capabilities and also do the following:
* Collect customer satisfaction metrics regularly.
* Seek out and attend to customer feedback on product and feature quality.
* Use this feedback to help design products and features.",,,,,,,,,,,,,,,
PROCESS_PRACTICES,User needs,Level 3,B,Do you make changes to features based on the user research you performed?,"### Expected 
* Each user research should lead to 1 or more improvement on a feature and if possible, related to one or several items of the customer satisfaction you aim at improving
",Keep,#2-UN00-DYMCTFBO-2df46029,TRUE,TRUE,FALSE,TRUE,TRUE,TRUE,TRUE,Cust. Feedback,"DORA research shows that teams achieve higher performance when they work in organizations that utilize those capabilities and also do the following:
* Collect customer satisfaction metrics regularly.
* Seek out and attend to customer feedback on product and feature quality.
* Use this feedback to help design products and features.",,,,,,,,,,,,,,,
PROCESS_PRACTICES,Product & Process,Level 1,A,Do you have a vision and product statement written ?,"### Expected 
* Your product vision is published on a documented page

### Example
* Elevator pitch",Keep,#0-PP00-DYHAVAPS-aa37cca1,TRUE,TRUE,FALSE,TRUE,TRUE,TRUE,TRUE,Vision,"Understands clearly where their team and the organization are going, and where they want the team to be in five years.",,,,,,,,,,,,,,,
PROCESS_PRACTICES,Product & Process,Level 1,B,"Is your strategy aligned with the Domain ?
","### Expected 
* Product OKR based on Domain OKR are written in a documented page",Keep,#0-PP00-IYSAWTD0-2c3bc603,TRUE,TRUE,FALSE,TRUE,TRUE,TRUE,TRUE,Vision,"Understands clearly where their team and the organization are going, and where they want the team to be in five years.",,,,,,,,,,,,,,,
PROCESS_PRACTICES,Product & Process,Level 1,C,Are the skills needed to run the team written in a skills matrix ?,"### Expected 
* A skill matrix with technical and functionnal data is documented, up to date & reviewed regularly to ensure a minimum level of competencies inside the team and avoid bottleneck and spof",Keep,#0-PP00-ATSNTRTT-9498da3c,TRUE,TRUE,FALSE,TRUE,TRUE,TRUE,TRUE,Empowered Teams,"In truly agile teams, what’s written on the story card is a reminder of a conversation between customers and the team. Stories start from the business outcome that they are trying to achieve or the problem they are trying to solve. Teams then decide on what needs to be done, and test whether it will achieve the outcome or solve the problem. Empower teams and allow them to work on new ideas in pursuit of business goals that solve important problems.",,,,,,,,,,,,,,,
PROCESS_PRACTICES,Product & Process,Level 1,D,Is there a clear onboarding process and follow up for each newcomer ?,"""### Expected 
* There is a template of onboarding process (tools, access, documentation, person to meet etc...), updated and followed for each new comer

### Useful link
* https://decathlon.atlassian.net/wiki/spaces/XCOM/pages/589365345/Onboarding+Template+SQUARE

### Example
* https://decathlon.atlassian.net/wiki/spaces/XCOM/pages/619479219/Onboarding+Olivier+Tailliez+SQUARE
* """,Keep,#0-PP00-ITACOPAF-b444a583,TRUE,TRUE,FALSE,TRUE,TRUE,TRUE,TRUE,Empowered Teams,"In truly agile teams, what’s written on the story card is a reminder of a conversation between customers and the team. Stories start from the business outcome that they are trying to achieve or the problem they are trying to solve. Teams then decide on what needs to be done, and test whether it will achieve the outcome or solve the problem. Empower teams and allow them to work on new ideas in pursuit of business goals that solve important problems.",,,,,,,,,,,,,,,
PROCESS_PRACTICES,Product & Process,Level 1,E,Are deployments possible every week ?,"""### Expected 
* Your already reach deployment frequency on delivery metrics < 7

### Useful link
* https://delivery-metrics.decathlon.net/
""",Keep,#0-PP00-ADPEW000-957e9a06,TRUE,TRUE,FALSE,TRUE,TRUE,TRUE,TRUE,Small Batches,"Working in small batches has many benefits:
* It reduces the time it takes to get feedback on changes, making it easier to triage and remediate problems.
* It increases efficiency and motivation.
* It prevents your organization from succumbing to the sunk-cost fallacy.",,,,,,,,,,,,,,,
PROCESS_PRACTICES,Product & Process,Level 1,F,You never had delays in production (or decrease of deployment frequency) related to features that are larger,"### Expected 
* When your deployment frequency decrease, is it because of larger features than usual ? 

### Example
* 1 or more tickets for which the cycle time is over the average cycle time",Keep,#0-PP00-YNHDIPOD-d3e14067,TRUE,TRUE,FALSE,TRUE,TRUE,TRUE,TRUE,Small Batches,"Working in small batches has many benefits:
* It reduces the time it takes to get feedback on changes, making it easier to triage and remediate problems.
* It increases efficiency and motivation.
* It prevents your organization from succumbing to the sunk-cost fallacy.",,,,,,,,,,,,,,,
PROCESS_PRACTICES,Product & Process,Level 2,A,Do you define a short-term roadmap  (3 month) ?,"### Expected 
* The roadmap is available in a documented page with the date of last update",Keep,#1-PP00-DYDASRM0-a88220ba,TRUE,TRUE,FALSE,TRUE,TRUE,TRUE,TRUE,Vision,"Understands clearly where their team and the organization are going, and where they want the team to be in five years.",,,,,,,,,,,,,,,
PROCESS_PRACTICES,Product & Process,Level 2,B,Does everybody in the organization have access to a visual display that shows what the team is working on and the status of their work?,"### Expected 
* Everyone can see what your team is working on and the status (progress)

### Example
* JIRA steering board (company managed)
* OKR published on a documented page (progress on OKR up to date)",Keep,#1-PP00-DEITOHAT-4a58d4a1,TRUE,TRUE,FALSE,TRUE,TRUE,TRUE,TRUE,Visual Management,Visual management boards can create a shared understanding of where the team is in terms of its operational effectiveness. They can also help identify and remove obstacles in the path to higher performance.,,,,,,,,,,,,,,,
PROCESS_PRACTICES,Product & Process,Level 2,C,The skills matrix is up to date when a team member onboards or leaves the team,"### Expected 
* The skill matrix is updated every quarter and actions are taken & docuemnted to have a good balance of competencies (training, recriutment etc ...)

### Useful link
* Template available here : https://docs.google.com/spreadsheets/d/15ifuD_-alP8P5vFfdBhmhRtus7n0bRtvsPMthSJl-GU/edit?usp=sharing",Keep,#1-PP00-TSMIUTDW-f48394a0,TRUE,TRUE,FALSE,TRUE,TRUE,TRUE,TRUE,Empowered Teams,"In truly agile teams, what’s written on the story card is a reminder of a conversation between customers and the team. Stories start from the business outcome that they are trying to achieve or the problem they are trying to solve. Teams then decide on what needs to be done, and test whether it will achieve the outcome or solve the problem. Empower teams and allow them to work on new ideas in pursuit of business goals that solve important problems.",,,,,,,,,,,,,,,
PROCESS_PRACTICES,Product & Process,Level 2,D,Can you commit and release changes before a feature is complete?,"""### Expected 
* Thanks to MVP, feature flipping etc ...you are able to commit and release changes quickly even if the feature is not complete.",Keep,#1-PP00-CYCARCBA-0eae2984,TRUE,TRUE,FALSE,TRUE,TRUE,TRUE,TRUE,Version Control,"Version control systems like Git, Subversion, and Mercurial provide a logical means to organize files and coordinate their creation, controlled access, updating, and deletion across teams and organizations.",Small Batches,"Working in small batches has many benefits:
* It reduces the time it takes to get feedback on changes, making it easier to triage and remediate problems.
* It increases efficiency and motivation.
* It prevents your organization from succumbing to the sunk-cost fallacy.",,,,,,,,,,,,,
PROCESS_PRACTICES,Product & Process,Level 3,A,Key project domains and technologies have at least two identified team members in the skills matrix,"### Why ?
To avoid human risk in the feature, we need to have pairing members on critical part of the application. 

### What ?
Manage the human risk in the skill matrix by identifing the key project domains and technologies on the product.

### How ?
Identify pairing members to train in the skill matrix tool and train them.",Keep,#2-PP00-KPDATHAL-320a70dc,TRUE,TRUE,FALSE,TRUE,TRUE,TRUE,TRUE,Empowered Teams,"In truly agile teams, what’s written on the story card is a reminder of a conversation between customers and the team. Stories start from the business outcome that they are trying to achieve or the problem they are trying to solve. Teams then decide on what needs to be done, and test whether it will achieve the outcome or solve the problem. Empower teams and allow them to work on new ideas in pursuit of business goals that solve important problems.",,,,,,,,,,,,,,,
PROCESS_PRACTICES,Product & Process,Level 3,B,Are your application features sliced in a way that lets the team complete the work in one week or less,"""### Expected 
* Your cycle time is under 5

### Useful link
* Tool is coming
""",Keep,#2-PP00-AYAFSIAW-5221684a,TRUE,TRUE,FALSE,TRUE,TRUE,TRUE,TRUE,Small Batches,"Working in small batches has many benefits:
* It reduces the time it takes to get feedback on changes, making it easier to triage and remediate problems.
* It increases efficiency and motivation.
* It prevents your organization from succumbing to the sunk-cost fallacy.",,,,,,,,,,,,,,,
PROCESS_PRACTICES,Product & Process,Level 3,C,"You keep information up to date when other teams have to collaborate with you (dependencies, PMO etc ...)","### Expected 
* Dependencies between JIRA tickets are filled and if a task of another team depends on yours, you keep the ""due-date"" up to date.
* Your contribution to a project / program / initiative is mapped on JIRA",Keep,#2-PP00-YIUTDWOT-a60b50cc,TRUE,TRUE,FALSE,TRUE,TRUE,TRUE,TRUE,Empowered Teams,"In truly agile teams, what’s written on the story card is a reminder of a conversation between customers and the team. Stories start from the business outcome that they are trying to achieve or the problem they are trying to solve. Teams then decide on what needs to be done, and test whether it will achieve the outcome or solve the problem. Empower teams and allow them to work on new ideas in pursuit of business goals that solve important problems.",,,,,,,,,,,,,,,
PROCESS_PRACTICES,Lean Management,Level 1,A,Do you have (a) visual management tool(s) ?,"""### Expected 
* Dashboard to display key information about your product, process, delivery, operations

### Useful link
* 

### Example
* Product : Measurement framework ?
* Workflow : JIRA  ?
* Delivery : DM ?
* Operations : SLI/SLO ?
""",Keep,#0-LM00-DYHAVMT0-3d48ddc2,TRUE,TRUE,FALSE,TRUE,TRUE,TRUE,TRUE,Visual Management,Visual management boards can create a shared understanding of where the team is in terms of its operational effectiveness. They can also help identify and remove obstacles in the path to higher performance.,,,,,,,,,,,,,,,
PROCESS_PRACTICES,Lean Management,Level 1,B,Is there a documented workflow available to anyone in the organization?,"### Expected 
* Your workflow is published on a documented page

### Example
* https://decathlon.atlassian.net/wiki/spaces/XCOM/pages/461965026/CiSC+-+Workflow+Jira",Keep,#0-LM00-ITADWATA-d2f5a449,TRUE,TRUE,FALSE,TRUE,TRUE,TRUE,TRUE,Empowered Teams,"In truly agile teams, what’s written on the story card is a reminder of a conversation between customers and the team. Stories start from the business outcome that they are trying to achieve or the problem they are trying to solve. Teams then decide on what needs to be done, and test whether it will achieve the outcome or solve the problem. Empower teams and allow them to work on new ideas in pursuit of business goals that solve important problems.",Visibility of Work,"Visibility of work represents the extent to which teams have a good understanding of the flow of work from the business all the way through to customers, and whether they have visibility into this flow, including the status of products and features. ",,,,,,,,,,,,,
PROCESS_PRACTICES,Lean Management,Level 1,C,"Do you have regular synchronisations events (rituals) that ensure value delivery ?
These events are documented with objectives and expected results ","### Expected 
* Your rituals are published on a documented page

### Example
* https://decathlon.atlassian.net/wiki/spaces/XCOM/pages/624001855/Rituels+de+l+quipe+CISG",Keep,#0-LM00-DYHRSERT-1636035a,TRUE,TRUE,FALSE,TRUE,TRUE,TRUE,TRUE,Empowered Teams,"In truly agile teams, what’s written on the story card is a reminder of a conversation between customers and the team. Stories start from the business outcome that they are trying to achieve or the problem they are trying to solve. Teams then decide on what needs to be done, and test whether it will achieve the outcome or solve the problem. Empower teams and allow them to work on new ideas in pursuit of business goals that solve important problems.",Visibility of Work,"Visibility of work represents the extent to which teams have a good understanding of the flow of work from the business all the way through to customers, and whether they have visibility into this flow, including the status of products and features. ",,,,,,,,,,,,,
PROCESS_PRACTICES,Lean Management,Level 1,D,Do you have WIP limits on your workflow ?,"### Expected 
* For each step of your workflow, you determined the WIP limit and raised an alert when a limit is reached",Keep,#0-LM00-DYHWLOYW-3e57f617,TRUE,TRUE,FALSE,TRUE,TRUE,TRUE,TRUE,WIP Limits,"When faced with too much work and too few people to do it, rookie managers assign people to work on multiple tasks in the hope of increasing throughput. Unfortunately, the result is that tasks take longer to get done, and the team burns out in the process.Instead, you should do the following:
* Prioritize work
* Limit how much people work on
* Focus on completing a small number of high-priority tasks",,,,,,,,,,,,,,,
PROCESS_PRACTICES,Lean Management,Level 1,E,Is your cycle time stable every months ?,"### Expected 
* Your cycle time is the same +/- 1 day each month 

### Useful link
* Dashboard to add here",Keep,#0-LM00-IYCTSEM0-abbc4f45,TRUE,TRUE,FALSE,TRUE,TRUE,TRUE,TRUE,Small Batches,"Working in small batches has many benefits:
* It reduces the time it takes to get feedback on changes, making it easier to triage and remediate problems.
* It increases efficiency and motivation.
* It prevents your organization from succumbing to the sunk-cost fallacy.",,,,,,,,,,,,,,,
PROCESS_PRACTICES,Lean Management,Level 2,A,"[Visual management] Do you use to review the most important pieces of information to include, and how precise do they need to be to help you solve your problems and achieve your goals (goals = OKR, sprint goals etc...) ?","### Expected 
* Information displayed on your dashboards are reviewed and challenged every quarter. If you ignore the visual displays, it's probably beacuse information are not relevant to your work, don't reflect information you cares about or you are not confident enough on the quality of the information displayed",Keep,#1-LM00-VMDYUTRT-731dd5ed,TRUE,TRUE,FALSE,TRUE,TRUE,TRUE,TRUE,Visual Management,Visual management boards can create a shared understanding of where the team is in terms of its operational effectiveness. They can also help identify and remove obstacles in the path to higher performance.,,,,,,,,,,,,,,,
PROCESS_PRACTICES,Lean Management,Level 2,B,Are you doing things about obstacles that prevent you increasing flow?,"### Expected 
* You don’t use to increase WIP limits when they are often reached. Instead, you work to improve your processes prioritizing work, limiting how much people work on,  and focusing on completing a small number of high-priority tasks

### Useful link
* https://dora.dev/capabilities/wip-limits/",Keep,#1-LM00-AYDTAOTP-6cdeec86,TRUE,TRUE,FALSE,TRUE,TRUE,TRUE,TRUE,WIP Limits,"When faced with too much work and too few people to do it, rookie managers assign people to work on multiple tasks in the hope of increasing throughput. Unfortunately, the result is that tasks take longer to get done, and the team burns out in the process.Instead, you should do the following:
* Prioritize work
* Limit how much people work on
* Focus on completing a small number of high-priority tasks",,,,,,,,,,,,,,,
PROCESS_PRACTICES,Lean Management,Level 2,C,"Are statistics on metrics such as cycle time, time in status, rework ... available to the team ?","### Expected 
*  Everyone in the team know how to access to workflow metrics and how to interpret them

### Useful link
* Dashboard to add here",Keep,#1-LM00-ASOMSACT-c16bd841,TRUE,TRUE,FALSE,TRUE,TRUE,TRUE,TRUE,Empowered Teams,"In truly agile teams, what’s written on the story card is a reminder of a conversation between customers and the team. Stories start from the business outcome that they are trying to achieve or the problem they are trying to solve. Teams then decide on what needs to be done, and test whether it will achieve the outcome or solve the problem. Empower teams and allow them to work on new ideas in pursuit of business goals that solve important problems.",Visibility of Work,"Visibility of work represents the extent to which teams have a good understanding of the flow of work from the business all the way through to customers, and whether they have visibility into this flow, including the status of products and features. ",,,,,,,,,,,,,
PROCESS_PRACTICES,Lean Management,Level 3,A,[Visual management] Is the information (and the actions people take in response to it) contributing to measurable improvement towards your goals and to help you solve your problems?,"### Example
* Based on data such as progress on OKR, reduce the lead time of a feature, decrease Mean Time To Restore, increase SLI/SLO",Keep,#2-LM00-VMITIATA-fca18b64,TRUE,TRUE,FALSE,TRUE,TRUE,TRUE,TRUE,Visual Management,Visual management boards can create a shared understanding of where the team is in terms of its operational effectiveness. They can also help identify and remove obstacles in the path to higher performance.,Supportive Lead,Considers others’ personal feelings before acting; behaves in a manner which is thoughtful of others’ personal needs; sees that the interests of team members are given due consideration.,,,,,,,,,,,,,
PROCESS_PRACTICES,Culture,Level 1,A,Do you help each others in every circumstances,"### Expected 
* You feel comfortable  asking  questions or asking for help",Keep,#0-C000-DYHEOIEC-a0fae5c9,TRUE,TRUE,FALSE,TRUE,TRUE,TRUE,TRUE,Supportive Lead,Considers others’ personal feelings before acting; behaves in a manner which is thoughtful of others’ personal needs; sees that the interests of team members are given due consideration.,Empowered Teams,"In truly agile teams, what’s written on the story card is a reminder of a conversation between customers and the team. Stories start from the business outcome that they are trying to achieve or the problem they are trying to solve. Teams then decide on what needs to be done, and test whether it will achieve the outcome or solve the problem. Empower teams and allow them to work on new ideas in pursuit of business goals that solve important problems.",,,,,,,,,,,,,
PROCESS_PRACTICES,Culture,Level 1,B,"On your team, is there a good cross-functionnal collaboration ?","### Expected 
* The role of everyone in the team is clear and communication is easy",Keep,#0-C000-OYTITAGC-587c55db,TRUE,TRUE,FALSE,TRUE,TRUE,TRUE,TRUE,Empowered Teams,"In truly agile teams, what’s written on the story card is a reminder of a conversation between customers and the team. Stories start from the business outcome that they are trying to achieve or the problem they are trying to solve. Teams then decide on what needs to be done, and test whether it will achieve the outcome or solve the problem. Empower teams and allow them to work on new ideas in pursuit of business goals that solve important problems.",,,,,,,,,,,,,,,
PROCESS_PRACTICES,Culture,Level 1,C,"Do you have continuous improvement rituals with your team? (can be retrospective, review or assessment)","### Expected 
* At least once a month, you have a look on figures and focus on what can be improved

### Example
* Retrospective
* Review
* Progress on OKR
* Maturity Matrix & Accelerate assessment",Keep,#0-C000-DYHCIRWY-b4a50dbb,TRUE,TRUE,FALSE,TRUE,TRUE,TRUE,TRUE,Empowered Teams,"In truly agile teams, what’s written on the story card is a reminder of a conversation between customers and the team. Stories start from the business outcome that they are trying to achieve or the problem they are trying to solve. Teams then decide on what needs to be done, and test whether it will achieve the outcome or solve the problem. Empower teams and allow them to work on new ideas in pursuit of business goals that solve important problems.",,,,,,,,,,,,,,,
PROCESS_PRACTICES,Culture,Level 2,A,Do you celebrate together when you achieve common goal,"### Expected 
* You celebrate together when you achieve common goals

### Example
* Breakfast, lunch, afterwork
* Can be Kudos inside the team
So you can respond to the market needs.",Keep,#1-C000-DYCTWYAC-9b5e178f,TRUE,TRUE,FALSE,TRUE,TRUE,TRUE,TRUE,Personal Recognition,Commends team members when they do a better than average job; acknowledges improvement in quality of team members' work; personally compliments team members when they do outstanding work.,,,,,,,,,,,,,,,
PROCESS_PRACTICES,Culture,Level 2,B,The communication in the team is fluid and transparent (the channels of communication are known by all),"""### Expected 
* Team charter and/or channels of communication are published on a documented page

### Example
* 
* """,Keep,#1-C000-TCITTIFA-a3c42d52,TRUE,TRUE,FALSE,TRUE,TRUE,TRUE,TRUE,Empowered Teams,"In truly agile teams, what’s written on the story card is a reminder of a conversation between customers and the team. Stories start from the business outcome that they are trying to achieve or the problem they are trying to solve. Teams then decide on what needs to be done, and test whether it will achieve the outcome or solve the problem. Empower teams and allow them to work on new ideas in pursuit of business goals that solve important problems.",,,,,,,,,,,,,,,
PROCESS_PRACTICES,Culture,Level 2,C,"On your team, are new ideas welcomed and experimented?","""### Expected 
* You often experiment with new ideas on processes, technologies, stories and specifications",Keep,#1-C000-OYTANIWA-d83d6bad,TRUE,TRUE,FALSE,TRUE,TRUE,TRUE,TRUE,Intellectual Stim,Challenges team members to think about old problems in new ways and to rethink some of their basic assumptions about their work; has ideas that force team members to rethink some things that they have never questioned before.,Team Experiment,"DORA research identifies three key components to team experimentation that drive software delivery performance:
* The ability to work on new ideas independently, without having to get permission from outside of the team.
* The ability to write and change specifications during development.
* The ability to make changes to stories and specifications without having to get permission from outside of the team.",,,,,,,,,,,,,
PROCESS_PRACTICES,Culture,Level 2,D,Do you plan specific action based on your improvement rituals and make sure they are carried out?,"### Expected 
* Action coming from your improvement rituals are listed and you follow their progress

### Example
* https://decathlon.atlassian.net/jira/software/projects/BPB/boards/1352",Keep,#1-C000-DYPSABOY-33c98e58,TRUE,TRUE,FALSE,TRUE,TRUE,TRUE,TRUE,Empowered Teams,"In truly agile teams, what’s written on the story card is a reminder of a conversation between customers and the team. Stories start from the business outcome that they are trying to achieve or the problem they are trying to solve. Teams then decide on what needs to be done, and test whether it will achieve the outcome or solve the problem. Empower teams and allow them to work on new ideas in pursuit of business goals that solve important problems.",,,,,,,,,,,,,,,
PROCESS_PRACTICES,Culture,Level 3,A,Do you have opened and honest communication with everyone the team ?,"### Expected 
* Problems related to communication, relationships and so on can be easily discussed

### Example
* You easily give and receive feedback in your team",Keep,#2-C000-DYHOAHCW-c9d99d5c,TRUE,TRUE,FALSE,TRUE,TRUE,TRUE,TRUE,Supportive Lead,Considers others’ personal feelings before acting; behaves in a manner which is thoughtful of others’ personal needs; sees that the interests of team members are given due consideration.,,,,,,,,,,,,,,,
PROCESS_PRACTICES,Culture,Level 3,B,"On your team, are failures treated primarily as opportunities to improve the system ?","""### Expected 
* Failures are not punished, they are treated as opportunities to learn, and you hold blameless post-mortems to work out how to improve processes and systems

### Useful link
* https://blog.codinghorror.com/the-ten-commandments-of-egoless-programming/",Keep,#2-C000-OYTAFTPA-74f81582,TRUE,TRUE,FALSE,TRUE,TRUE,TRUE,TRUE,Supportive Lead,Considers others’ personal feelings before acting; behaves in a manner which is thoughtful of others’ personal needs; sees that the interests of team members are given due consideration.,Team Experiment,"DORA research identifies three key components to team experimentation that drive software delivery performance:
* The ability to work on new ideas independently, without having to get permission from outside of the team.
* The ability to write and change specifications during development.
* The ability to make changes to stories and specifications without having to get permission from outside of the team.",,,,,,,,,,,,,
PROCESS_PRACTICES,Culture,Level 3,C,"Do you measure the impact of the change that you have done after an improvement ritual ? (can be velocity, lead time, delivery)","### Expected 
* You check that the actions implemented have a positive impact on the problem you wanted to solve",Keep,#2-C000-DYMTIOTC-c61fe4dc,TRUE,TRUE,FALSE,TRUE,TRUE,TRUE,TRUE,Empowered Teams,"In truly agile teams, what’s written on the story card is a reminder of a conversation between customers and the team. Stories start from the business outcome that they are trying to achieve or the problem they are trying to solve. Teams then decide on what needs to be done, and test whether it will achieve the outcome or solve the problem. Empower teams and allow them to work on new ideas in pursuit of business goals that solve important problems.",,,,,,,,,,,,,,,
,,,,,,,,,,,,,,,,,,,,,,,,,,,,,,,
,,,,,,,,,,,,,,,,,,,,,,,,,,,,,,,
,,,,,,,,,,,,,,,,,,,,,,,,,,,,,,,
,,,,,,,,,,,,,,,,,,,,,,,,,,,,,,,
,,,,,,,,,,,,,,,,,,,,,,,,,,,,,,,
,,,,,,,,,,,,,,,,,,,,,,,,,,,,,,,
,,,,,,,,,,,,,,,,,,,,,,,,,,,,,,,
,,,,,,,,,,,,,,,,,,,,,,,,,,,,,,,
,,,,,,,,,,,,,,,,,,,,,,,,,,,,,,,
,,,,,,,,,,,,,,,,,,,,,,,,,,,,,,,
,,,,,,,,,,,,,,,,,,,,,,,,,,,,,,,
,,,,,,,,,,,,,,,,,,,,,,,,,,,,,,,
,,,,,,,,,,,,,,,,,,,,,,,,,,,,,,,
,,,,,,,,,,,,,,,,,,,,,,,,,,,,,,,
,,,,,,,,,,,,,,,,,,,,,,,,,,,,,,,
,,,,,,,,,,,,,,,,,,,,,,,,,,,,,,,
,,,,,,,,,,,,,,,,,,,,,,,,,,,,,,,
,,,,,,,,,,,,,,,,,,,,,,,,,,,,,,,
,,,,,,,,,,,,,,,,,,,,,,,,,,,,,,,
,,,,,,,,,,,,,,,,,,,,,,,,,,,,,,,
,,,,,,,,,,,,,,,,,,,,,,,,,,,,,,,
,,,,,,,,,,,,,,,,,,,,,,,,,,,,,,,
,,,,,,,,,,,,,,,,,,,,,,,,,,,,,,,
,,,,,,,,,,,,,,,,,,,,,,,,,,,,,,,
,,,,,,,,,,,,,,,,,,,,,,,,,,,,,,,
,,,,,,,,,,,,,,,,,,,,,,,,,,,,,,,
,,,,,,,,,,,,,,,,,,,,,,,,,,,,,,,
,,,,,,,,,,,,,,,,,,,,,,,,,,,,,,,
,,,,,,,,,,,,,,,,,,,,,,,,,,,,,,,
,,,,,,,,,,,,,,,,,,,,,,,,,,,,,,,
,,,,,,,,,,,,,,,,,,,,,,,,,,,,,,,
,,,,,,,,,,,,,,,,,,,,,,,,,,,,,,,
,,,,,,,,,,,,,,,,,,,,,,,,,,,,,,,
,,,,,,,,,,,,,,,,,,,,,,,,,,,,,,,
,,,,,,,,,,,,,,,,,,,,,,,,,,,,,,,
,,,,,,,,,,,,,,,,,,,,,,,,,,,,,,,
,,,,,,,,,,,,,,,,,,,,,,,,,,,,,,,
,,,,,,,,,,,,,,,,,,,,,,,,,,,,,,,
,,,,,,,,,,,,,,,,,,,,,,,,,,,,,,,
,,,,,,,,,,,,,,,,,,,,,,,,,,,,,,,
,,,,,,,,,,,,,,,,,,,,,,,,,,,,,,,
,,,,,,,,,,,,,,,,,,,,,,,,,,,,,,,
,,,,,,,,,,,,,,,,,,,,,,,,,,,,,,,
,,,,,,,,,,,,,,,,,,,,,,,,,,,,,,,
,,,,,,,,,,,,,,,,,,,,,,,,,,,,,,,
,,,,,,,,,,,,,,,,,,,,,,,,,,,,,,,
,,,,,,,,,,,,,,,,,,,,,,,,,,,,,,,
,,,,,,,,,,,,,,,,,,,,,,,,,,,,,,,
,,,,,,,,,,,,,,,,,,,,,,,,,,,,,,,
,,,,,,,,,,,,,,,,,,,,,,,,,,,,,,,
,,,,,,,,,,,,,,,,,,,,,,,,,,,,,,,
,,,,,,,,,,,,,,,,,,,,,,,,,,,,,,,
,,,,,,,,,,,,,,,,,,,,,,,,,,,,,,,
,,,,,,,,,,,,,,,,,,,,,,,,,,,,,,,
,,,,,,,,,,,,,,,,,,,,,,,,,,,,,,,
,,,,,,,,,,,,,,,,,,,,,,,,,,,,,,,
,,,,,,,,,,,,,,,,,,,,,,,,,,,,,,,
,,,,,,,,,,,,,,,,,,,,,,,,,,,,,,,
,,,,,,,,,,,,,,,,,,,,,,,,,,,,,,,
,,,,,,,,,,,,,,,,,,,,,,,,,,,,,,,
,,,,,,,,,,,,,,,,,,,,,,,,,,,,,,,
,,,,,,,,,,,,,,,,,,,,,,,,,,,,,,,
,,,,,,,,,,,,,,,,,,,,,,,,,,,,,,,
,,,,,,,,,,,,,,,,,,,,,,,,,,,,,,,
,,,,,,,,,,,,,,,,,,,,,,,,,,,,,,,
,,,,,,,,,,,,,,,,,,,,,,,,,,,,,,,
,,,,,,,,,,,,,,,,,,,,,,,,,,,,,,,
,,,,,,,,,,,,,,,,,,,,,,,,,,,,,,,
,,,,,,,,,,,,,,,,,,,,,,,,,,,,,,,
,,,,,,,,,,,,,,,,,,,,,,,,,,,,,,,
,,,,,,,,,,,,,,,,,,,,,,,,,,,,,,,
,,,,,,,,,,,,,,,,,,,,,,,,,,,,,,,
,,,,,,,,,,,,,,,,,,,,,,,,,,,,,,,
,,,,,,,,,,,,,,,,,,,,,,,,,,,,,,,
,,,,,,,,,,,,,,,,,,,,,,,,,,,,,,,
,,,,,,,,,,,,,,,,,,,,,,,,,,,,,,,
,,,,,,,,,,,,,,,,,,,,,,,,,,,,,,,
,,,,,,,,,,,,,,,,,,,,,,,,,,,,,,,
,,,,,,,,,,,,,,,,,,,,,,,,,,,,,,,
,,,,,,,,,,,,,,,,,,,,,,,,,,,,,,,
,,,,,,,,,,,,,,,,,,,,,,,,,,,,,,,
,,,,,,,,,,,,,,,,,,,,,,,,,,,,,,,
,,,,,,,,,,,,,,,,,,,,,,,,,,,,,,,
,,,,,,,,,,,,,,,,,,,,,,,,,,,,,,,
,,,,,,,,,,,,,,,,,,,,,,,,,,,,,,,
,,,,,,,,,,,,,,,,,,,,,,,,,,,,,,,
,,,,,,,,,,,,,,,,,,,,,,,,,,,,,,,
,,,,,,,,,,,,,,,,,,,,,,,,,,,,,,,
,,,,,,,,,,,,,,,,,,,,,,,,,,,,,,,
,,,,,,,,,,,,,,,,,,,,,,,,,,,,,,,
,,,,,,,,,,,,,,,,,,,,,,,,,,,,,,,
,,,,,,,,,,,,,,,,,,,,,,,,,,,,,,,
,,,,,,,,,,,,,,,,,,,,,,,,,,,,,,,
,,,,,,,,,,,,,,,,,,,,,,,,,,,,,,,
,,,,,,,,,,,,,,,,,,,,,,,,,,,,,,,
,,,,,,,,,,,,,,,,,,,,,,,,,,,,,,,
,,,,,,,,,,,,,,,,,,,,,,,,,,,,,,,
,,,,,,,,,,,,,,,,,,,,,,,,,,,,,,,
,,,,,,,,,,,,,,,,,,,,,,,,,,,,,,,
,,,,,,,,,,,,,,,,,,,,,,,,,,,,,,,
,,,,,,,,,,,,,,,,,,,,,,,,,,,,,,,
,,,,,,,,,,,,,,,,,,,,,,,,,,,,,,,
,,,,,,,,,,,,,,,,,,,,,,,,,,,,,,,
,,,,,,,,,,,,,,,,,,,,,,,,,,,,,,,
,,,,,,,,,,,,,,,,,,,,,,,,,,,,,,,
,,,,,,,,,,,,,,,,,,,,,,,,,,,,,,,
,,,,,,,,,,,,,,,,,,,,,,,,,,,,,,,
,,,,,,,,,,,,,,,,,,,,,,,,,,,,,,,
,,,,,,,,,,,,,,,,,,,,,,,,,,,,,,,
,,,,,,,,,,,,,,,,,,,,,,,,,,,,,,,
,,,,,,,,,,,,,,,,,,,,,,,,,,,,,,,
,,,,,,,,,,,,,,,,,,,,,,,,,,,,,,,
,,,,,,,,,,,,,,,,,,,,,,,,,,,,,,,
,,,,,,,,,,,,,,,,,,,,,,,,,,,,,,,
,,,,,,,,,,,,,,,,,,,,,,,,,,,,,,,
,,,,,,,,,,,,,,,,,,,,,,,,,,,,,,,
,,,,,,,,,,,,,,,,,,,,,,,,,,,,,,,
,,,,,,,,,,,,,,,,,,,,,,,,,,,,,,,
,,,,,,,,,,,,,,,,,,,,,,,,,,,,,,,
,,,,,,,,,,,,,,,,,,,,,,,,,,,,,,,
,,,,,,,,,,,,,,,,,,,,,,,,,,,,,,,
,,,,,,,,,,,,,,,,,,,,,,,,,,,,,,,
,,,,,,,,,,,,,,,,,,,,,,,,,,,,,,,
,,,,,,,,,,,,,,,,,,,,,,,,,,,,,,,
,,,,,,,,,,,,,,,,,,,,,,,,,,,,,,,
,,,,,,,,,,,,,,,,,,,,,,,,,,,,,,,
,,,,,,,,,,,,,,,,,,,,,,,,,,,,,,,
,,,,,,,,,,,,,,,,,,,,,,,,,,,,,,,
,,,,,,,,,,,,,,,,,,,,,,,,,,,,,,,
,,,,,,,,,,,,,,,,,,,,,,,,,,,,,,,
,,,,,,,,,,,,,,,,,,,,,,,,,,,,,,,
,,,,,,,,,,,,,,,,,,,,,,,,,,,,,,,
,,,,,,,,,,,,,,,,,,,,,,,,,,,,,,,
,,,,,,,,,,,,,,,,,,,,,,,,,,,,,,,
,,,,,,,,,,,,,,,,,,,,,,,,,,,,,,,
,,,,,,,,,,,,,,,,,,,,,,,,,,,,,,,
,,,,,,,,,,,,,,,,,,,,,,,,,,,,,,,
,,,,,,,,,,,,,,,,,,,,,,,,,,,,,,,
,,,,,,,,,,,,,,,,,,,,,,,,,,,,,,,
,,,,,,,,,,,,,,,,,,,,,,,,,,,,,,,
,,,,,,,,,,,,,,,,,,,,,,,,,,,,,,,
,,,,,,,,,,,,,,,,,,,,,,,,,,,,,,,
,,,,,,,,,,,,,,,,,,,,,,,,,,,,,,,
,,,,,,,,,,,,,,,,,,,,,,,,,,,,,,,
,,,,,,,,,,,,,,,,,,,,,,,,,,,,,,,
,,,,,,,,,,,,,,,,,,,,,,,,,,,,,,,
,,,,,,,,,,,,,,,,,,,,,,,,,,,,,,,
,,,,,,,,,,,,,,,,,,,,,,,,,,,,,,,
,,,,,,,,,,,,,,,,,,,,,,,,,,,,,,,
,,,,,,,,,,,,,,,,,,,,,,,,,,,,,,,
,,,,,,,,,,,,,,,,,,,,,,,,,,,,,,,
,,,,,,,,,,,,,,,,,,,,,,,,,,,,,,,
,,,,,,,,,,,,,,,,,,,,,,,,,,,,,,,
,,,,,,,,,,,,,,,,,,,,,,,,,,,,,,,
,,,,,,,,,,,,,,,,,,,,,,,,,,,,,,,
,,,,,,,,,,,,,,,,,,,,,,,,,,,,,,,
,,,,,,,,,,,,,,,,,,,,,,,,,,,,,,,
,,,,,,,,,,,,,,,,,,,,,,,,,,,,,,,
,,,,,,,,,,,,,,,,,,,,,,,,,,,,,,,
,,,,,,,,,,,,,,,,,,,,,,,,,,,,,,,
,,,,,,,,,,,,,,,,,,,,,,,,,,,,,,,
,,,,,,,,,,,,,,,,,,,,,,,,,,,,,,,
,,,,,,,,,,,,,,,,,,,,,,,,,,,,,,,
,,,,,,,,,,,,,,,,,,,,,,,,,,,,,,,
,,,,,,,,,,,,,,,,,,,,,,,,,,,,,,,
,,,,,,,,,,,,,,,,,,,,,,,,,,,,,,,
,,,,,,,,,,,,,,,,,,,,,,,,,,,,,,,
,,,,,,,,,,,,,,,,,,,,,,,,,,,,,,,
,,,,,,,,,,,,,,,,,,,,,,,,,,,,,,,
,,,,,,,,,,,,,,,,,,,,,,,,,,,,,,,
,,,,,,,,,,,,,,,,,,,,,,,,,,,,,,,
,,,,,,,,,,,,,,,,,,,,,,,,,,,,,,,
,,,,,,,,,,,,,,,,,,,,,,,,,,,,,,,
,,,,,,,,,,,,,,,,,,,,,,,,,,,,,,,
,,,,,,,,,,,,,,,,,,,,,,,,,,,,,,,
,,,,,,,,,,,,,,,,,,,,,,,,,,,,,,,
,,,,,,,,,,,,,,,,,,,,,,,,,,,,,,,
,,,,,,,,,,,,,,,,,,,,,,,,,,,,,,,
,,,,,,,,,,,,,,,,,,,,,,,,,,,,,,,
,,,,,,,,,,,,,,,,,,,,,,,,,,,,,,,
,,,,,,,,,,,,,,,,,,,,,,,,,,,,,,,
,,,,,,,,,,,,,,,,,,,,,,,,,,,,,,,
,,,,,,,,,,,,,,,,,,,,,,,,,,,,,,,
,,,,,,,,,,,,,,,,,,,,,,,,,,,,,,,
,,,,,,,,,,,,,,,,,,,,,,,,,,,,,,,
,,,,,,,,,,,,,,,,,,,,,,,,,,,,,,,
,,,,,,,,,,,,,,,,,,,,,,,,,,,,,,,
,,,,,,,,,,,,,,,,,,,,,,,,,,,,,,,
,,,,,,,,,,,,,,,,,,,,,,,,,,,,,,,
,,,,,,,,,,,,,,,,,,,,,,,,,,,,,,,
,,,,,,,,,,,,,,,,,,,,,,,,,,,,,,,
,,,,,,,,,,,,,,,,,,,,,,,,,,,,,,,
,,,,,,,,,,,,,,,,,,,,,,,,,,,,,,,
,,,,,,,,,,,,,,,,,,,,,,,,,,,,,,,
,,,,,,,,,,,,,,,,,,,,,,,,,,,,,,,
,,,,,,,,,,,,,,,,,,,,,,,,,,,,,,,
,,,,,,,,,,,,,,,,,,,,,,,,,,,,,,,
,,,,,,,,,,,,,,,,,,,,,,,,,,,,,,,
,,,,,,,,,,,,,,,,,,,,,,,,,,,,,,,
,,,,,,,,,,,,,,,,,,,,,,,,,,,,,,,
,,,,,,,,,,,,,,,,,,,,,,,,,,,,,,,
,,,,,,,,,,,,,,,,,,,,,,,,,,,,,,,
,,,,,,,,,,,,,,,,,,,,,,,,,,,,,,,
,,,,,,,,,,,,,,,,,,,,,,,,,,,,,,,
,,,,,,,,,,,,,,,,,,,,,,,,,,,,,,,
,,,,,,,,,,,,,,,,,,,,,,,,,,,,,,,
,,,,,,,,,,,,,,,,,,,,,,,,,,,,,,,
,,,,,,,,,,,,,,,,,,,,,,,,,,,,,,,
,,,,,,,,,,,,,,,,,,,,,,,,,,,,,,,
,,,,,,,,,,,,,,,,,,,,,,,,,,,,,,,
,,,,,,,,,,,,,,,,,,,,,,,,,,,,,,,
,,,,,,,,,,,,,,,,,,,,,,,,,,,,,,,
,,,,,,,,,,,,,,,,,,,,,,,,,,,,,,,
,,,,,,,,,,,,,,,,,,,,,,,,,,,,,,,
,,,,,,,,,,,,,,,,,,,,,,,,,,,,,,,
,,,,,,,,,,,,,,,,,,,,,,,,,,,,,,,
,,,,,,,,,,,,,,,,,,,,,,,,,,,,,,,
,,,,,,,,,,,,,,,,,,,,,,,,,,,,,,,
,,,,,,,,,,,,,,,,,,,,,,,,,,,,,,,
,,,,,,,,,,,,,,,,,,,,,,,,,,,,,,,
,,,,,,,,,,,,,,,,,,,,,,,,,,,,,,,
,,,,,,,,,,,,,,,,,,,,,,,,,,,,,,,
,,,,,,,,,,,,,,,,,,,,,,,,,,,,,,,
,,,,,,,,,,,,,,,,,,,,,,,,,,,,,,,
,,,,,,,,,,,,,,,,,,,,,,,,,,,,,,,
,,,,,,,,,,,,,,,,,,,,,,,,,,,,,,,
,,,,,,,,,,,,,,,,,,,,,,,,,,,,,,,
,,,,,,,,,,,,,,,,,,,,,,,,,,,,,,,
,,,,,,,,,,,,,,,,,,,,,,,,,,,,,,,
,,,,,,,,,,,,,,,,,,,,,,,,,,,,,,,
,,,,,,,,,,,,,,,,,,,,,,,,,,,,,,,
,,,,,,,,,,,,,,,,,,,,,,,,,,,,,,,
,,,,,,,,,,,,,,,,,,,,,,,,,,,,,,,
,,,,,,,,,,,,,,,,,,,,,,,,,,,,,,,
,,,,,,,,,,,,,,,,,,,,,,,,,,,,,,,
,,,,,,,,,,,,,,,,,,,,,,,,,,,,,,,
,,,,,,,,,,,,,,,,,,,,,,,,,,,,,,,
,,,,,,,,,,,,,,,,,,,,,,,,,,,,,,,
,,,,,,,,,,,,,,,,,,,,,,,,,,,,,,,
,,,,,,,,,,,,,,,,,,,,,,,,,,,,,,,
,,,,,,,,,,,,,,,,,,,,,,,,,,,,,,,
,,,,,,,,,,,,,,,,,,,,,,,,,,,,,,,
,,,,,,,,,,,,,,,,,,,,,,,,,,,,,,,
,,,,,,,,,,,,,,,,,,,,,,,,,,,,,,,
,,,,,,,,,,,,,,,,,,,,,,,,,,,,,,,
,,,,,,,,,,,,,,,,,,,,,,,,,,,,,,,
,,,,,,,,,,,,,,,,,,,,,,,,,,,,,,,
,,,,,,,,,,,,,,,,,,,,,,,,,,,,,,,
,,,,,,,,,,,,,,,,,,,,,,,,,,,,,,,
,,,,,,,,,,,,,,,,,,,,,,,,,,,,,,,
,,,,,,,,,,,,,,,,,,,,,,,,,,,,,,,
,,,,,,,,,,,,,,,,,,,,,,,,,,,,,,,
,,,,,,,,,,,,,,,,,,,,,,,,,,,,,,,
,,,,,,,,,,,,,,,,,,,,,,,,,,,,,,,
,,,,,,,,,,,,,,,,,,,,,,,,,,,,,,,
,,,,,,,,,,,,,,,,,,,,,,,,,,,,,,,
,,,,,,,,,,,,,,,,,,,,,,,,,,,,,,,
,,,,,,,,,,,,,,,,,,,,,,,,,,,,,,,
,,,,,,,,,,,,,,,,,,,,,,,,,,,,,,,
,,,,,,,,,,,,,,,,,,,,,,,,,,,,,,,
,,,,,,,,,,,,,,,,,,,,,,,,,,,,,,,
DATA,Data documentation,Level 1,A,Your data model is documented,"Your functional product's data model (business objects, business value) mainly described through the raw code source or scattered files, limiting documentation to describing physical tables after they are built

- [Business object definition](https://decathlon-group.collibra.com/asset/00923336-c93c-4c92-bd2f-280cb7cb2115) in collibra.  
- [Business objects and attributes definition](https://docs.google.com/presentation/d/1gioqQf0w0LyIGx7Non8K7yx59fVXC-FyfnH1KnYkY1I/edit?usp=sharing)  
- [Example of a business object documentation](https://decathlon-group.collibra.com/asset/1739c89e-11f8-4455-b847-f715b5af94e7)",Update,#0-DD00-HBORTTAB-31037d3a,TRUE,FALSE,TRUE,TRUE,FALSE,TRUE,FALSE,Visibility of Work,"Visibility of work represents the extent to which teams have a good understanding of the flow of work from the business all the way through to customers, and whether they have visibility into this flow, including the status of products and features. ",,,,,,,,,,,,,,,
DATA,Data documentation,Level 3,A,Your data model is centralized in the Data Catalog,"Business objects and definitions are referenced in the official Data Catalog with help from Data Governance to align with company standards.
It is required in order to the technical stakeholders to understand data.

- [Data modeling detailed process](https://sites.google.com/decathlon.com/data-governance/reference-documents/data-knowledge/functional-data-knowledge) (to document app, data objects and datasets)",Update,#2-DD00-HTDMBD00-16362b62,TRUE,FALSE,TRUE,TRUE,FALSE,TRUE,FALSE,Visibility of Work,"Visibility of work represents the extent to which teams have a good understanding of the flow of work from the business all the way through to customers, and whether they have visibility into this flow, including the status of products and features. ",,,,,,,,,,,,,,,
DATA,Data documentation,Level 3,B,You manage schemas as code,"Schema management is handled using 'Schema-as-Code' and versioned in Git repositories.

- Illustration with the [Data Contract approach](https://decathlon.atlassian.net/wiki/spaces/DATA/pages/185336971/Data+contract)",New,#2-DD00-YMSAC000-b8a18fea,FALSE,FALSE,FALSE,FALSE,FALSE,TRUE,FALSE,Visibility of Work,"Visibility of work represents the extent to which teams have a good understanding of the flow of work from the business all the way through to customers, and whether they have visibility into this flow, including the status of products and features. ",,,,,,,,,,,,,,,
DATA,Data documentation,Level 4,A,You systematically update documentation upon release,"You ensure the Data Catalog accurately reflects the functional definitions of all production data. Updates are performed systematically with every change or release, often in collaboration with the Data Steward.
 
- To [reference](https://decathlon.atlassian.net/wiki/spaces/DATA/pages/236422446/How+to+validate+Data+has+an+identified+Producer) the app in Collibra
- To [find the data manager](https://sites.google.com/decathlon.com/data-governance/roles-responsibilities/data-manager) related to my data",Update,#3-DD00-HTABRAVW-39d3bf15,TRUE,FALSE,TRUE,TRUE,FALSE,TRUE,FALSE,Visibility of Work,"Visibility of work represents the extent to which teams have a good understanding of the flow of work from the business all the way through to customers, and whether they have visibility into this flow, including the status of products and features. ",,,,,,,,,,,,,,,
DATA,Data documentation,Level 5,A,Has critical data been identified and documented with the Data Manager in the Data Catalog (Collibra)?,"Data criticity is being identified in Collibra (2024-2025)
- [Definition of critical data](https://docs.google.com/presentation/d/11qh5SIVK071a2QZUsdkCBHXHFjtz8WJv/edit#slide=id.g2cedf5c4640_1_0)",Delete,#4-DD00-HCDBIADW-40c8bf58,TRUE,FALSE,TRUE,TRUE,FALSE,TRUE,FALSE,Visibility of Work,"Visibility of work represents the extent to which teams have a good understanding of the flow of work from the business all the way through to customers, and whether they have visibility into this flow, including the status of products and features. ",,,,,,,,,,,,,,,
DATA,Data documentation,Level 5,A,"You follow a ""Schema-First"" approach with versioning strategy contract-compliant","Functional modeling and documentation are mandatory steps performed before any new data is exposed.
A robust schema versioning strategy is in place to ensure evolution without breaking downstream data contracts.

- Illustration with the [Data Contract approach](https://decathlon.atlassian.net/wiki/spaces/DATA/pages/185336971/Data+contract)",Update,#4-DD00-IDDIWDCD-d2e417c6,FALSE,FALSE,FALSE,FALSE,FALSE,TRUE,FALSE,Visibility of Work,"Visibility of work represents the extent to which teams have a good understanding of the flow of work from the business all the way through to customers, and whether they have visibility into this flow, including the status of products and features. ",,,,,,,,,,,,,MARTIN DELOBEL -CROIX-,,
DATA,Data governance,Level 1,A,You are aware of Data Governance topics,"Data governance [discovery kit](https://docs.google.com/presentation/d/1eJSsPjyTFlZ7V8-SuFQh6esvWFpi9dLuFUMJ19qddzA/edit#slide=id.g2a6cbe5e530_0_879) 

As owner of an application/digital product, you might be a data producer.
Find the data producer training in the [Academy](https://classroom.decathlon.com/explore/presential/8794bd66-7170-4edb-8160-9fc966003dd5)
",Update,#0-DG00-ATPKSAAO-07e4422d,TRUE,FALSE,TRUE,FALSE,FALSE,TRUE,FALSE,,,,,,,,,,,,,,,,,
DATA,Data governance,Level 1,B,Is there a disconnect where Data Governance priorities are invisible in your current backlog or technical planning ?,TBD,New,#0-DG00-ITADWDGP-ecebdf65,FALSE,FALSE,FALSE,FALSE,FALSE,TRUE,FALSE,,,,,,,,,,,,,,,,,
DATA,Data governance,Level 3,A,You encountered Data Governance topics ,"Data that is not provided by its reference source creates duplication, and therefore generates confusion and unwanted stickiness in the IS.

If the data producer deviates from this principle, he must inform the data consumers in the documentation that this provision is only temporary.

- [How to validate Data is directly provided by the referent source](https://decathlon.atlassian.net/wiki/spaces/DATA/pages/236422466/How+to+validate+Data+is+directly+provided+by+the+referent+source)

",Update,#1-DG00-ITDOMPIF-47a69f88,TRUE,FALSE,TRUE,FALSE,FALSE,TRUE,FALSE,,,,,,,,,,,,,,,,,
DATA,Data governance,Level 3,B,"Do Data Governance roadmap requests often come as an afterthought, forcing you to adjust your sprint or roadmap reactively?","Data criticity is being identified in Collibra (2024-2025)
- [Definition of critical data](https://docs.google.com/presentation/d/11qh5SIVK071a2QZUsdkCBHXHFjtz8WJv/edit#slide=id.g2cedf5c4640_1_0)",Update,#2-DG00-DYIYDMAW-e42d627c,TRUE,FALSE,TRUE,FALSE,FALSE,TRUE,FALSE,,,,,,,,,,,,,,,,,
DATA,Data governance,Level 4,A,Did you receive specific Data Governance training & acculturation sesisons as part of your official onboarding path ?,"It is crucial to understand the usages of your data consumers in order to:
- Change data to deliver value for them (if needed).
- Not break downstream usages if you change data.

It can includes qualitative information (lineage, need, limits for consumers, tentative improvement) and quantitative information (number of users, number of flows connected to the data produced...).",Update,#2-DG00-DMTKTDCO-2448b2ad,TRUE,FALSE,TRUE,FALSE,FALSE,TRUE,FALSE,,,,,,,,,,,,,,,,,
DATA,Data governance,Level 4,B,"Are Data Governance requests identified and prioritized alongside your technical roadmap during standard planning rituals (e.g., Quarterly Planning, Sprint planning)?","Data criticity is being identified in Collibra (2024-2025)
- [Definition of critical data](https://docs.google.com/presentation/d/11qh5SIVK071a2QZUsdkCBHXHFjtz8WJv/edit#slide=id.g2cedf5c4640_1_0)
- To work on critical data definition, contact your data manager

Example of specific actions: 
- Quality Measure
- Auditability",Delete,#3-DG00-DYATCDOY-e1adba99,TRUE,FALSE,TRUE,FALSE,FALSE,TRUE,FALSE,,,,,,,,,,,,,,,,,
DATA,Data governance,Level 5,A,"Is Data Governance embedded in your continuous learning rituals, keeping you proactively updated on new standards?","You have on the scope of your data, at least: 
- 1 data owner/knower/manager, 1 data steward
- 1 recurring meeting with them

Find the [data manager related to your data](https://sites.google.com/decathlon.com/data-governance/roles-responsibilities/data-manager) and the data owner (if he exists).",Update,#4-DG00-TPHIAODG-7d222964,TRUE,FALSE,FALSE,TRUE,FALSE,TRUE,FALSE,,,,,,,,,,,,,,,,,
DATA,Data governance,Level 5,B,"Are Data Governance requests natively embedded in your technical design and features, making the roadmap completely aligned?",TBD,New,#4-DG00-ADGRNEIY-fb5957f1,FALSE,FALSE,FALSE,FALSE,FALSE,TRUE,FALSE,,,,,,,,,,,,,,,,,
DATA,Data privacy,Level 1,A,Are you not unaware of which data within your scope classifies as Personal Data?,"[Overall introduction](https://sites.google.com/a/decathlon.com/legal/data-protection/what-is-the-gdpr) documentation. You can as well read these ones: 
- [Data Protection](https://sites.google.com/a/decathlon.com/legal/data-protection)
- [Data protection Training](https://sites.google.com/a/decathlon.com/legal/data-protection/training)",Update,#0-DP00-TMSAAOTP-72e020bc,TRUE,FALSE,FALSE,TRUE,FALSE,TRUE,FALSE,Shift Left on Security,"By better integrating information security (InfoSec) objectives into daily work, teams can achieve higher levels of software delivery performance and build more secure systems. This idea is also known as shifting left, because concerns, including security concerns, are addressed earlier in the software development lifecycle (that is, left in a left-to-right schedule diagram).",,,,,,,,,,,,,,,
DATA,Data privacy,Level 1,B,"If my application collects personal data, have the user consent always been retrieved?
Has the process been validated by the treatment officer? The Data Protection Officer?",Here are the [contact names](https://www.google.com/maps/d/u/0/viewer?ll=15.35840076934714%2C0&z=2&mid=1PLccJ8GbWirmxbB6XEpA_voh1hIiTxBG) (DPO/Legal) for each country.,Delete,#0-DP00-IMACPDHT-3a1d14db,TRUE,FALSE,FALSE,TRUE,FALSE,TRUE,FALSE,Shift Left on Security,"By better integrating information security (InfoSec) objectives into daily work, teams can achieve higher levels of software delivery performance and build more secure systems. This idea is also known as shifting left, because concerns, including security concerns, are addressed earlier in the software development lifecycle (that is, left in a left-to-right schedule diagram).",,,,,,,,,,,,,,,
DATA,Data privacy,Level 2,A,"Did you make the effort to document or tag this data as ‘Personal’ (in your code or API), even if it required manual action or if it's in informal or partial lists (e.g., spreadsheets) ?",TBD,Update,#1-DP00-HIRTPONO-0974b742,TRUE,FALSE,FALSE,TRUE,FALSE,TRUE,FALSE,Shift Left on Security,"By better integrating information security (InfoSec) objectives into daily work, teams can achieve higher levels of software delivery performance and build more secure systems. This idea is also known as shifting left, because concerns, including security concerns, are addressed earlier in the software development lifecycle (that is, left in a left-to-right schedule diagram).",,,,,,,,,,,,,,,
DATA,Data privacy,Level 3,A,"Has information regarding the presence or not of personal data in your data / the class been documented by your data owner in the data catalog (Collibra)?
","Definition of [Personal data](https://www.cnil.fr/en/personal-data-definition). 

- Here is an [example](https://decathlon-group.collibra.com/asset/d14c487b-d7bb-4990-bd54-37cb63d182b7) of the place and of the type of information to fill in.",Update,#2-DP00-FDIITDOI-f063e180,TRUE,FALSE,FALSE,TRUE,FALSE,TRUE,FALSE,Shift Left on Security,"By better integrating information security (InfoSec) objectives into daily work, teams can achieve higher levels of software delivery performance and build more secure systems. This idea is also known as shifting left, because concerns, including security concerns, are addressed earlier in the software development lifecycle (that is, left in a left-to-right schedule diagram).",,,,,,,,,,,,,,,
DATA,Data privacy,Level 3,B,Have you verified that the Information regarding Personal/Confidential data been documented in the Data Documentation (Data Contract or ID Card for DFI users) ?,For DFI users : The [DFI process to fill in the ID card](https://sites.google.com/a/decathlon.com/legal/data-protection/data-protection-impact-assessment-dpia) requires the declaration of any personal data at step 3 (table level) and step 6 (column level) in order then the Data Factory Ingest Platform manages personal data specifically based on the security policies.,Update,#2-DP00-FDIITDOY-ce51054c,TRUE,FALSE,FALSE,TRUE,FALSE,TRUE,FALSE,Shift Left on Security,"By better integrating information security (InfoSec) objectives into daily work, teams can achieve higher levels of software delivery performance and build more secure systems. This idea is also known as shifting left, because concerns, including security concerns, are addressed earlier in the software development lifecycle (that is, left in a left-to-right schedule diagram).",,,,,,,,,,,,,,,
DATA,Data privacy,Level 3,C,"If my application produces/manages personal data, has the final usage of it been documented?",[Data Protection Impact Assessment (DPIA)](https://sites.google.com/a/decathlon.com/legal/data-protection/data-protection-impact-assessment-dpia),Delete,#2-DP00-IMAPPDHT-99a2fe6a,TRUE,FALSE,FALSE,TRUE,FALSE,TRUE,FALSE,Shift Left on Security,"By better integrating information security (InfoSec) objectives into daily work, teams can achieve higher levels of software delivery performance and build more secure systems. This idea is also known as shifting left, because concerns, including security concerns, are addressed earlier in the software development lifecycle (that is, left in a left-to-right schedule diagram).",,,,,,,,,,,,,,,
DATA,Data privacy,Level 4,A,"If a list of clients require to remove their personal data, is your team able to do it easily? including the all history of data ",TBD,Keep,#3-DP00-IALOCRTR-a6692769,TRUE,FALSE,FALSE,TRUE,FALSE,TRUE,FALSE,Shift Left on Security,"By better integrating information security (InfoSec) objectives into daily work, teams can achieve higher levels of software delivery performance and build more secure systems. This idea is also known as shifting left, because concerns, including security concerns, are addressed earlier in the software development lifecycle (that is, left in a left-to-right schedule diagram).",,,,,,,,,,,,,,,
DATA,Data privacy,Level 4,B,"Are reliability checks (quality checks, monitoring, SLAs) applied systematically and in a standardized manner to this personal data,  based on the fully validated inventory in the Data Catalog where all Personal Data is clearly identified and tagged ?","Depending on the classification of the data, the level of security must be different (e.g. data encryption, storage in secured private zone, data access controls...). 
For instance, the client name must be more protected than the adress of Decathlon shops. 
Furthermore, security over data must be strenghtened if the data can be read by external users than for internal ones.

You must comply with the [Group personal data classification and security measures](https://decathlon.atlassian.net/wiki/spaces/DATA/pages/185431787/03a+-+Personal+Data+classification+security+measures).",Update,#3-DP00-DYAHTRSA-80e5d56b,TRUE,FALSE,FALSE,TRUE,FALSE,TRUE,FALSE,Shift Left on Security,"By better integrating information security (InfoSec) objectives into daily work, teams can achieve higher levels of software delivery performance and build more secure systems. This idea is also known as shifting left, because concerns, including security concerns, are addressed earlier in the software development lifecycle (that is, left in a left-to-right schedule diagram).",,,,,,,,,,,,,,,
DATA,Data privacy,Level 5,A,Does your team use a process for regular privacy impact assessments and audits to ensure compliance?,TBD,Keep,#4-DP00-DYTUAPFR-9bd64a8b,TRUE,FALSE,TRUE,TRUE,FALSE,TRUE,FALSE,Shift Left on Security,"By better integrating information security (InfoSec) objectives into daily work, teams can achieve higher levels of software delivery performance and build more secure systems. This idea is also known as shifting left, because concerns, including security concerns, are addressed earlier in the software development lifecycle (that is, left in a left-to-right schedule diagram).",,,,,,,,,,,,,,,
DATA,Data privacy,Level 5,B,Is securing this personal data integrated in the pipilines / he design phase of every new feature or product you build and have your practices been shared to help other teams ? ,TBD,New,#4-DP00-ISTPDIIT-159f702f,FALSE,FALSE,FALSE,FALSE,FALSE,TRUE,FALSE,Shift Left on Security,"By better integrating information security (InfoSec) objectives into daily work, teams can achieve higher levels of software delivery performance and build more secure systems. This idea is also known as shifting left, because concerns, including security concerns, are addressed earlier in the software development lifecycle (that is, left in a left-to-right schedule diagram).",,,,,,,,,,,,,,,
DATA,Data quality,Level 1,A,Is your team trained to basic data quality concepts and aware of the benefits?,"Here is the most relevant [training](https://classroom.decathlon.com/explore/presential/8794bd66-7170-4edb-8160-9fc966003dd5), focusing on data integrity. ",Delete,#0-DQ00-IYTTTBDQ-a2e99cbb,TRUE,FALSE,TRUE,TRUE,FALSE,TRUE,FALSE,,,,,,,,,,,,,,,,,
DATA,Data quality,Level 2,A,Are there reliability controls on the product/app UI at data entry/data creation?,"All data created must comply with the business requirements described before.

Illustration: in the client address, the country entry is validated based on a predefined list",Delete,#1-DQ00-ATRCOTPU-87db90b6,TRUE,FALSE,TRUE,TRUE,FALSE,TRUE,FALSE,,,,,,,,,,,,,,,,,
DATA,Data quality,Level 3,A,Have quality rules and thresholds been defined and validated with data governance stakeholders? ,"Data governance office documentation regarding the [data quality process and conventions](https://docs.google.com/presentation/d/1BDk9VysXmK6Y9vaNP-RoERomfyu-hasAwnEuVCkkxIU/edit#slide=id.g2f02d7c04e7_0_53).

To do in collaboration with at least the Data Manager, if existing in my perimeter, data owner/data steward and Data Quality Manager, following the processes and conventions recommended by the Data Governance Office.
It includes SLAs.",Delete,#2-DQ00-HQRATBDA-109ff5ce,TRUE,FALSE,TRUE,FALSE,FALSE,TRUE,FALSE,,,,,,,,,,,,,,,,,
DATA,Data quality,Level 3,B,Has data quality been monitored using automated scripts and the results available centrally? ,"**All quality test results must be made available to users** (principle of transparency).

In the Data Unit, for instance, data quality results used to be stored in AWS S3 datalake in the bucket owned by the Data Observability team.
- Example of data quality dimensions : integrity, consistency, ...
- Example of automated scripts methods: python, SaaS tool for data transformation or a dedicated quality tool.",Delete,#2-DQ00-HDQBMUAS-0a70fee4,TRUE,FALSE,TRUE,FALSE,FALSE,TRUE,FALSE,,,,,,,,,,,,,,,,,
DATA,Data quality,Level 4,A,"Does your team apply data remediation process, data escalation process, post mortem, and any additional process to make the data quality experience smoother?","- [Macro process of data quality](https://docs.google.com/presentation/d/1eFV-8POHRA4jthPHIj5uQZYda5OaO_bcH3bK3CbcemQ/edit#slide=id.g2c7490cac02_0_1929)
- [How to](https://docs.google.com/document/d/1p2dY5Zu1lNwvbp5klxGjNBBGLV5GcNai9Np0768BlUc/edit?tab=t.0#heading=h.208ezn6rk5ea) Data Quality macro process",Delete,#3-DQ00-DYTADRPD-18a3a308,TRUE,FALSE,TRUE,FALSE,FALSE,TRUE,FALSE,,,,,,,,,,,,,,,,,
DATA,Data quality,Level 4,B,Is alerting systematic when there is a lack of data quality?,"
- Alerting to the data sources owners, to the data consumer. 
- The data producer uses a tool to alert data consumers

[Macro process of data quality](https://docs.google.com/presentation/d/1eFV-8POHRA4jthPHIj5uQZYda5OaO_bcH3bK3CbcemQ/edit#slide=id.g2c7490cac02_0_1929)",Delete,#3-DQ00-IASWTIAL-c1087006,TRUE,FALSE,TRUE,FALSE,FALSE,TRUE,FALSE,,,,,,,,,,,,,,,,,
DATA,Data quality,Level 5,A,"Do you have a formal commitment regarding data quality with your consumers, with preventive actions to limit the impact of bad data quality?
","To limit the downstream business impact, a preventive approach is in place to limit the lack of data quality even before it is exposed (e.g. data contractualization approach).

- Illustration with the [Data Contract approach](https://decathlon.atlassian.net/wiki/spaces/DATA/pages/185336971/Data+contract) and [policies](https://docs.google.com/document/d/1rocg5d9ZXonW-C5CeKKCsUX7SdNVx5nYUQ624VJ4k1g/edit?tab=t.0)
",Delete,#4-DQ00-DYHAFCRD-3cd26cfc,TRUE,FALSE,TRUE,TRUE,FALSE,TRUE,FALSE,,,,,,,,,,,,,,,,,
DATA,Data quality,Level 2,A,"DOCUMENTATION
Your quality rules are visible to non-developers","You ensure that management rules (e.g., formats, mandatory fields) are documented outside of the application's source code, allowing business stakeholders to read and understand them.

[Data quality reference documents](https://sites.google.com/decathlon.com/data-governance/reference-documents/data-quality)",New,#1-DQ00-DQRAVTN0-e89cfbc7,FALSE,FALSE,FALSE,FALSE,FALSE,TRUE,FALSE,Visibility of Work,"Visibility of work represents the extent to which teams have a good understanding of the flow of work from the business all the way through to customers, and whether they have visibility into this flow, including the status of products and features. ",,,,,,,,,,,,,,,
DATA,Data quality,Level 2,B,"CONTROLS
You apply checks base on your rules","You currently discover data quality issues reactively, often through downstream user complaints, and perform manual fixes on production pipelines.

[Data quality reference documents](https://sites.google.com/decathlon.com/data-governance/reference-documents/data-quality)",New,#1-DQ00-CACBOYR0-d5da1404,FALSE,FALSE,FALSE,FALSE,FALSE,TRUE,FALSE,,,,,,,,,,,,,,,,,
DATA,Data quality,Level 2,C,"ALERTING
You provide an alert whenever a quality issue arises","You lack an active alerting system. Data quality drops are usually discovered only when downstream users report broken reports or system errors.

[Data quality reference documents](https://sites.google.com/decathlon.com/data-governance/reference-documents/data-quality)",New,#1-DQ00-APAAWAQI-bde21322,FALSE,FALSE,FALSE,FALSE,FALSE,TRUE,FALSE,Proactive Notif,"Proactive failure notification is the practice of generating notifications when monitored values approach known failure thresholds, and not waiting for the system to alert you it has already failed — or worse, to find out from customers that your application or service is down.",,,,,,,,,,,,,,,
DATA,Data quality,Level 2,D,"REMEDIATION
You perform fixes on your quality issue","Data quality issues are fixed on the fly. There is no formal logging of the root cause or the solution in a tracking tool, making it difficult to learn from past errors.

[Remediation process](https://sites.google.com/decathlon.com/data-governance/reference-documents/data-quality/remediation-process)",New,#1-DQ00-RPFOYQI0-45ceadf6,FALSE,FALSE,FALSE,FALSE,FALSE,TRUE,FALSE,,,,,,,,,,,,,,,,,
DATA,Data quality,Level 3,A,"DOCUMENTATION
You formalized your rules in a shared document","You list and describe tested quality rules in a technical document accessible to the team (e.g., README, Confluence, or Sheets), even if the document is currently maintained locally.

[Data quality reference documents](https://sites.google.com/decathlon.com/data-governance/reference-documents/data-quality)",New,#2-DQ00-DFYRIASD-67ed0320,FALSE,FALSE,FALSE,FALSE,FALSE,TRUE,FALSE,Visibility of Work,"Visibility of work represents the extent to which teams have a good understanding of the flow of work from the business all the way through to customers, and whether they have visibility into this flow, including the status of products and features. ",,,,,,,,,,,,,,,
DATA,Data quality,Level 3,B,"CONTROLS
You implemented automated controls","You use your own technical stack (e.g., SQL scripts, Python, dbt tests) to automate checks, though they may run sporadically (only during releases or after incidents).

[Data quality reference documents](https://sites.google.com/decathlon.com/data-governance/reference-documents/data-quality)",New,#2-DQ00-CIAC0000-224c66f5,FALSE,FALSE,FALSE,FALSE,FALSE,TRUE,FALSE,,,,,,,,,,,,,,,,,
DATA,Data quality,Level 3,C,"ALERTING
You proactively alert when a quality issue is detected","You must remember to manually check dashboards or run scripts to detect issues. There is no automated push notification to tell you when something is wrong.

[Data quality reference documents](https://sites.google.com/decathlon.com/data-governance/reference-documents/data-quality)",New,#2-DQ00-APAWAQII-3017dc0f,FALSE,FALSE,FALSE,FALSE,FALSE,TRUE,FALSE,,,,,,,,,,,,,,,,,
DATA,Data quality,Level 3,D,"REMEDIATION
You document the post-fix summary","You document the fix only after the incident is resolved. While the cause is briefly noted, there is no detailed tracking or visibility during the investigation phase.

[Remediation process](https://sites.google.com/decathlon.com/data-governance/reference-documents/data-quality/remediation-process)",New,#2-DQ00-RDTPS000-0fc82be7,FALSE,FALSE,FALSE,FALSE,FALSE,TRUE,FALSE,,,,,,,,,,,,,,,,,
DATA,Data quality,Level 4,A,"DOCUMENTATION
The Data Catalog is your ""Source of Truth"" for rules","Your quality rules are referenced in the official company tool (Data Catalog, Collibra, or Data Contracts). This serves as the single validated source of truth prior to implementation.

[Data quality reference documents](https://sites.google.com/decathlon.com/data-governance/reference-documents/data-quality)",New,#3-DQ00-DDCIYSOT-c56123a8,FALSE,FALSE,FALSE,FALSE,FALSE,TRUE,FALSE,Visibility of Work,"Visibility of work represents the extent to which teams have a good understanding of the flow of work from the business all the way through to customers, and whether they have visibility into this flow, including the status of products and features. ",,,,,,,,,,,,,,,
DATA,Data quality,Level 4,B,"CONTROLS
Your controls are fully automated and aligned with rules","Data quality checks are fully automated (e.g., daily batches or real-time) and strictly reflect the formally documented rules validated in the Data Catalog.

[Data quality reference documents](https://sites.google.com/decathlon.com/data-governance/reference-documents/data-quality)",New,#3-DQ00-CCAFAAAW-535132b0,FALSE,FALSE,FALSE,FALSE,FALSE,TRUE,FALSE,Test Auto,"Automated testing is a key component of modern software delivery practices. The ability to execute a comprehensive set of unit, integration, and system tests is essential to verify that your app or service behaves as expected, and can be safely deployed to production.",,,,,,,,,,,,,,,
DATA,Data quality,Level 4,C,"ALERTING
You send automated notifications when quality issue arises","Alerts are automatically sent to the relevant owners as soon as a critical threshold is breached, allowing for faster intervention before users notice.

[Data quality reference documents](https://sites.google.com/decathlon.com/data-governance/reference-documents/data-quality)",New,#3-DQ00-ASANWQIA-deccfa53,FALSE,FALSE,FALSE,FALSE,FALSE,TRUE,FALSE,Proactive Notif,"Proactive failure notification is the practice of generating notifications when monitored values approach known failure thresholds, and not waiting for the system to alert you it has already failed — or worse, to find out from customers that your application or service is down.",,,,,,,,,,,,,,,
DATA,Data quality,Level 4,D,"REMEDIATION
The remediation process is tracked in real-time","The entire incident lifecycle is visible and documented. You provide clear status updates from detection to deployment, ensuring stakeholders are informed throughout the resolution.

[Remediation process](https://sites.google.com/decathlon.com/data-governance/reference-documents/data-quality/remediation-process)",New,#3-DQ00-RRPITIR0-8c648893,FALSE,FALSE,FALSE,FALSE,FALSE,TRUE,FALSE,,,,,,,,,,,,,,,,,
DATA,Data quality,Level 5,A,"DOCUMENTATION
You link quality rules to business impact and thresholds","Your documentation includes clear business context and specific quality thresholds. This allows for data-driven prioritization of remediation efforts based on business risk.

[Data quality reference documents](https://sites.google.com/decathlon.com/data-governance/reference-documents/data-quality)",New,#4-DQ00-DLQRTBIA-4dffcda3,FALSE,FALSE,FALSE,FALSE,FALSE,TRUE,FALSE,Visibility of Work,"Visibility of work represents the extent to which teams have a good understanding of the flow of work from the business all the way through to customers, and whether they have visibility into this flow, including the status of products and features. ",,,,,,,,,,,,,,,
DATA,Data quality,Level 5,B,"CONTROLS
Your controls are integrated into Data Contracts","Technical execution is linked to documentation to prevent drift. You automatically detect anomalies like volume spikes, schema changes, or freshness delays.

[Data quality reference documents](https://sites.google.com/decathlon.com/data-governance/reference-documents/data-quality)",New,#4-DQ00-CCAIIDC0-9bf6746a,FALSE,FALSE,FALSE,FALSE,FALSE,TRUE,FALSE,Test Auto,"Automated testing is a key component of modern software delivery practices. The ability to execute a comprehensive set of unit, integration, and system tests is essential to verify that your app or service behaves as expected, and can be safely deployed to production.",,,,,,,,,,,,,,,
DATA,Data quality,Level 5,C,"ALERTING
Alerting is integrated into your incident workflow","Alerts are fully integrated into technical tools (e.g., auto-creating tickets). They include root-cause hints and handle alert fatigue through deduplication and smart routing.

[Data quality reference documents](https://sites.google.com/decathlon.com/data-governance/reference-documents/data-quality)",New,#4-DQ00-AIIIYIW0-b2079c24,FALSE,FALSE,FALSE,FALSE,FALSE,TRUE,FALSE,Proactive Notif,"Proactive failure notification is the practice of generating notifications when monitored values approach known failure thresholds, and not waiting for the system to alert you it has already failed — or worse, to find out from customers that your application or service is down.",,,,,,,,,,,,,,,
DATA,Data quality,Level 5,D,"REMEDIATION
You perform systematic RCAs to prevent recurrence","Every incident triggers a Root Cause Analysis (RCA) or Post-Mortem. These insights directly lead to updated monitoring rules or architectural changes to ensure the same issue never happens twice.

[Remediation process](https://sites.google.com/decathlon.com/data-governance/reference-documents/data-quality/remediation-process)",New,#4-DQ00-RPSRTPR0-2f9a79a4,FALSE,FALSE,FALSE,FALSE,FALSE,TRUE,FALSE,,,,,,,,,,,,,,,,,
DATA,Reference data,Level 1,A,Are you aware of existing rules and principles for handling reference and master Data?,[Reference Data Policy](https://docs.google.com/document/d/1XF_Nx-ly1gzL9JbQwryOrH1oXT7ELC4PTwLjQldsucw/edit?usp=sharing),Delete,#0-RD00-AYAOERAP-90976c4a,TRUE,FALSE,TRUE,TRUE,FALSE,TRUE,FALSE,,,,,,,,,,,,,,,,,
DATA,Reference data,Level 2,A,If your project/product contains/consume/produce reference data. Did You identified related Business Objects? ,[Reference Data Policy](https://docs.google.com/document/d/1XF_Nx-ly1gzL9JbQwryOrH1oXT7ELC4PTwLjQldsucw/edit?usp=sharing),Delete,#1-RD00-IYPCRDDY-d8f5ae50,TRUE,FALSE,TRUE,TRUE,FALSE,TRUE,FALSE,,,,,,,,,,,,,,,,,
DATA,Reference data,Level 3,A,If your project/product contains/consume/produce reference data. Did You identified source of truth applications of those reference data?,[Reference Data Policy](https://docs.google.com/document/d/1XF_Nx-ly1gzL9JbQwryOrH1oXT7ELC4PTwLjQldsucw/edit?usp=sharing),Delete,#2-RD00-IYPCRDDY-b368a8bb,TRUE,FALSE,TRUE,TRUE,FALSE,TRUE,FALSE,,,,,,,,,,,,,,,,,
DATA,Reference data,Level 5,A,Do you manage/consume/share reference data of your project according to Reference Data Policy? ,"Examples of Reference Data Policiyrequirements: SLA/Quality, Quality requirements, Repository pre-requisities 
",Delete,#4-RD00-DYMRDOYP-cbf1a1c5,TRUE,FALSE,TRUE,TRUE,FALSE,TRUE,FALSE,,,,,,,,,,,,,,,,,
DATA,Critical Data,Level 1,A,You identified the critical data assets within your scope,"You recognize which specific data assets have a high business impact for the company, looking beyond purely technical needs or internal project use.

- [Critical Data asssement process & assessment matrix](https://sites.google.com/decathlon.com/data-governance/reference-documents/critical-data-management)",New,#0-CD00-YITCDAWY-e3e58160,FALSE,FALSE,FALSE,FALSE,FALSE,TRUE,FALSE,,,,,,,,,,,,,,,,,
DATA,Critical Data,Level 3,A,You started tagging or documenting your critical data,"You have identified critical assets in your code, APIs, or documentation. This may still involve manual effort or reside in informal/partial lists (e.g., spreadsheets).

- [Critical Data policy & guidelines](https://sites.google.com/decathlon.com/data-governance/reference-documents/critical-data-management)",New,#2-CD00-YSTODYCD-0a483c88,FALSE,FALSE,FALSE,FALSE,FALSE,TRUE,FALSE,,,,,,,,,,,,,,,,,
DATA,Critical Data,Level 4,A,Your critical assets are systematically monitored and cataloged,"Reliability checks (Quality, Monitoring, SLAs) are applied in a standardized way. Your assets are fully identified and tagged in the official Data Catalog or your Data Contract.

- [Critical Data monitoring & Critical Data list](https://sites.google.com/decathlon.com/data-governance/reference-documents/critical-data-management)",New,#3-CD00-YCAASMAC-8af49983,FALSE,FALSE,FALSE,FALSE,FALSE,TRUE,FALSE,,,,,,,,,,,,,,,,,
DATA,Critical Data,Level 5,A,"""Critical Data by Design"" is part of your development lifecycle","Data criticality is integrated into the design phase of every new feature. You proactively secure these pipelines and share your expertise to help other teams improve.

- [Critical Data monitoring & Critical Data list](https://sites.google.com/decathlon.com/data-governance/reference-documents/critical-data-management)",New,#4-CD00-CDBDIPOY-74a8a60b,FALSE,FALSE,FALSE,FALSE,FALSE,TRUE,FALSE,Shift Left on Security,"By better integrating information security (InfoSec) objectives into daily work, teams can achieve higher levels of software delivery performance and build more secure systems. This idea is also known as shifting left, because concerns, including security concerns, are addressed earlier in the software development lifecycle (that is, left in a left-to-right schedule diagram).",,,,,,,,,,,,,,,
DATA,Datalake Integration,Level 1,A,You are aware of the ingestion standards and the Data Steward’s role,"You understand that data accessibility requires specific technical rules.
Resources:
- [DFI](https://dataplatform.dktapp.cloud/doc/products/ingestion/dfi/what_is_dfi.html) for autonomous service
- [Custom Track](https://decathlon.atlassian.net/wiki/spaces/DATA/pages/1257406907/CustomTrack+user+step+by+step+guide) for other cases",New,#0-DI00-YAAOTISA-bc311d83,FALSE,FALSE,FALSE,FALSE,FALSE,FALSE,FALSE,,,,,,,,,,,,,,,,,
DATA,Datalake Integration,Level 3,A,You deploy ingestion flows following technical guidelines,"You configure and deploy flows (naming, format, metadata) according to guidelines, even if you still need support from the Data Steward.
Resources:
- Use [DFI](https://dataplatform.dktapp.cloud/doc/products/ingestion/dfi/what_is_dfi.html) for self-service.
- Follow the [Custom Track](https://decathlon.atlassian.net/wiki/spaces/DATA/pages/1257406907/CustomTrack+user+step+by+step+guide) for specific needs.",New,#2-DI00-YDIFFTG0-41f91d13,FALSE,FALSE,FALSE,FALSE,FALSE,FALSE,FALSE,,,,,,,,,,,,,,,,,
DATA,Datalake Integration,Level 4,A,You manage and monitor your ingestion flows independently,"You handle end-to-end management (failures, retries, corrections) without Data Steward intervention.
Resources:
- DFI [monitoring](https://dataplatform.dktapp.cloud/doc/products/ingestion/dfi/concepts/monitoring/monitoring.html) & [SMA-X alerting](https://dataplatform.dktapp.cloud/doc/products/ingestion/dfi/concepts/monitoring/smax_alerting.html).
- Custom monitoring & SMA-X for Custom Track.",New,#3-DI00-YMAMYIFI-9a6e3580,FALSE,FALSE,FALSE,FALSE,FALSE,FALSE,FALSE,,,,,,,,,,,,,,,,,
DATA,Datalake Integration,Level 5,A,You assess the impact of data changes on downstream flows,"You anticipate how product or data model changes will affect ingestion before development, ensuring that updates never break the downstream data pipeline.",New,#4-DI00-YATIODCO-76560103,FALSE,FALSE,FALSE,FALSE,FALSE,FALSE,FALSE,,,,,,,,,,,,,,,,,
,,,,,,,,,,,,,,,,,,,,,,,,,,,,,,,
,,,,,,,,,,,,,,,,,,,,,,,,,,,,,,,
,,,,,,,,,,,,,,,,,,,,,,,,,,,,,,,
,,,,,,,,,,,,,,,,,,,,,,,,,,,,,,,
,,,,,,,,,,,,,,,,,,,,,,,,,,,,,,,
,,,,,,,,,,,,,,,,,,,,,,,,,,,,,,,
,,,,,,,,,,,,,,,,,,,,,,,,,,,,,,,
,,,,,,,,,,,,,,,,,,,,,,,,,,,,,,,
,,,,,,,,,,,,,,,,,,,,,,,,,,,,,,,
,,,,,,,,,,,,,,,,,,,,,,,,,,,,,,,
,,,,,,,,,,,,,,,,,,,,,,,,,,,,,,,
,,,,,,,,,,,,,,,,,,,,,,,,,,,,,,,
,,,,,,,,,,,,,,,,,,,,,,,,,,,,,,,
,,,,,,,,,,,,,,,,,,,,,,,,,,,,,,,
,,,,,,,,,,,,,,,,,,,,,,,,,,,,,,,
,,,,,,,,,,,,,,,,,,,,,,,,,,,,,,,
,,,,,,,,,,,,,,,,,,,,,,,,,,,,,,,
,,,,,,,,,,,,,,,,,,,,,,,,,,,,,,,
,,,,,,,,,,,,,,,,,,,,,,,,,,,,,,,
,,,,,,,,,,,,,,,,,,,,,,,,,,,,,,,
,,,,,,,,,,,,,,,,,,,,,,,,,,,,,,,
,,,,,,,,,,,,,,,,,,,,,,,,,,,,,,,
,,,,,,,,,,,,,,,,,,,,,,,,,,,,,,,
,,,,,,,,,,,,,,,,,,,,,,,,,,,,,,,
,,,,,,,,,,,,,,,,,,,,,,,,,,,,,,,
,,,,,,,,,,,,,,,,,,,,,,,,,,,,,,,
,,,,,,,,,,,,,,,,,,,,,,,,,,,,,,,
,,,,,,,,,,,,,,,,,,,,,,,,,,,,,,,
,,,,,,,,,,,,,,,,,,,,,,,,,,,,,,,
,,,,,,,,,,,,,,,,,,,,,,,,,,,,,,,
,,,,,,,,,,,,,,,,,,,,,,,,,,,,,,,
,,,,,,,,,,,,,,,,,,,,,,,,,,,,,,,
,,,,,,,,,,,,,,,,,,,,,,,,,,,,,,,
,,,,,,,,,,,,,,,,,,,,,,,,,,,,,,,
,,,,,,,,,,,,,,,,,,,,,,,,,,,,,,,
,,,,,,,,,,,,,,,,,,,,,,,,,,,,,,,
,,,,,,,,,,,,,,,,,,,,,,,,,,,,,,,
,,,,,,,,,,,,,,,,,,,,,,,,,,,,,,,
,,,,,,,,,,,,,,,,,,,,,,,,,,,,,,,
,,,,,,,,,,,,,,,,,,,,,,,,,,,,,,,
,,,,,,,,,,,,,,,,,,,,,,,,,,,,,,,
,,,,,,,,,,,,,,,,,,,,,,,,,,,,,,,
,,,,,,,,,,,,,,,,,,,,,,,,,,,,,,,
,,,,,,,,,,,,,,,,,,,,,,,,,,,,,,,
,,,,,,,,,,,,,,,,,,,,,,,,,,,,,,,
,,,,,,,,,,,,,,,,,,,,,,,,,,,,,,,
,,,,,,,,,,,,,,,,,,,,,,,,,,,,,,,
,,,,,,,,,,,,,,,,,,,,,,,,,,,,,,,
,,,,,,,,,,,,,,,,,,,,,,,,,,,,,,,
,,,,,,,,,,,,,,,,,,,,,,,,,,,,,,,
,,,,,,,,,,,,,,,,,,,,,,,,,,,,,,,
,,,,,,,,,,,,,,,,,,,,,,,,,,,,,,,
,,,,,,,,,,,,,,,,,,,,,,,,,,,,,,,
,,,,,,,,,,,,,,,,,,,,,,,,,,,,,,,
,,,,,,,,,,,,,,,,,,,,,,,,,,,,,,,
,,,,,,,,,,,,,,,,,,,,,,,,,,,,,,,
,,,,,,,,,,,,,,,,,,,,,,,,,,,,,,,
,,,,,,,,,,,,,,,,,,,,,,,,,,,,,,,
,,,,,,,,,,,,,,,,,,,,,,,,,,,,,,,
,,,,,,,,,,,,,,,,,,,,,,,,,,,,,,,
,,,,,,,,,,,,,,,,,,,,,,,,,,,,,,,
,,,,,,,,,,,,,,,,,,,,,,,,,,,,,,,
,,,,,,,,,,,,,,,,,,,,,,,,,,,,,,,
,,,,,,,,,,,,,,,,,,,,,,,,,,,,,,,
,,,,,,,,,,,,,,,,,,,,,,,,,,,,,,,
,,,,,,,,,,,,,,,,,,,,,,,,,,,,,,,
,,,,,,,,,,,,,,,,,,,,,,,,,,,,,,,
,,,,,,,,,,,,,,,,,,,,,,,,,,,,,,,
,,,,,,,,,,,,,,,,,,,,,,,,,,,,,,,
,,,,,,,,,,,,,,,,,,,,,,,,,,,,,,,
,,,,,,,,,,,,,,,,,,,,,,,,,,,,,,,
,,,,,,,,,,,,,,,,,,,,,,,,,,,,,,,
,,,,,,,,,,,,,,,,,,,,,,,,,,,,,,,
,,,,,,,,,,,,,,,,,,,,,,,,,,,,,,,
,,,,,,,,,,,,,,,,,,,,,,,,,,,,,,,
,,,,,,,,,,,,,,,,,,,,,,,,,,,,,,,
,,,,,,,,,,,,,,,,,,,,,,,,,,,,,,,
,,,,,,,,,,,,,,,,,,,,,,,,,,,,,,,
,,,,,,,,,,,,,,,,,,,,,,,,,,,,,,,
,,,,,,,,,,,,,,,,,,,,,,,,,,,,,,,
,,,,,,,,,,,,,,,,,,,,,,,,,,,,,,,
,,,,,,,,,,,,,,,,,,,,,,,,,,,,,,,
,,,,,,,,,,,,,,,,,,,,,,,,,,,,,,,
,,,,,,,,,,,,,,,,,,,,,,,,,,,,,,,
,,,,,,,,,,,,,,,,,,,,,,,,,,,,,,,
,,,,,,,,,,,,,,,,,,,,,,,,,,,,,,,
,,,,,,,,,,,,,,,,,,,,,,,,,,,,,,,
,,,,,,,,,,,,,,,,,,,,,,,,,,,,,,,
,,,,,,,,,,,,,,,,,,,,,,,,,,,,,,,
,,,,,,,,,,,,,,,,,,,,,,,,,,,,,,,
,,,,,,,,,,,,,,,,,,,,,,,,,,,,,,,
,,,,,,,,,,,,,,,,,,,,,,,,,,,,,,,
,,,,,,,,,,,,,,,,,,,,,,,,,,,,,,,
,,,,,,,,,,,,,,,,,,,,,,,,,,,,,,,
,,,,,,,,,,,,,,,,,,,,,,,,,,,,,,,
,,,,,,,,,,,,,,,,,,,,,,,,,,,,,,,
,,,,,,,,,,,,,,,,,,,,,,,,,,,,,,,
,,,,,,,,,,,,,,,,,,,,,,,,,,,,,,,
,,,,,,,,,,,,,,,,,,,,,,,,,,,,,,,
,,,,,,,,,,,,,,,,,,,,,,,,,,,,,,,
,,,,,,,,,,,,,,,,,,,,,,,,,,,,,,,
,,,,,,,,,,,,,,,,,,,,,,,,,,,,,,,
,,,,,,,,,,,,,,,,,,,,,,,,,,,,,,,
,,,,,,,,,,,,,,,,,,,,,,,,,,,,,,,
,,,,,,,,,,,,,,,,,,,,,,,,,,,,,,,
,,,,,,,,,,,,,,,,,,,,,,,,,,,,,,,
,,,,,,,,,,,,,,,,,,,,,,,,,,,,,,,
,,,,,,,,,,,,,,,,,,,,,,,,,,,,,,,
,,,,,,,,,,,,,,,,,,,,,,,,,,,,,,,
,,,,,,,,,,,,,,,,,,,,,,,,,,,,,,,
,,,,,,,,,,,,,,,,,,,,,,,,,,,,,,,
,,,,,,,,,,,,,,,,,,,,,,,,,,,,,,,
,,,,,,,,,,,,,,,,,,,,,,,,,,,,,,,
,,,,,,,,,,,,,,,,,,,,,,,,,,,,,,,
,,,,,,,,,,,,,,,,,,,,,,,,,,,,,,,
,,,,,,,,,,,,,,,,,,,,,,,,,,,,,,,
,,,,,,,,,,,,,,,,,,,,,,,,,,,,,,,
,,,,,,,,,,,,,,,,,,,,,,,,,,,,,,,
,,,,,,,,,,,,,,,,,,,,,,,,,,,,,,,
,,,,,,,,,,,,,,,,,,,,,,,,,,,,,,,
,,,,,,,,,,,,,,,,,,,,,,,,,,,,,,,
,,,,,,,,,,,,,,,,,,,,,,,,,,,,,,,
,,,,,,,,,,,,,,,,,,,,,,,,,,,,,,,
,,,,,,,,,,,,,,,,,,,,,,,,,,,,,,,
,,,,,,,,,,,,,,,,,,,,,,,,,,,,,,,
,,,,,,,,,,,,,,,,,,,,,,,,,,,,,,,
,,,,,,,,,,,,,,,,,,,,,,,,,,,,,,,
,,,,,,,,,,,,,,,,,,,,,,,,,,,,,,,
,,,,,,,,,,,,,,,,,,,,,,,,,,,,,,,
,,,,,,,,,,,,,,,,,,,,,,,,,,,,,,,
,,,,,,,,,,,,,,,,,,,,,,,,,,,,,,,
,,,,,,,,,,,,,,,,,,,,,,,,,,,,,,,
,,,,,,,,,,,,,,,,,,,,,,,,,,,,,,,
,,,,,,,,,,,,,,,,,,,,,,,,,,,,,,,
,,,,,,,,,,,,,,,,,,,,,,,,,,,,,,,
,,,,,,,,,,,,,,,,,,,,,,,,,,,,,,,
,,,,,,,,,,,,,,,,,,,,,,,,,,,,,,,
,,,,,,,,,,,,,,,,,,,,,,,,,,,,,,,
,,,,,,,,,,,,,,,,,,,,,,,,,,,,,,,
,,,,,,,,,,,,,,,,,,,,,,,,,,,,,,,
,,,,,,,,,,,,,,,,,,,,,,,,,,,,,,,
,,,,,,,,,,,,,,,,,,,,,,,,,,,,,,,
,,,,,,,,,,,,,,,,,,,,,,,,,,,,,,,
,,,,,,,,,,,,,,,,,,,,,,,,,,,,,,,
,,,,,,,,,,,,,,,,,,,,,,,,,,,,,,,
,,,,,,,,,,,,,,,,,,,,,,,,,,,,,,,
,,,,,,,,,,,,,,,,,,,,,,,,,,,,,,,
,,,,,,,,,,,,,,,,,,,,,,,,,,,,,,,
,,,,,,,,,,,,,,,,,,,,,,,,,,,,,,,
,,,,,,,,,,,,,,,,,,,,,,,,,,,,,,,
,,,,,,,,,,,,,,,,,,,,,,,,,,,,,,,
,,,,,,,,,,,,,,,,,,,,,,,,,,,,,,,
,,,,,,,,,,,,,,,,,,,,,,,,,,,,,,,
,,,,,,,,,,,,,,,,,,,,,,,,,,,,,,,
,,,,,,,,,,,,,,,,,,,,,,,,,,,,,,,
,,,,,,,,,,,,,,,,,,,,,,,,,,,,,,,
,,,,,,,,,,,,,,,,,,,,,,,,,,,,,,,
,,,,,,,,,,,,,,,,,,,,,,,,,,,,,,,
,,,,,,,,,,,,,,,,,,,,,,,,,,,,,,,
,,,,,,,,,,,,,,,,,,,,,,,,,,,,,,,
,,,,,,,,,,,,,,,,,,,,,,,,,,,,,,,
,,,,,,,,,,,,,,,,,,,,,,,,,,,,,,,
,,,,,,,,,,,,,,,,,,,,,,,,,,,,,,,
,,,,,,,,,,,,,,,,,,,,,,,,,,,,,,,
,,,,,,,,,,,,,,,,,,,,,,,,,,,,,,,
,,,,,,,,,,,,,,,,,,,,,,,,,,,,,,,
,,,,,,,,,,,,,,,,,,,,,,,,,,,,,,,
,,,,,,,,,,,,,,,,,,,,,,,,,,,,,,,
,,,,,,,,,,,,,,,,,,,,,,,,,,,,,,,
,,,,,,,,,,,,,,,,,,,,,,,,,,,,,,,
,,,,,,,,,,,,,,,,,,,,,,,,,,,,,,,
,,,,,,,,,,,,,,,,,,,,,,,,,,,,,,,
,,,,,,,,,,,,,,,,,,,,,,,,,,,,,,,
,,,,,,,,,,,,,,,,,,,,,,,,,,,,,,,
,,,,,,,,,,,,,,,,,,,,,,,,,,,,,,,
,,,,,,,,,,,,,,,,,,,,,,,,,,,,,,,
,,,,,,,,,,,,,,,,,,,,,,,,,,,,,,,
,,,,,,,,,,,,,,,,,,,,,,,,,,,,,,,
,,,,,,,,,,,,,,,,,,,,,,,,,,,,,,,
,,,,,,,,,,,,,,,,,,,,,,,,,,,,,,,
,,,,,,,,,,,,,,,,,,,,,,,,,,,,,,,
,,,,,,,,,,,,,,,,,,,,,,,,,,,,,,,
,,,,,,,,,,,,,,,,,,,,,,,,,,,,,,,
,,,,,,,,,,,,,,,,,,,,,,,,,,,,,,,
,,,,,,,,,,,,,,,,,,,,,,,,,,,,,,,
,,,,,,,,,,,,,,,,,,,,,,,,,,,,,,,
,,,,,,,,,,,,,,,,,,,,,,,,,,,,,,,
,,,,,,,,,,,,,,,,,,,,,,,,,,,,,,,
,,,,,,,,,,,,,,,,,,,,,,,,,,,,,,,
,,,,,,,,,,,,,,,,,,,,,,,,,,,,,,,
,,,,,,,,,,,,,,,,,,,,,,,,,,,,,,,
,,,,,,,,,,,,,,,,,,,,,,,,,,,,,,,
,,,,,,,,,,,,,,,,,,,,,,,,,,,,,,,
,,,,,,,,,,,,,,,,,,,,,,,,,,,,,,,
,,,,,,,,,,,,,,,,,,,,,,,,,,,,,,,
,,,,,,,,,,,,,,,,,,,,,,,,,,,,,,,
,,,,,,,,,,,,,,,,,,,,,,,,,,,,,,,
,,,,,,,,,,,,,,,,,,,,,,,,,,,,,,,
,,,,,,,,,,,,,,,,,,,,,,,,,,,,,,,
,,,,,,,,,,,,,,,,,,,,,,,,,,,,,,,
,,,,,,,,,,,,,,,,,,,,,,,,,,,,,,,
,,,,,,,,,,,,,,,,,,,,,,,,,,,,,,,
,,,,,,,,,,,,,,,,,,,,,,,,,,,,,,,
,,,,,,,,,,,,,,,,,,,,,,,,,,,,,,,
,,,,,,,,,,,,,,,,,,,,,,,,,,,,,,,
,,,,,,,,,,,,,,,,,,,,,,,,,,,,,,,
,,,,,,,,,,,,,,,,,,,,,,,,,,,,,,,
,,,,,,,,,,,,,,,,,,,,,,,,,,,,,,,
,,,,,,,,,,,,,,,,,,,,,,,,,,,,,,,
,,,,,,,,,,,,,,,,,,,,,,,,,,,,,,,
,,,,,,,,,,,,,,,,,,,,,,,,,,,,,,,
,,,,,,,,,,,,,,,,,,,,,,,,,,,,,,,
,,,,,,,,,,,,,,,,,,,,,,,,,,,,,,,
,,,,,,,,,,,,,,,,,,,,,,,,,,,,,,,
,,,,,,,,,,,,,,,,,,,,,,,,,,,,,,,
,,,,,,,,,,,,,,,,,,,,,,,,,,,,,,,
,,,,,,,,,,,,,,,,,,,,,,,,,,,,,,,
,,,,,,,,,,,,,,,,,,,,,,,,,,,,,,,
,,,,,,,,,,,,,,,,,,,,,,,,,,,,,,,
,,,,,,,,,,,,,,,,,,,,,,,,,,,,,,,
,,,,,,,,,,,,,,,,,,,,,,,,,,,,,,,
,,,,,,,,,,,,,,,,,,,,,,,,,,,,,,,
,,,,,,,,,,,,,,,,,,,,,,,,,,,,,,,
,,,,,,,,,,,,,,,,,,,,,,,,,,,,,,,
,,,,,,,,,,,,,,,,,,,,,,,,,,,,,,,
,,,,,,,,,,,,,,,,,,,,,,,,,,,,,,,
,,,,,,,,,,,,,,,,,,,,,,,,,,,,,,,
,,,,,,,,,,,,,,,,,,,,,,,,,,,,,,,
,,,,,,,,,,,,,,,,,,,,,,,,,,,,,,,
,,,,,,,,,,,,,,,,,,,,,,,,,,,,,,,
,,,,,,,,,,,,,,,,,,,,,,,,,,,,,,,
,,,,,,,,,,,,,,,,,,,,,,,,,,,,,,,
,,,,,,,,,,,,,,,,,,,,,,,,,,,,,,,
,,,,,,,,,,,,,,,,,,,,,,,,,,,,,,,
,,,,,,,,,,,,,,,,,,,,,,,,,,,,,,,
,,,,,,,,,,,,,,,,,,,,,,,,,,,,,,,
,,,,,,,,,,,,,,,,,,,,,,,,,,,,,,,
,,,,,,,,,,,,,,,,,,,,,,,,,,,,,,,
,,,,,,,,,,,,,,,,,,,,,,,,,,,,,,,
,,,,,,,,,,,,,,,,,,,,,,,,,,,,,,,
,,,,,,,,,,,,,,,,,,,,,,,,,,,,,,,
ACCESSIBILITY,Accessibility,Level 1,A,The accessibility awareness is integrated into the project’s onboarding workflow?,"### Why ?

To promote a culture of Digital Accessibility by identifying its concepts, challenges and leverages, and how this can impact each and every one of us.

### What ?

Consult the Digital Accessibility SIG awareness presentation with your whole team.

### How ?

[Consult the Digital Accessibility SIG's arewareness presentation](https://docs.google.com/presentation/d/1FGSjL95l9WdhURgQtTIWI8Pm5jePC6tn65TFmWHm8iw/edit?usp=sharing) is the minimum required for this level. You can also ask for a presentation by the SIG itself during a team meeting.

Contact us by email at [digitalaccessibility@decathlon.com](digitalaccessibility@decathlon.com)

",Keep,#0-A000-TAAIIITP-ead16698,FALSE,TRUE,FALSE,TRUE,FALSE,FALSE,FALSE,,,,,,,,,,,,,,,,,
ACCESSIBILITY,Accessibility,Level 1,B,You have published your digital product or service's Accessibility Statement,"### Why ?

Accessibility statements serve to inform users and demonstrate social commitment, while also meeting the legal standards and transparency requirements mandated by accessibility regulations.

NB: This statement is expected for every internal and external (public) digital products and services (websites, mobile apps, digital services, urban furnitures, cash registers).

### What ?

An Accessibility Statement is a legal and public document explaining how accessible your platform is and the methods used to make it accessible. It is a required document in many countries including France and the EU.

Note that in some situations you may be required to provide particular content in your accessibility statements. For example, there are specific requirements for accessibility statements in relation to the European Accessibility Act directive (see below).

Accessibility Statement should be easy to find on your digital product or service or on the platform of the entity responsible for the digital product or service. The W3C recommends linking it from several places, such as from the footer, help menu, sitemap, about page, and other relevant prominent areas. 

### How ?

You will find all the informations you need on our Wiki's entry ""[How to publish an Accessibility Statement](https://decathlon.atlassian.net/wiki/spaces/TO/pages/569344646/How+to+publish+an+Accessibility+Statement)""

The Accessibility Statement can be provided by our accessibility partner, or by yourself [following one of our templates](https://decathlon.atlassian.net/wiki/spaces/TO/folder/1013350480).

You can also use our [""accessibility-statement"" SKILL.md](https://github.com/dktunited/agent-skills) to help generate a first draft.

If you haven't been audited yet, you need to publish an Accessibility Statement with a ""not conform"" level and 0% compliance rate.",Keep,#0-A000-YHPYDPOS-1a418a06,FALSE,TRUE,FALSE,TRUE,FALSE,FALSE,FALSE,,,,,,,,,,,,,,,,,
ACCESSIBILITY,Accessibility,Level 2,B,Your digital product is at least 50% compliant with the RGAA,"### Why ?

The RGAA is the French reference standard for improving accessibility, on which the French law is based. It is a pragmatic approach based on the European directive (EN 301 549) and the internartional standard (WCAG).
The RGAA proposes criteria on 13 themes, and 3 levels of requirement (A, AA and AAA). This criteria-based approach allows us to monitor and assess a platform's accessibility maturity as a percentage of compliance.
This score is obtained following an accessibility audit that could be carried out by yourself or by our accessibility partner.

Being 100% compliant with the RGAA is equivalent to being 100% compliant with WCAG 2.1 (A + AA) and the European standard EN 301 549 (except for PDFs). 

### What ?

Achieving at least 50% compliance with the RGAA is the minimum expected for the ""partially compliant"" level. 

### How ?

You can proceed to self-assessment following the RGAA guidelines. See our Wiki's entry ""[How to conduct an accessibility self assessment](https://decathlon.atlassian.net/wiki/spaces/TO/pages/569017392/How+to+conduct+an+accessibility+self+assessment)""

(We are currently processing a call for tenders.The process to request an external audit will be updated soon)",Delete,#1-A000-YDPIAL0C-67c73bab,FALSE,TRUE,FALSE,TRUE,FALSE,FALSE,FALSE,,,,,,,,,,,,,,,,,
ACCESSIBILITY,Accessibility,Level 2,C,Digital accessibility is considered from the moment user needs are identified and ensured through clear role assignment and responsibility distribution according to the Accessibility Roles and Responsibilities Mapping framework.,"### Why ?

Digital Accessibility is a comprehensive challenge, impacted by every stage in the design and build of a digital product. Being able to identify these accessibility expectations as early as possible in the whole product process considerably reduces access barriers.

### What ?

By including the Accessibility Roles and Responsibilities Mapping framework (ARRM) into your Definition of Ready, you can highly improve the quality/accessibility of the features of your platform.

### How ?

Add the link to the [Accessibility Roles and Responsibilities Mapping](https://docs.google.com/spreadsheets/d/1MKv3tokYmUhuJ6D2IKkFediarnV1UKjaSIItw0Z546o/edit?usp=sharing) into your Definition of Ready of your user stories to insure that there are no accessibility issues left before the feature is being released in production.",Keep,#1-A000-DAICFTMU-8c6bc28d,FALSE,TRUE,FALSE,TRUE,FALSE,FALSE,FALSE,,,,,,,,,,,,,,,,,
ACCESSIBILITY,Accessibility,Level 2,A,You use at least one library for automated accessibility testing in your CI,"### Why ?

Automated evaluation tools will rarely be silver bullets when it comes to assessing accessibility requirements, but they can help to gain perspective on the maturity of a project, and reveal blocking issues. Having such a tool in a CI can prevent developers from delivering unaccessible code.

### What ?

Implementing an automated accessibility testing tool in your CI. LightHouse is authorized to use in that purpose. You can also . We aim to propose other tools to do so in the future (axe-core).

### How ?

- Implement [LightHouse CI](https://github.com/GoogleChrome/lighthouse-ci) into your CI.
- Make sure accessibility issues are correctly raised by [SonarQube Cloud](https://sonarcloud.io/projects) when building your GitHub Pull Requests.
- Use plugins to find accessibility issues in your code like eslint-plugin-jsx-a11y, [axe-core](https://github.com/dequelabs/axe-core), etc.",Change Level,#1-A000-YUALOLFA-9a8d5f7b,FALSE,FALSE,FALSE,TRUE,FALSE,FALSE,FALSE,,,,,,,,,,,,,,,,,
ACCESSIBILITY,Accessibility,Level 2,B,You use the Accessibility Evaluation SKILL in your Copilot process,"### Why ?

To scale accessibility through AI-driven automation. This skill identifies code violations and provides instant, Vitamin Play-compliant fixes, bridging the gap between manual checklists and expert audits.

### What ?

The **Web Accessibility Evaluation Skill**: a toolkit of AI agents and reference guides designed to scan, audit, and auto-correct web applications based on WCAG 2.1 AA standards and European Accessibility Act.

### How ?

Run the [Web Accessibility Evaluation Skill](https://github.com/dktunited/agent-skills) on your codebase using the `accessibility-auditor`. To reach this level, you must generate a maturity report and implement the ""Immediate"" priority fixes identified.
",New,#1-A000-YUTAESIY-c8632455,FALSE,FALSE,FALSE,TRUE,FALSE,FALSE,FALSE,,,,,,,,,,,,,,,,,
ACCESSIBILITY,Accessibility,Level 3,A,Integrate the Accessibility Checklist evaluation in your process and feel “fair” about it,"### Why?

To catch 80% of critical accessibility barriers early in the lifecycle. This reduces technical debt and ensures a baseline quality for all users without needing to wait for a full expert audit.

### What?

The **Accessibility Checklist**: a lightweight, practical tool focused on high-impact areas such as Contrast, Keyboard navigation, Semantic HTML, and automated CI tests (Lighthouse/Eslint).

###  How?

[Consult and apply the Accessibility Checklist](https://decathlon.atlassian.net/wiki/spaces/TO/pages/1968046127/Accessibility+Easy+Checks) during your Design and QA phases. To succeed at this level, your team must self-evaluate as ""Fair"": meaning basic, avoidable errors are eliminated and the product’s foundations are solid.
",New,#2-A000-ITACEIYP-f082973a,FALSE,TRUE,FALSE,TRUE,FALSE,FALSE,FALSE,,,,,,,,,,,,,,,,,
ACCESSIBILITY,Accessibility,Level 4,A,Your digital product is at least 80% compliant with the RGAA,"### Why ?

The RGAA is the French reference standard for improving accessibility, on which the French law is based. It is a pragmatic approach based on the European directive (EN 301 549) and the internartional standard (WCAG).
The RGAA proposes criteria on 13 themes, and 3 levels of requirement (A, AA and AAA). This criteria-based approach allows us to monitor and assess a platform's accessibility maturity as a percentage of compliance.
This score is obtained following an accessibility audit that could be carried out by yourself or by our accessibility partner.

Being 100% compliant with the RGAA is equivalent to being 100% compliant with WCAG 2.1 (A + AA) and the European standard EN 301 549 (except for PDFs). 

### What ?

Achieving at least 80% compliance with the RGAA. 

### How ?

You can proceed to self-assessment following the RGAA guidelines. See our Wiki's entry ""[How to conduct an accessibility self assessment](https://decathlon.atlassian.net/wiki/spaces/TO/pages/569017392/How+to+conduct+an+accessibility+self+assessment)""

(We are currently processing a call for tenders.The process to request an external audit will be updated soon)",Delete,#3-A000-YDPIAL0C-67c73bab,FALSE,TRUE,FALSE,TRUE,FALSE,FALSE,FALSE,,,,,,,,,,,,,,,,,
ACCESSIBILITY,Accessibility,Level 4,A,Integrate the Accessibility Checklist evaluation in your process and feel “good” about it,"### Why?

To transition from ""avoiding errors"" to ""ensuring compliance."" Reaching this level guarantees that your product is robust enough for a formal audit and provides a reliable, inclusive experience for all users.

### What?

The ""Good"" Maturity Status: a state where accessibility is integrated into your ""Definition of Done."" It implies that foundations are solid, complex components (modals, tabs) are accessible, and you are ready for a professional compliance validation.

###  How?

Run a final assessment using the [Consult and apply the Accessibility Checklist](https://decathlon.atlassian.net/wiki/spaces/TO/pages/1968046127/Accessibility+Easy+Checks) or the Maturity Auditor agent. To succeed at this level, your team must self-evaluate as ""Good"": meaning all high-priority issues are resolved, and you are ready to request an official compliance audit (WCAG/RGAA).
",New,#3-A000-ITACEIYP-1c0aae2a,FALSE,TRUE,FALSE,TRUE,FALSE,FALSE,FALSE,,,,,,,,,,,,,,,,,
ACCESSIBILITY,Accessibility,Level 4,B,Get your product audited,"### Why?

To achieve official validation and legally certify your product’s accessibility. A formal audit moves you from ""self-declared quality"" to ""certified compliance,"" ensuring a high-standard experience and minimizing legal risks.

### What?

A **Formal Accessibility Audit**: an exhaustive verification of WCAG/RGAA/RAAM criteria performed on a representative sample of your pages by certified experts.

### How?

Audits are conducted either internally by your team (see [conducting an accessibility self-assessment](https://decathlon.atlassian.net/wiki/spaces/TO/pages/path-to-self-assessment)), by the Digital Accessibility team or with our partner **Warren Walter** (see [how to get audited](https://decathlon.atlassian.net/wiki/spaces/TO/pages/path-to-get-audited)). 

Contact us to kick off the process: [digitalaccessibility@decathlon.com](mailto:digitalaccessibility@decathlon.com)",New,#3-A000-GYPA0000-c96ba21b,FALSE,TRUE,FALSE,TRUE,FALSE,FALSE,FALSE,,,,,,,,,,,,,,,,,
ACCESSIBILITY,Accessibility,Level 4,C,You have a campaign of specific scenarios & user journeys for users with disabilities in your functional and/or integration and/or E2E testings,"### Why ?

Testing the proper functioning of a platform, whatever its user, is essential to guarantee the quality of an application and ensure that the platform meets the identified needs. To guarantee platform accessibility, each test campaign must include several scenarios involving disabled users.

### What ?

Each test campaign must include scenarios involving users with disabilities, such as keyboard or voice-only navigation, zooming the interface to 200%, motion sickness, and so on.

### How ?

Extend test campaigns to more specific accessibility scenarios",Keep,#3-A000-YHACOSSU-169cc9c8,FALSE,TRUE,FALSE,TRUE,FALSE,FALSE,FALSE,,,,,,,,,,,,,,,,,
ACCESSIBILITY,Accessibility,Level 4,D,Your digital product or service is 100% compliant with the RGAA,"### Why ?

The RGAA is the French reference standard for improving accessibility, on which the French law is based. It is a pragmatic approach based on the European directive (EN 301 549) and the internartional standard (WCAG).
The RGAA proposes criteria on 13 themes, and 3 levels of requirement (A, AA and AAA). This criteria-based approach allows us to monitor and assess a platform's accessibility maturity as a percentage of compliance.
This score is obtained following an accessibility audit that could be carried out by yourself or by our accessibility partner.

Being 100% compliant with the RGAA is equivalent to being 100% compliant with WCAG 2.1 (A + AA) and the European standard EN 301 549 (except for PDFs). 

### What ?

Audit remediation is done: achieving 100% compliance with the RGAA to reach ""totally compliant"" level.

### How ?

You can proceed to self-assessment following the RGAA guidelines. See our Wiki's entry ""[How to conduct an accessibility self assessment](https://decathlon.atlassian.net/wiki/spaces/TO/pages/569017392/How+to+conduct+an+accessibility+self+assessment)""

(We are currently processing a call for tenders.The process to request an external audit will be updated soon)",Change Level,#3-A000-YDPOSI0C-72449bd6,FALSE,TRUE,FALSE,TRUE,FALSE,FALSE,FALSE,,,,,,,,,,,,,,,,,
ACCESSIBILITY,Accessibility,Level 5,A,Your digital product or service is compliant with the relevant AAA criteria of the latest version WCAG,"### Why ?

Level AAA is the highest possible conformance level in WCAG, and as a result holds organisations to the highest standard of accessibility. At this level, the web page and content satisfy all Level A, Level AA, and Level AAA success criteria. Although level AAA may not be applicable or realistic for everyone to achieve, organisations should strive to meet as many of its criteria as possible.

### What ?

Meet the relevant AAA criteria. You can find a full list of all these criteria in the [W3C Quick reference tool](https://www.w3.org/WAI/WCAG22/quickref/?currentsidebar=%23col_customize&levels=a%2Caa) or inthe [French RGAA website (in french)](https://accessibilite.numerique.gouv.fr/ressources/criteres-aaa/)

### How ?

[Ask for an audit by following this documented process](https://decathlon.atlassian.net/wiki/spaces/TO/pages/568820448/How+to+get+audited)",Keep,#4-A000-YDPOSICW-ef7a87bc,FALSE,TRUE,FALSE,TRUE,FALSE,FALSE,FALSE,,,,,,,,,,,,,,,,,
,,,,,,,,,,,,,,,,,,,,,,,,,,,,,,,
,,,,,,,,,,,,,,,,,,,,,,,,,,,,,,,
,,,,,,,,,,,,,,,,,,,,,,,,,,,,,,,
,,,,,,,,,,,,,,,,,,,,,,,,,,,,,,,
,,,,,,,,,,,,,,,,,,,,,,,,,,,,,,,
,,,,,,,,,,,,,,,,,,,,,,,,,,,,,,,
,,,,,,,,,,,,,,,,,,,,,,,,,,,,,,,
,,,,,,,,,,,,,,,,,,,,,,,,,,,,,,,
,,,,,,,,,,,,,,,,,,,,,,,,,,,,,,,
,,,,,,,,,,,,,,,,,,,,,,,,,,,,,,,
,,,,,,,,,,,,,,,,,,,,,,,,,,,,,,,
,,,,,,,,,,,,,,,,,,,,,,,,,,,,,,,
,,,,,,,,,,,,,,,,,,,,,,,,,,,,,,,
,,,,,,,,,,,,,,,,,,,,,,,,,,,,,,,
,,,,,,,,,,,,,,,,,,,,,,,,,,,,,,,
,,,,,,,,,,,,,,,,,,,,,,,,,,,,,,,
,,,,,,,,,,,,,,,,,,,,,,,,,,,,,,,
,,,,,,,,,,,,,,,,,,,,,,,,,,,,,,,
,,,,,,,,,,,,,,,,,,,,,,,,,,,,,,,
,,,,,,,,,,,,,,,,,,,,,,,,,,,,,,,
,,,,,,,,,,,,,,,,,,,,,,,,,,,,,,,
,,,,,,,,,,,,,,,,,,,,,,,,,,,,,,,
,,,,,,,,,,,,,,,,,,,,,,,,,,,,,,,
,,,,,,,,,,,,,,,,,,,,,,,,,,,,,,,
,,,,,,,,,,,,,,,,,,,,,,,,,,,,,,,
,,,,,,,,,,,,,,,,,,,,,,,,,,,,,,,
,,,,,,,,,,,,,,,,,,,,,,,,,,,,,,,
,,,,,,,,,,,,,,,,,,,,,,,,,,,,,,,
,,,,,,,,,,,,,,,,,,,,,,,,,,,,,,,
,,,,,,,,,,,,,,,,,,,,,,,,,,,,,,,
,,,,,,,,,,,,,,,,,,,,,,,,,,,,,,,
,,,,,,,,,,,,,,,,,,,,,,,,,,,,,,,
,,,,,,,,,,,,,,,,,,,,,,,,,,,,,,,
,,,,,,,,,,,,,,,,,,,,,,,,,,,,,,,
,,,,,,,,,,,,,,,,,,,,,,,,,,,,,,,
,,,,,,,,,,,,,,,,,,,,,,,,,,,,,,,
,,,,,,,,,,,,,,,,,,,,,,,,,,,,,,,
,,,,,,,,,,,,,,,,,,,,,,,,,,,,,,,
,,,,,,,,,,,,,,,,,,,,,,,,,,,,,,,
,,,,,,,,,,,,,,,,,,,,,,,,,,,,,,,
,,,,,,,,,,,,,,,,,,,,,,,,,,,,,,,
,,,,,,,,,,,,,,,,,,,,,,,,,,,,,,,
,,,,,,,,,,,,,,,,,,,,,,,,,,,,,,,
,,,,,,,,,,,,,,,,,,,,,,,,,,,,,,,
,,,,,,,,,,,,,,,,,,,,,,,,,,,,,,,
,,,,,,,,,,,,,,,,,,,,,,,,,,,,,,,
,,,,,,,,,,,,,,,,,,,,,,,,,,,,,,,
,,,,,,,,,,,,,,,,,,,,,,,,,,,,,,,
,,,,,,,,,,,,,,,,,,,,,,,,,,,,,,,
,,,,,,,,,,,,,,,,,,,,,,,,,,,,,,,
,,,,,,,,,,,,,,,,,,,,,,,,,,,,,,,
,,,,,,,,,,,,,,,,,,,,,,,,,,,,,,,
,,,,,,,,,,,,,,,,,,,,,,,,,,,,,,,
,,,,,,,,,,,,,,,,,,,,,,,,,,,,,,,
,,,,,,,,,,,,,,,,,,,,,,,,,,,,,,,
,,,,,,,,,,,,,,,,,,,,,,,,,,,,,,,
,,,,,,,,,,,,,,,,,,,,,,,,,,,,,,,
,,,,,,,,,,,,,,,,,,,,,,,,,,,,,,,
,,,,,,,,,,,,,,,,,,,,,,,,,,,,,,,
,,,,,,,,,,,,,,,,,,,,,,,,,,,,,,,
,,,,,,,,,,,,,,,,,,,,,,,,,,,,,,,
,,,,,,,,,,,,,,,,,,,,,,,,,,,,,,,
,,,,,,,,,,,,,,,,,,,,,,,,,,,,,,,
,,,,,,,,,,,,,,,,,,,,,,,,,,,,,,,
,,,,,,,,,,,,,,,,,,,,,,,,,,,,,,,
,,,,,,,,,,,,,,,,,,,,,,,,,,,,,,,
,,,,,,,,,,,,,,,,,,,,,,,,,,,,,,,
,,,,,,,,,,,,,,,,,,,,,,,,,,,,,,,
,,,,,,,,,,,,,,,,,,,,,,,,,,,,,,,
,,,,,,,,,,,,,,,,,,,,,,,,,,,,,,,
,,,,,,,,,,,,,,,,,,,,,,,,,,,,,,,
,,,,,,,,,,,,,,,,,,,,,,,,,,,,,,,
,,,,,,,,,,,,,,,,,,,,,,,,,,,,,,,
,,,,,,,,,,,,,,,,,,,,,,,,,,,,,,,
,,,,,,,,,,,,,,,,,,,,,,,,,,,,,,,
,,,,,,,,,,,,,,,,,,,,,,,,,,,,,,,
,,,,,,,,,,,,,,,,,,,,,,,,,,,,,,,
,,,,,,,,,,,,,,,,,,,,,,,,,,,,,,,
,,,,,,,,,,,,,,,,,,,,,,,,,,,,,,,
,,,,,,,,,,,,,,,,,,,,,,,,,,,,,,,
,,,,,,,,,,,,,,,,,,,,,,,,,,,,,,,
,,,,,,,,,,,,,,,,,,,,,,,,,,,,,,,
,,,,,,,,,,,,,,,,,,,,,,,,,,,,,,,
,,,,,,,,,,,,,,,,,,,,,,,,,,,,,,,
,,,,,,,,,,,,,,,,,,,,,,,,,,,,,,,
,,,,,,,,,,,,,,,,,,,,,,,,,,,,,,,
,,,,,,,,,,,,,,,,,,,,,,,,,,,,,,,
,,,,,,,,,,,,,,,,,,,,,,,,,,,,,,,
,,,,,,,,,,,,,,,,,,,,,,,,,,,,,,,
,,,,,,,,,,,,,,,,,,,,,,,,,,,,,,,
,,,,,,,,,,,,,,,,,,,,,,,,,,,,,,,
,,,,,,,,,,,,,,,,,,,,,,,,,,,,,,,
,,,,,,,,,,,,,,,,,,,,,,,,,,,,,,,
,,,,,,,,,,,,,,,,,,,,,,,,,,,,,,,
,,,,,,,,,,,,,,,,,,,,,,,,,,,,,,,
,,,,,,,,,,,,,,,,,,,,,,,,,,,,,,,
,,,,,,,,,,,,,,,,,,,,,,,,,,,,,,,
,,,,,,,,,,,,,,,,,,,,,,,,,,,,,,,
,,,,,,,,,,,,,,,,,,,,,,,,,,,,,,,
,,,,,,,,,,,,,,,,,,,,,,,,,,,,,,,
,,,,,,,,,,,,,,,,,,,,,,,,,,,,,,,
,,,,,,,,,,,,,,,,,,,,,,,,,,,,,,,
,,,,,,,,,,,,,,,,,,,,,,,,,,,,,,,
,,,,,,,,,,,,,,,,,,,,,,,,,,,,,,,
,,,,,,,,,,,,,,,,,,,,,,,,,,,,,,,
,,,,,,,,,,,,,,,,,,,,,,,,,,,,,,,
,,,,,,,,,,,,,,,,,,,,,,,,,,,,,,,
,,,,,,,,,,,,,,,,,,,,,,,,,,,,,,,
,,,,,,,,,,,,,,,,,,,,,,,,,,,,,,,
,,,,,,,,,,,,,,,,,,,,,,,,,,,,,,,
,,,,,,,,,,,,,,,,,,,,,,,,,,,,,,,
,,,,,,,,,,,,,,,,,,,,,,,,,,,,,,,
,,,,,,,,,,,,,,,,,,,,,,,,,,,,,,,
,,,,,,,,,,,,,,,,,,,,,,,,,,,,,,,
,,,,,,,,,,,,,,,,,,,,,,,,,,,,,,,
,,,,,,,,,,,,,,,,,,,,,,,,,,,,,,,
,,,,,,,,,,,,,,,,,,,,,,,,,,,,,,,
,,,,,,,,,,,,,,,,,,,,,,,,,,,,,,,
,,,,,,,,,,,,,,,,,,,,,,,,,,,,,,,
,,,,,,,,,,,,,,,,,,,,,,,,,,,,,,,
,,,,,,,,,,,,,,,,,,,,,,,,,,,,,,,
,,,,,,,,,,,,,,,,,,,,,,,,,,,,,,,
,,,,,,,,,,,,,,,,,,,,,,,,,,,,,,,
,,,,,,,,,,,,,,,,,,,,,,,,,,,,,,,
,,,,,,,,,,,,,,,,,,,,,,,,,,,,,,,
,,,,,,,,,,,,,,,,,,,,,,,,,,,,,,,
,,,,,,,,,,,,,,,,,,,,,,,,,,,,,,,
,,,,,,,,,,,,,,,,,,,,,,,,,,,,,,,
,,,,,,,,,,,,,,,,,,,,,,,,,,,,,,,
,,,,,,,,,,,,,,,,,,,,,,,,,,,,,,,
,,,,,,,,,,,,,,,,,,,,,,,,,,,,,,,
,,,,,,,,,,,,,,,,,,,,,,,,,,,,,,,
,,,,,,,,,,,,,,,,,,,,,,,,,,,,,,,
,,,,,,,,,,,,,,,,,,,,,,,,,,,,,,,
,,,,,,,,,,,,,,,,,,,,,,,,,,,,,,,
,,,,,,,,,,,,,,,,,,,,,,,,,,,,,,,
,,,,,,,,,,,,,,,,,,,,,,,,,,,,,,,
,,,,,,,,,,,,,,,,,,,,,,,,,,,,,,,
,,,,,,,,,,,,,,,,,,,,,,,,,,,,,,,
,,,,,,,,,,,,,,,,,,,,,,,,,,,,,,,
,,,,,,,,,,,,,,,,,,,,,,,,,,,,,,,
,,,,,,,,,,,,,,,,,,,,,,,,,,,,,,,
,,,,,,,,,,,,,,,,,,,,,,,,,,,,,,,
,,,,,,,,,,,,,,,,,,,,,,,,,,,,,,,
,,,,,,,,,,,,,,,,,,,,,,,,,,,,,,,
,,,,,,,,,,,,,,,,,,,,,,,,,,,,,,,
,,,,,,,,,,,,,,,,,,,,,,,,,,,,,,,
,,,,,,,,,,,,,,,,,,,,,,,,,,,,,,,
,,,,,,,,,,,,,,,,,,,,,,,,,,,,,,,
,,,,,,,,,,,,,,,,,,,,,,,,,,,,,,,
,,,,,,,,,,,,,,,,,,,,,,,,,,,,,,,
,,,,,,,,,,,,,,,,,,,,,,,,,,,,,,,
,,,,,,,,,,,,,,,,,,,,,,,,,,,,,,,
,,,,,,,,,,,,,,,,,,,,,,,,,,,,,,,
,,,,,,,,,,,,,,,,,,,,,,,,,,,,,,,
,,,,,,,,,,,,,,,,,,,,,,,,,,,,,,,
,,,,,,,,,,,,,,,,,,,,,,,,,,,,,,,
,,,,,,,,,,,,,,,,,,,,,,,,,,,,,,,
,,,,,,,,,,,,,,,,,,,,,,,,,,,,,,,
,,,,,,,,,,,,,,,,,,,,,,,,,,,,,,,
,,,,,,,,,,,,,,,,,,,,,,,,,,,,,,,
,,,,,,,,,,,,,,,,,,,,,,,,,,,,,,,
,,,,,,,,,,,,,,,,,,,,,,,,,,,,,,,
,,,,,,,,,,,,,,,,,,,,,,,,,,,,,,,
,,,,,,,,,,,,,,,,,,,,,,,,,,,,,,,
,,,,,,,,,,,,,,,,,,,,,,,,,,,,,,,
,,,,,,,,,,,,,,,,,,,,,,,,,,,,,,,
,,,,,,,,,,,,,,,,,,,,,,,,,,,,,,,
,,,,,,,,,,,,,,,,,,,,,,,,,,,,,,,
,,,,,,,,,,,,,,,,,,,,,,,,,,,,,,,
,,,,,,,,,,,,,,,,,,,,,,,,,,,,,,,
,,,,,,,,,,,,,,,,,,,,,,,,,,,,,,,
,,,,,,,,,,,,,,,,,,,,,,,,,,,,,,,
,,,,,,,,,,,,,,,,,,,,,,,,,,,,,,,
,,,,,,,,,,,,,,,,,,,,,,,,,,,,,,,
,,,,,,,,,,,,,,,,,,,,,,,,,,,,,,,
,,,,,,,,,,,,,,,,,,,,,,,,,,,,,,,
,,,,,,,,,,,,,,,,,,,,,,,,,,,,,,,
,,,,,,,,,,,,,,,,,,,,,,,,,,,,,,,
,,,,,,,,,,,,,,,,,,,,,,,,,,,,,,,
,,,,,,,,,,,,,,,,,,,,,,,,,,,,,,,
,,,,,,,,,,,,,,,,,,,,,,,,,,,,,,,
,,,,,,,,,,,,,,,,,,,,,,,,,,,,,,,
,,,,,,,,,,,,,,,,,,,,,,,,,,,,,,,
,,,,,,,,,,,,,,,,,,,,,,,,,,,,,,,
,,,,,,,,,,,,,,,,,,,,,,,,,,,,,,,
,,,,,,,,,,,,,,,,,,,,,,,,,,,,,,,
,,,,,,,,,,,,,,,,,,,,,,,,,,,,,,,
,,,,,,,,,,,,,,,,,,,,,,,,,,,,,,,
,,,,,,,,,,,,,,,,,,,,,,,,,,,,,,,
,,,,,,,,,,,,,,,,,,,,,,,,,,,,,,,
,,,,,,,,,,,,,,,,,,,,,,,,,,,,,,,
,,,,,,,,,,,,,,,,,,,,,,,,,,,,,,,
,,,,,,,,,,,,,,,,,,,,,,,,,,,,,,,
,,,,,,,,,,,,,,,,,,,,,,,,,,,,,,,
,,,,,,,,,,,,,,,,,,,,,,,,,,,,,,,
,,,,,,,,,,,,,,,,,,,,,,,,,,,,,,,
,,,,,,,,,,,,,,,,,,,,,,,,,,,,,,,
,,,,,,,,,,,,,,,,,,,,,,,,,,,,,,,
,,,,,,,,,,,,,,,,,,,,,,,,,,,,,,,
,,,,,,,,,,,,,,,,,,,,,,,,,,,,,,,
,,,,,,,,,,,,,,,,,,,,,,,,,,,,,,,
,,,,,,,,,,,,,,,,,,,,,,,,,,,,,,,
,,,,,,,,,,,,,,,,,,,,,,,,,,,,,,,
,,,,,,,,,,,,,,,,,,,,,,,,,,,,,,,
,,,,,,,,,,,,,,,,,,,,,,,,,,,,,,,
,,,,,,,,,,,,,,,,,,,,,,,,,,,,,,,
,,,,,,,,,,,,,,,,,,,,,,,,,,,,,,,
,,,,,,,,,,,,,,,,,,,,,,,,,,,,,,,
,,,,,,,,,,,,,,,,,,,,,,,,,,,,,,,
,,,,,,,,,,,,,,,,,,,,,,,,,,,,,,,
,,,,,,,,,,,,,,,,,,,,,,,,,,,,,,,
,,,,,,,,,,,,,,,,,,,,,,,,,,,,,,,
,,,,,,,,,,,,,,,,,,,,,,,,,,,,,,,
,,,,,,,,,,,,,,,,,,,,,,,,,,,,,,,
,,,,,,,,,,,,,,,,,,,,,,,,,,,,,,,
,,,,,,,,,,,,,,,,,,,,,,,,,,,,,,,
,,,,,,,,,,,,,,,,,,,,,,,,,,,,,,,
,,,,,,,,,,,,,,,,,,,,,,,,,,,,,,,
,,,,,,,,,,,,,,,,,,,,,,,,,,,,,,,
,,,,,,,,,,,,,,,,,,,,,,,,,,,,,,,
,,,,,,,,,,,,,,,,,,,,,,,,,,,,,,,
,,,,,,,,,,,,,,,,,,,,,,,,,,,,,,,
,,,,,,,,,,,,,,,,,,,,,,,,,,,,,,,
,,,,,,,,,,,,,,,,,,,,,,,,,,,,,,,
,,,,,,,,,,,,,,,,,,,,,,,,,,,,,,,
,,,,,,,,,,,,,,,,,,,,,,,,,,,,,,,
,,,,,,,,,,,,,,,,,,,,,,,,,,,,,,,
,,,,,,,,,,,,,,,,,,,,,,,,,,,,,,,
,,,,,,,,,,,,,,,,,,,,,,,,,,,,,,,
,,,,,,,,,,,,,,,,,,,,,,,,,,,,,,,
,,,,,,,,,,,,,,,,,,,,,,,,,,,,,,,
,,,,,,,,,,,,,,,,,,,,,,,,,,,,,,,
,,,,,,,,,,,,,,,,,,,,,,,,,,,,,,,
,,,,,,,,,,,,,,,,,,,,,,,,,,,,,,,
,,,,,,,,,,,,,,,,,,,,,,,,,,,,,,,
,,,,,,,,,,,,,,,,,,,,,,,,,,,,,,,
,,,,,,,,,,,,,,,,,,,,,,,,,,,,,,,
,,,,,,,,,,,,,,,,,,,,,,,,,,,,,,,
,,,,,,,,,,,,,,,,,,,,,,,,,,,,,,,
,,,,,,,,,,,,,,,,,,,,,,,,,,,,,,,
,,,,,,,,,,,,,,,,,,,,,,,,,,,,,,,
,,,,,,,,,,,,,,,,,,,,,,,,,,,,,,,
,,,,,,,,,,,,,,,,,,,,,,,,,,,,,,,
,,,,,,,,,,,,,,,,,,,,,,,,,,,,,,,
,,,,,,,,,,,,,,,,,,,,,,,,,,,,,,,
,,,,,,,,,,,,,,,,,,,,,,,,,,,,,,,
,,,,,,,,,,,,,,,,,,,,,,,,,,,,,,,
,,,,,,,,,,,,,,,,,,,,,,,,,,,,,,,
,,,,,,,,,,,,,,,,,,,,,,,,,,,,,,,
,,,,,,,,,,,,,,,,,,,,,,,,,,,,,,,
,,,,,,,,,,,,,,,,,,,,,,,,,,,,,,,
,,,,,,,,,,,,,,,,,,,,,,,,,,,,,,,
,,,,,,,,,,,,,,,,,,,,,,,,,,,,,,,
,,,,,,,,,,,,,,,,,,,,,,,,,,,,,,,
,,,,,,,,,,,,,,,,,,,,,,,,,,,,,,,
,,,,,,,,,,,,,,,,,,,,,,,,,,,,,,,
,,,,,,,,,,,,,,,,,,,,,,,,,,,,,,,
,,,,,,,,,,,,,,,,,,,,,,,,,,,,,,,
,,,,,,,,,,,,,,,,,,,,,,,,,,,,,,,
,,,,,,,,,,,,,,,,,,,,,,,,,,,,,,,
,,,,,,,,,,,,,,,,,,,,,,,,,,,,,,,
,,,,,,,,,,,,,,,,,,,,,,,,,,,,,,,
,,,,,,,,,,,,,,,,,,,,,,,,,,,,,,,
,,,,,,,,,,,,,,,,,,,,,,,,,,,,,,,
,,,,,,,,,,,,,,,,,,,,,,,,,,,,,,,
,,,,,,,,,,,,,,,,,,,,,,,,,,,,,,,
,,,,,,,,,,,,,,,,,,,,,,,,,,,,,,,
,,,,,,,,,,,,,,,,,,,,,,,,,,,,,,,
,,,,,,,,,,,,,,,,,,,,,,,,,,,,,,,
,,,,,,,,,,,,,,,,,,,,,,,,,,,,,,,
,,,,,,,,,,,,,,,,,,,,,,,,,,,,,,,
,,,,,,,,,,,,,,,,,,,,,,,,,,,,,,,
,,,,,,,,,,,,,,,,,,,,,,,,,,,,,,,
,,,,,,,,,,,,,,,,,,,,,,,,,,,,,,,
,,,,,,,,,,,,,,,,,,,,,,,,,,,,,,,
,,,,,,,,,,,,,,,,,,,,,,,,,,,,,,,
,,,,,,,,,,,,,,,,,,,,,,,,,,,,,,,
,,,,,,,,,,,,,,,,,,,,,,,,,,,,,,,
,,,,,,,,,,,,,,,,,,,,,,,,,,,,,,,
,,,,,,,,,,,,,,,,,,,,,,,,,,,,,,,
,,,,,,,,,,,,,,,,,,,,,,,,,,,,,,,
,,,,,,,,,,,,,,,,,,,,,,,,,,,,,,,
,,,,,,,,,,,,,,,,,,,,,,,,,,,,,,,
,,,,,,,,,,,,,,,,,,,,,,,,,,,,,,,
,,,,,,,,,,,,,,,,,,,,,,,,,,,,,,,
,,,,,,,,,,,,,,,,,,,,,,,,,,,,,,,
STREAMING,Event Streams,Level 1,A,"A formal error handling policy is documented. We have a defined (even if manual) process to detect, inspect, and manage failed messages.","**For example:** when do I retry, or send to DLT and skip? We can also have different policies based on what we do with the topic",New,#0-ES00-AFEHPIDW-3db547a7,TRUE,FALSE,FALSE,FALSE,FALSE,FALSE,FALSE,,,,,,,,,,,,,,,,,
STREAMING,Event Streams,Level 2,A,Our defined error handling policy is consistently applied & implemented on every topics and queues.,"**Why:** Consistency ensures that no ""silent failures"" occur in production. Every topic or queue, regardless of perceived importance, follows the same safety patterns to prevent data loss.",New,#1-ES00-ODEHPICA-f8c3899c,TRUE,FALSE,FALSE,FALSE,FALSE,FALSE,FALSE,,,,,,,,,,,,,,,,,
STREAMING,Event Streams,Level 3,A,"Our defined error handling policy is monitored. This includes mechanisms like automated alerting for failure thresholds, and (where appropriate) automated redrive/replay capabilities","**Why:** The process is robust, efficient, and scalable, freeing up the team to solve new problems instead of managing old ones",New,#2-ES00-ODEHPIMT-3b7df757,TRUE,FALSE,FALSE,FALSE,FALSE,FALSE,FALSE,,,,,,,,,,,,,,,,,
STREAMING,Event Streams,Level 4,A,Lessons learned from the analysis of invalid messages are used proactively to improve system robustness and prevent errors upstream.,"**How:** Regular post-mortems on Dead Letter Topics or Queue (DLT or DLQ) to identify schema mismatches or logic errors, feeding these back into upstream validation or contract tests.",New,#3-ES00-LLFTAOIM-011dd41f,TRUE,FALSE,FALSE,FALSE,FALSE,FALSE,FALSE,,,,,,,,,,,,,,,,,
STREAMING,Event Streams,Level 1,B,"Consumers are designed to be idempotent. They can safely process the exact same message multiple times without creating duplicate records, sending multiple emails, or causing other side effects","**Why:** This handles ""at-least-once"" delivery. If you can't handle a simple network-hiccup duplicate, you have no business attempting a full replay.",New,#0-ES00-CADTBITC-cae03c33,TRUE,FALSE,FALSE,FALSE,FALSE,FALSE,FALSE,,,,,,,,,,,,,,,,,
STREAMING,Event Streams,Level 2,B,"A formalized process exists to capture and re-process individual failed messages. This process is documented, validated and shared","**Why:** This proves you can recover from individual poison pills or transient errors without stopping the whole line. It's a controlled, small-scale replay.",New,#1-ES00-AFPETCAR-ee8b1d95,TRUE,FALSE,FALSE,FALSE,FALSE,FALSE,FALSE,,,,,,,,,,,,,,,,,
STREAMING,Event Streams,Level 3,B,"The platform supports re-processing large windows of historical events. This is achieved via mechanisms like resetting consumer offsets (e.g., in Kafka), re-publishing from a persistent event store, or querying a time-stamped data lake. This capability is documented, shared, and tested","**Why:** This is the goal. You can rebuild an entire service's state from scratch, onboard a new analytics system, or recover from a catastrophic bug that corrupted data for hours.",New,#2-ES00-TPSRLWOH-0c218a6a,TRUE,FALSE,FALSE,FALSE,FALSE,FALSE,FALSE,,,,,,,,,,,,,,,,,
STREAMING,Event Streams,Level 1,C,"Topics and queues are given unique, descriptive names that reflect their purpose",**Why:**  This is the bare minimum. You're not using default names (queue-1) or temporary names (john_doe_test).,New,#0-ES00-TAQAGUDN-431c3c19,TRUE,FALSE,FALSE,FALSE,FALSE,FALSE,FALSE,,,,,,,,,,,,,,,,,
STREAMING,Event Streams,Level 2,C,"A formal naming convention is documented, shared, and actively socialized. New topics and queues are expected to follow it","**Why:** You've moved from individual good intentions to a shared, agreed-upon standard. This brings consistency and makes the platform discoverable

[Example of topic naming convention](https://framework.eu.member.decathlon.net/streaming/03-convention/topics/ )",New,#1-ES00-AFNCIDSA-a02b4b6f,TRUE,FALSE,FALSE,FALSE,FALSE,FALSE,FALSE,,,,,,,,,,,,,,,,,
STREAMING,Event Streams,Level 3,C,"The naming convention is applied universally and compliance is enforced automatically (e.g., resource-creation policies, or scripts).","**Why:** This is true maturity. The ""right way"" is the only way. It's impossible to create a non-compliant resource, and there's likely a plan to remediate old, non-compliant ones.",New,#2-ES00-TNCIAUAC-4e386072,TRUE,FALSE,FALSE,FALSE,FALSE,FALSE,FALSE,,,,,,,,,,,,,,,,,
STREAMING,Event Streams,Level 1,D,A data retention policy is defined and documented for our topics/queues,**WHY**: To prevent infinite data growth and ensure predictable storage consumption by automatically deleting old messages.,New,#0-ES00-ADRPIDAD-9aefb6d0,TRUE,FALSE,FALSE,FALSE,FALSE,FALSE,FALSE,,,,,,,,,,,,,,,,,
STREAMING,Event Streams,Level 2,D,Our retention policy is purpose-driven. We apply different lifecycle strategies based on the data's specific use case.,"**Warning :** Non available for queueing
**Why:** To optimize storage efficiency by keeping only the latest state for specific keys (compaction) while saving space
**How:** Log compaction keeps only the latest message per key in each partition. Each message must have a key so messages with the same key go to the same partition.",New,#1-ES00-ORPIPWAD-af746079,TRUE,FALSE,FALSE,FALSE,FALSE,FALSE,FALSE,,,,,,,,,,,,,,,,,
STREAMING,Event Streams,Level 3,D,Storage strategies are implemented and optimized in alignment with the standard company decision matrix,"**Why:** To balance cost and performance by moving older data to cheaper storage tiers while respecting strict business retention constraints.

Link 1 : [Kafka cluster creation decision matrix](https://decathlon.atlassian.net/wiki/spaces/TO/pages/1643381012/STRAT+Kafka+cluster+creation+decision+matrix)
Link 2 : [Kafka Tiered Storage](https://decathlon.atlassian.net/wiki/spaces/TO/pages/1667072080/GUIDE+Kafka+Tiered+Storage)",New,#2-ES00-SSAIAOIA-aff21ddb,TRUE,FALSE,FALSE,FALSE,FALSE,FALSE,FALSE,,,,,,,,,,,,,,,,,
STREAMING,Event Streams,Level 1,E,"To mitigate high-volume or high-latency scenarios, we employ specific configurations to handle them.",**Why:** To ensure low latency and system stability by preventing oversized payloads from degrading network performance or exceeding broker limits.,New,#0-ES00-WMPSAABO-763919df,TRUE,FALSE,FALSE,FALSE,FALSE,FALSE,FALSE,,,,,,,,,,,,,,,,,
STREAMING,Event Streams,Level 2,E,"Payload size is optimized based on my needs. I use Avro and compression (e.g., ZSTD, Gzip, Snappy) when relevant. ",**Why:** It's a good practice to save network and broker disk space.,New,#1-ES00-PSIOBOMN-e58aa589,TRUE,FALSE,FALSE,FALSE,FALSE,FALSE,FALSE,,,,,,,,,,,,,,,,,
STREAMING,Event Streams,Level 3,E,"We benchmark and tune optimization parameters (e.g., compression level vs. CPU cost, batch.size vs. linger.ms) to meet specific business SLAs.","**Why:** To find the right balance between throughput, latency, and infrastructure cost to meet specific business SLAs.",New,#2-ES00-WBATOPEC-1c84804e,TRUE,FALSE,FALSE,FALSE,FALSE,FALSE,FALSE,,,,,,,,,,,,,,,,,
STREAMING,Event Streams,Level 4,E,Message metadata structure (headers) is compliant to CloudEvents as specified in Decathlon standards (see link in the doc),"**Why:** To enable consistent communication and interoperability across distributed services, CloudEvents standardizes event metadata in event-driven architectures.

This allows any consumer to route or filter any messages whatever the producer without parsing the body.

**See:**  
[CloudEvents](https://decathlon.atlassian.net/wiki/spaces/TO/pages/1652918834/GUIDE+CloudEvents+for+Kafka)",New,#3-ES00-MMSHICTC-1049fa61,TRUE,FALSE,FALSE,FALSE,FALSE,FALSE,FALSE,,,,,,,,,,,,,,,,,
STREAMING,Infrastructure,Level 2,A,"Topic sizing is intentionally determined by documented needs, considering parallelism and scaling requirements","**Why:** To ensure optimal partition distribution, preventing bottlenecks during peak loads while maintaining the integrity of message ordering through balanced parallelism.

Link 1 : [how to choose the right number of kafka partitions and consumers](https://dev-aditya.medium.com/how-to-choose-the-right-number-of-kafka-partitions-and-consumers-4b2a4caaf8ae)
Link 2 : [kafka visualisation](https://softwaremill.com/kafka-visualisation/)",New,#1-I000-TSIIDBDN-f0dfa980,TRUE,FALSE,FALSE,FALSE,FALSE,FALSE,FALSE,,,,,,,,,,,,,,,,,
STREAMING,Infrastructure,Level 3,A,Our hosting strategy (Mutualized vs. Dedicated) is a deliberate architectural decision driven by specific isolation and cost requirements.,"**Why:**  We avoid arbitrary choices. We use shared clusters to optimize costs for standard needs, and dedicated clusters only when isolation or specific performance guarantees are required.",New,#2-I000-OHSMVDIA-b154a19a,TRUE,FALSE,FALSE,FALSE,FALSE,FALSE,FALSE,,,,,,,,,,,,,,,,,
STREAMING,Infrastructure,Level 4,A,"We adapt the infrastructure topology (Storage & Compute) to specific workload requirements, rather than applying a static, one-size-fits-all configuration.","**Examples:**  Leveraging Tiered Storage for long retention, or Diskless topics for high-throughput proxying.
**Doc :** 
[Kafka Tiered Storage](https://decathlon.atlassian.net/wiki/spaces/TO/pages/1667072080/GUIDE+Kafka+Tiered+Storage)
",New,#3-I000-WATITSCT-3dc12f04,TRUE,FALSE,FALSE,FALSE,FALSE,FALSE,FALSE,,,,,,,,,,,,,,,,,
STREAMING,Infrastructure,Level 5,A,"Our infrastructure scaling is decoupled from data volume, allowing us to optimize costs and capacity dynamically","**How:** By using Tiered Storage or diskless architectures, we break the link between ""adding storage"" and ""adding brokers."" This allows us to apply our cost/value strategy effectively",New,#4-I000-OISIDFDV-04f490f6,TRUE,FALSE,FALSE,FALSE,FALSE,FALSE,FALSE,,,,,,,,,,,,,,,,,
STREAMING,Observability,Level 1,A,"We are able to manually inspect the health of our product by checking both application (logs, message lag) and infrastructure (CPU, memory) metrics","**How:** Use internal dashboards (e.g., Datadog) or UI tools (e.g., Kafbat) to view current lag and resource usage. ",New,#0-O000-WAATMITH-65500de2,TRUE,FALSE,FALSE,FALSE,FALSE,FALSE,FALSE,,,,,,,,,,,,,,,,,
STREAMING,Observability,Level 2,A,"All relevant application and infrastructure monitoring data (logs, metrics) is centralized in one or more dedicated tools",**Why:** Having logs and metrics in one place allows for correlation between a spike in CPU and a specific error log. ,New,#1-O000-ARAAIMDL-54e7e8a2,TRUE,FALSE,FALSE,FALSE,FALSE,FALSE,FALSE,,,,,,,,,,,,,,,,,
STREAMING,Observability,Level 3,A,"Automated alerts are defined and implemented for all essential product metrics (e.g., consumer lag, error rates, resource saturation).",**Advice :** Lag alerts should be coupled with resource saturation metrics (CPU/Memory) to distinguish between consumer slowness and broker issues.,New,#2-O000-AAADAIFA-eb18eeaa,TRUE,FALSE,FALSE,FALSE,FALSE,FALSE,FALSE,,,,,,,,,,,,,,,,,
STREAMING,Observability,Level 4,A,We use distributed tracing to track message flows across services.,"**Why:** To identify exactly which service is blocking the flow, rather than just seeing a lag spike.",New,#3-O000-WUDTTTMF-43ef9b6e,TRUE,FALSE,FALSE,FALSE,FALSE,FALSE,FALSE,,,,,,,,,,,,,,,,,
STREAMING,Observability,Level 5,A,"Monitoring is fully documented, dashboards are shared, and alerts are actively reviewed and tuned. The whole team uses this data to debug, plan capacity, and improve performance.","**Action:** At least one ""Alerting Reviews"" per quater to audit and tune alerting based on post-mortems and on-call history to eliminate noise and ensure all alerts are actionable.",New,#4-O000-MIFDDASA-651e1999,TRUE,FALSE,FALSE,FALSE,FALSE,FALSE,FALSE,,,,,,,,,,,,,,,,,
STREAMING,Observability,Level 5,B,"You measure and manage an event based SLO (freshness, correctness, coverage...)","### Expected 
* There's an SLO that measure the reliability of the Data processing user journey you're in.

### Why
* Measuring the lag, or a completion time for a single function is good. But we want to measure the real impact for the user in the end.

### How ?
Guidelines will come during the year, from the SIG Reliability. In the meantime, explore some leads to do it the best way you can

### Example
* For an order management process, you measure the % of orders that went from starting to ending point in less than xx minutes
* For a price update process, you measure the % of price changes applied in less than xx minutes. From the change in the referential, until it's available in your last system (In Store till, or Ecommerce catalog)",New,#4-O000-YMAMAEBS-b3a9acb8,TRUE,FALSE,FALSE,FALSE,FALSE,FALSE,FALSE,Reliability,,,,,,,,,,,,,,,,
STREAMING,Security,Level 1,A,Access control (ACL) is in place and is managed ( at least manual ),"**Why:** To establish a baseline of security and ensure that only authorized service can access critical / sensitive resources.
**Minimum:** Every publisher and subscriber has a dedicated access with specific Read or Write rights to its required topics / queues.",New,#0-S000-ACAIIPAI-0276972f,TRUE,FALSE,FALSE,FALSE,FALSE,FALSE,FALSE,,,,,,,,,,,,,,,,,
STREAMING,Security,Level 2,A,"Access requests are based on granular, policy-based control","**Why:** To enforce the ""Principle of Least Privilege,"" ensuring users have the exact permissions needed for their specific ressources, reducing the attack surface.
**How:** Give access only for specific topic/queue instead of giving access to a large pattern",New,#1-S000-ARABOGPC-c6d411f3,TRUE,FALSE,FALSE,FALSE,FALSE,FALSE,FALSE,,,,,,,,,,,,,,,,,
STREAMING,Security,Level 3,A,"Access control (ACL) is centralized and managed (creation, update and rotation)","**Why:** To ensure that only authorized services remain able to access critical/sensitive resources
**How:** At least one ""ACL Reviews"" per quarter to audit and tune access to identify and manage ""shadow access"" in order to keep consistency, making it easier to audit and revoke permissions.",New,#2-S000-ACAICAMC-0008cd4b,TRUE,FALSE,FALSE,FALSE,FALSE,FALSE,FALSE,,,,,,,,,,,,,,,,,
STREAMING,Security,Level 4,A,"Access management is automated and handled to ensure traceability, reproducibility and security","**Why:** To ensure the credentials confidentiality and their rotation 
**How:** Use internal secret manager (e.g., gcp secret manager, vault), and rotate credentials regularly, duration depending of the resources criticality ",New,#3-S000-AMAIAAHT-7e80e2ce,TRUE,FALSE,FALSE,FALSE,FALSE,FALSE,FALSE,,,,,,,,,,,,,,,,,